tree
version=v4
num_class=1
num_tree_per_iteration=1
label_index=0
max_feature_idx=18
objective=binary sigmoid:1
feature_names=word_cos char_cos n_key_legs f_exact f_addr f_pin f_bidir f_word f_char name_tsr addr_tsr name_ratio house_eq house_conflict name_ntok_s1 name_ntok_g addr_ntok_g g_best_ratio g_rank
feature_infos=[0:1.0000001192092896] [0:1.0000001192092896] [0:3] [0:1] [0:1] [0:1] [0:1] [0:1] [0:1] [0:1] [0.068181820213794708:1] [0:1] [0:1] [0:1] [1:16] [1:16] [2:38] [0:1] [1:1485]
tree_sizes=6846 6859 6909 6936 6933 6943 6930 6947 6981 6965 7018 6986 6996 7004 7012 7014 7033 7014 7031 7032 7033 7024 7035 7015 7034 7001 7042 7033 7057 7031 7030 7049 7022 7049 7050 7048 7029 7051 7008 7036 7061 7073 7043 7068 7042 7064 7076 7059 7063 7042 7079 7066 7117 7095 7032 7109 7070 7088 7076 7073 7088 7078 7087 7074 7063 7103 7076 7034 7078 7018 7080 7112 7048 7044 7132 7107 7074 7051 7124 7036 7123 7052 7028 7074 7094 7059 7084 6997 7075 7122 7021 7045 7062

Tree=0
num_leaves=63
num_cat=0
split_feature=0 13 1 1 0 11 13 11 8 17 11 15 15 0 11 12 11 16 13 17 15 15 11 17 15 17 17 9 8 12 1 17 9 2 1 13 17 18 12 11 1 16 17 15 12 0 17 17 1 0 11 1 1 11 11 15 11 15 1 9 1 9
split_gain=5.40121e+06 440348 309905 219378 212781 266063 110194 52709.9 36066.3 35088.6 29985.4 27198.5 24418.4 22830.4 83490.3 57690.8 21078 20798.8 19701.5 16095.8 14519.1 14304.4 13395.4 12355.8 12252.9 12169.9 11867.5 11446.9 11149.9 24612.3 10671.8 10434.7 8955.03 8920.21 8788.2 9441.89 8301.42 7253.55 19664.3 126763 24450.7 16347 7127.55 7033.61 6264.03 6091.12 5889.54 5638.84 5592.58 5233.04 5210.29 4711 5429.91 4425.43 4275.55 4197.28 4010.48 5004.84 3673.91 3579.2 3493.46 3425.96
threshold=0.67949557304382335 1.0000000180025095e-35 0.021542506292462352 0.96483230590820324 0.55393069982528698 0.69860392808914196 1.0000000180025095e-35 0.6569296419620515 1.0000000180025095e-35 0.99999865889549266 0.94665718078613292 2.5000000000000004 1.5000000000000002 0.46983370184898382 0.74849396944046032 1.0000000180025095e-35 0.90443575382232677 8.5000000000000018 1.0000000180025095e-35 0.99999865889549266 2.5000000000000004 1.5000000000000002 0.52704679965972911 0.97900259494781505 4.5000000000000009 0.99999865889549266 0.99999865889549266 0.60922586917877208 1.0000000180025095e-35 1.0000000180025095e-35 0.65528607368469249 0.99588334560394298 0.7320508360862733 1.0000000180025095e-35 0.030159704387187961 1.0000000180025095e-35 0.99999865889549266 1.5000000000000002 1.0000000180025095e-35 0.72438782453536998 0.56793004274368297 9.5000000000000018 0.99999865889549266 2.5000000000000004 1.0000000180025095e-35 0.86439567804336559 0.99999865889549266 0.99999865889549266 0.98542153835296642 0.38060231506824499 0.91393297910690319 0.51642224192619335 0.98542153835296642 0.75716623663902294 0.83424910902977001 2.5000000000000004 0.49770641326904302 2.5000000000000004 0.28347317874431616 0.81872946023941051 0.34867879748344427 0.88493067026138317
decision_type=2 2 2 2 2 2 2 2 2 2 2 2 2 2 2 2 2 2 2 2 2 2 2 2 2 2 2 2 2 2 2 2 2 2 2 2 2 2 2 2 2 2 2 2 2 2 2 2 2 2 2 2 2 2 2 2 2 2 2 2 2 2
left_child=4 2 7 9 13 8 19 12 21 -3 20 22 46 37 28 25 24 -18 -10 -7 -8 26 -11 -17 27 -16 -6 -13 -15 -30 53 -4 56 -33 -23 42 -9 38 -1 40 -40 -41 -36 -27 -28 -32 -2 -22 -5 -43 60 54 -53 59 -49 -42 -14 -58 -55 -29 -45 -47
right_child=1 3 31 48 5 6 10 36 18 11 -12 16 32 14 15 23 17 -19 -20 -21 47 34 -24 -25 -26 43 44 30 29 -31 45 33 -34 -35 35 -37 -38 -39 39 41 55 49 -44 50 -46 61 -48 51 -50 -51 -52 52 -54 58 -56 -57 57 -59 -60 -61 -62 -63
leaf_value=-3.5177109486276699 -3.3514064636243948 -3.5149529325204165 -3.0078608816830359 -1.7791724772734498 -3.4746228903219416 -3.2515016860284671 -1.4843290486625118 -3.1890019505328899 -1.2308125470296725 -2.7720374540059343 -1.389063076394387 -3.254992639701352 -3.4350657352775635 -3.5030842202334309 -3.5096476568569077 -3.346447524328219 -2.7323276618900372 -1.2160412237646669 -2.8952889031625806 -1.0787532420992574 -3.5118860191129713 -3.5061795586744773 -1.2196876704442992 -1.1197954415543285 -3.0352242206368265 -1.6774038954345571 -3.0341652816524785 -2.6509011180989632 -3.3060671907031414 -1.3084418103650624 -2.9354610437139517 -1.1405723603971891 -1.6069901925841017 -0.89911510135038819 -3.457620744674355 -3.3369243169222549 -1.1452209076206374 -3.5356485228617323 -3.4880460411754148 -1.4502955856245956 -1.4724075798634537 -3.1085062933355432 -1.9461582565437412 -2.3629879273428447 -1.6485483151961808 -2.8656724776104534 -1.4377980328775446 -2.6784603722743192 -0.89376211736234179 -1.7582760455233157 -2.3568074415585114 -3.034108085084597 -1.721621835422962 -1.440250525528318 -1.6756607677073738 -2.7303133084396212 -1.2108036058730534 -3.0638339333928086 -2.2017366224392525 -2.0674064149398559 -3.1410547115084126 -2.1642068587135332
leaf_weight=38748.907046383247 12.126429900526999 283.36613399907947 15.901078423485158 49.813471846282482 71.539992084726691 22.766777705401182 48.386833034455776 14.058336624875663 69.578363718464971 48.475997960194945 107.53290044143796 145.69548865780234 360.96934103406966 6382.0390030648559 190.33739481121302 17.714098580181599 110.47534299083054 121.65068035013974 131.57770874910057 525.21113424561918 89.105482455343008 2847.6602333318442 133.68794532492757 160.11048498563468 619.04235776513815 36.498176269233227 31.237445650622249 155.71168198250234 276.79765113629401 46.038823323324323 345.21687082014978 1277.7333858422935 20.9834791906178 4191.1378910858184 28.532776236534119 249.39429729245603 133.53933711536229 224066.43542504869 3866.8153345305473 230.69938452914357 41.788628529757261 64.169024890288711 66.517034601420164 43.779978537932038 62.980159213766456 65.149839073419571 68.092281622812152 120.69958780892193 547.11598433554173 25.73894189670682 104.26351983100176 397.91334193199873 21.250973967835307 71.034724172204733 35.130980741232634 28.592219520360231 10.045914966613052 130.59689456596971 94.485099641606212 118.47046466544271 236.10872335731983 140.99946923553944
leaf_count=1303727 408 9534 535 1676 2407 766 1628 473 2341 1631 3618 4902 12145 214727 6404 596 3717 4093 4427 17671 2998 95811 4498 5387 20828 1228 1051 5239 9313 1549 11615 42990 706 141013 960 8391 4493 7538831 130101 7762 1406 2159 2238 1473 2119 2192 2291 4061 18408 866 3508 13388 715 2390 1182 962 338 4394 3179 3986 7944 4744
internal_value=-3.4536 -1.55543 -1.1701 -2.34307 -3.51666 -2.99558 -2.04735 -2.69488 -3.36006 -2.67772 -2.6343 -2.56839 -3.02665 -3.52601 -3.38829 -2.60977 -2.65412 -1.93768 -2.31956 -1.16902 -2.82223 -3.42239 -1.63279 -1.3416 -2.74884 -2.97887 -2.69779 -2.59289 -3.47988 -3.02119 -2.49555 -0.961479 -3.22614 -0.955529 -3.46001 -3.07835 -1.33989 -3.52987 -3.49978 -3.33659 -3.46115 -1.80691 -2.39988 -2.7387 -2.10794 -2.72998 -1.72707 -2.91971 -0.967649 -2.72196 -2.83953 -2.82795 -2.96757 -2.20159 -2.45239 -1.98343 -3.29387 -2.93147 -1.87494 -2.39878 -3.01935 -2.38589
internal_weight=288779 9285.58 6235.18 3050.39 279494 4927.02 1368 750.412 3559.02 2453.46 820.02 2170.1 602.814 274567 7493.69 788.812 1987.93 232.126 201.156 547.978 712.487 3357.86 182.164 177.825 1755.81 610.988 165.758 1136.76 6704.88 322.836 991.068 5484.77 522.596 5468.87 3192.1 344.444 147.598 267073 43006.7 4257.8 3937.2 320.607 95.0498 420.65 94.2176 551.366 80.2187 664.1 596.929 89.908 384.152 574.995 419.164 439.702 155.831 70.3808 501.612 140.643 165.52 274.182 279.889 206.149
internal_count=9716133 312418 209786 102632 9403715 165772 46027 25248 119745 82548 27590 73014 20282 9237943 252129 26540 66885 7810 6768 18437 23972 112977 6129 5983 59075 20557 5577 38247 225589 10862 33345 184538 17583 184003 107400 11589 4966 8985814 1446983 143256 132469 10787 3198 14153 3170 18551 2699 22344 20084 3025 12925 19346 14103 14794 5243 2368 16877 4732 5569 9225 9417 6936
is_linear=0
shrinkage=1


Tree=1
num_leaves=63
num_cat=0
split_feature=0 17 10 17 10 11 17 10 11 13 8 11 15 12 0 15 11 11 10 10 15 15 11 12 15 0 11 0 13 17 11 11 11 0 9 11 9 14 15 10 10 9 9 0 9 10 15 11 15 9 11 2 11 17 14 15 11 3 11 13 15 15
split_gain=798015 56204.5 36707.7 31157.5 8893.93 48475.2 10351.4 8143.26 12280.7 9744.01 6794.29 6241.72 13726.7 13308.9 8379.85 7581.32 5119.25 4621.35 4105.87 3480.96 3941.71 3024.19 3009.52 2811.57 5857.13 9778.69 5801.34 3703.34 2470.32 2469.22 2087.9 1879.44 1821.34 1620.12 2786.89 1506.8 1469.21 1466.08 1568.07 1465.63 1353.49 1340.55 1189.81 1145.56 3466.78 4513.84 1110.62 1136.56 1082.77 1513.15 1012.41 964.431 914.086 904.15 874.338 3287.98 1346.15 1002.09 897.911 2610.3 1496.75 871.66
threshold=0.53794318437576305 0.99999865889549266 0.96568545699119579 0.99999865889549266 0.83886700868606578 0.68020617961883556 0.91021323204040538 0.97845596075057995 0.5108746886253358 1.0000000180025095e-35 1.0000000180025095e-35 0.5108746886253358 1.5000000000000002 1.0000000180025095e-35 0.46983370184898382 2.5000000000000004 0.92718276381492626 0.75147059559822094 0.61151760816574108 0.99802371859550487 4.5000000000000009 4.5000000000000009 0.91715687513351452 1.0000000180025095e-35 2.5000000000000004 0.46983370184898382 0.87570226192474376 0.46983370184898382 1.0000000180025095e-35 0.99588334560394298 0.76253134012222301 0.90443575382232677 0.73375529050827037 0.82525211572647106 0.78830558061599743 0.91715687513351452 0.67041197419166576 4.5000000000000009 5.5000000000000009 0.97845596075057995 0.97845596075057995 0.91715687513351452 0.62575301527977001 0.44403189420700079 0.90366768836975109 0.64654055237770092 2.5000000000000004 0.39052425324916845 2.5000000000000004 0.93643951416015636 0.74849396944046032 1.0000000180025095e-35 0.74115687608718883 0.99164968729019176 3.5000000000000004 3.5000000000000004 0.87570226192474376 1.0000000180025095e-35 0.81530213356018078 1.0000000180025095e-35 3.5000000000000004 2.5000000000000004
decision_type=2 2 2 2 2 2 2 2 2 2 2 2 2 2 2 2 2 2 2 2 2 2 2 2 2 2 2 2 2 2 2 2 2 2 2 2 2 2 2 2 2 2 2 2 2 2 2 2 2 2 2 2 2 2 2 2 2 2 2 2 2 2
left_child=2 -2 4 32 43 10 -7 8 42 51 -6 12 -5 14 15 -13 19 -17 -10 33 30 41 37 24 25 -8 28 35 -26 -12 61 36 -4 34 -11 -28 -22 -23 -39 -16 -19 -20 -3 -1 -45 -46 47 -14 -36 -50 -41 -9 -15 -47 55 -43 57 -57 59 -56 -61 -21
right_child=1 7 3 11 5 6 23 9 18 16 29 13 46 52 39 17 -18 40 21 20 31 22 -24 -25 26 -27 27 -29 -30 -31 -32 -33 -34 -35 48 -37 -38 38 -40 50 -42 54 -44 44 45 53 -48 -49 49 -51 -52 -53 -54 -55 58 56 -58 -59 -60 60 -62 -63
leaf_value=-0.080574102817508403 -0.067107895460976882 -0.025042958927558489 -0.065906738235980381 1.4089883417841114 -0.073513360971949354 -0.039026861019862469 2.1739565888913037 0.31234679689602152 -0.0040152585293125476 0.2370073323367807 -0.059754284427043676 2.6684728486208833 0.11466538443575934 0.56770284493361145 0.36197768395366697 0.5184200496091913 0.30937904838778207 1.2153051652482738 0.2370353270982746 0.55729618907518896 0.40024203470802683 0.10080152257281841 0.28143046353614704 0.37906862339406977 1.4120912993805732 0.47869563651921032 0.98664107896148212 0.62277423516863895 0.26052705313408819 0.54605081715045201 0.46899072492000232 0.3891699118209867 1.1070901934622324 0.27487320418759953 0.41625391009364349 1.9110947431864003 1.3620845129454597 0.29534666319587316 0.094380442081351268 1.5514141523091483 2.5338896345247166 0.29206602059110209 0.18443073651755593 -0.069977113774513197 -0.030589215660287192 -0.014977042983285969 -0.055044304931352921 0.84671115182214107 0.547875821735198 0.99507812926881378 0.80570031470049019 0.27597576104828492 0.38105766757443349 0.41731261854893226 0.29601206805790126 0.014357609615692933 0.25380450334143317 0.25050886993169319 0.29131009298031191 0.40698607069052273 0.75919026538585344 0.81989564736007836
leaf_weight=231969.89503283426 3318.5661822650582 1190.3903052657843 1313.7768655754626 52.825086701661348 14543.071072947234 321.24858336523175 37.937751498073339 5819.0344272702932 398.79188237339258 165.34200394526124 59.463107462972403 34.782024551182985 53.58291370049119 241.25319397449493 44.218945447355509 30.892481982707977 1318.8104514107108 7.8910144194960603 5356.0543960258365 132.50953034684062 11.742541063576935 1746.438575040549 1672.1510098949075 946.10103706270456 12.408954931423066 51.119125651195645 19.68172100186348 83.103476043790579 303.93193005211651 156.09801223501563 592.90973031893373 20.957603268325329 8.526808323338626 391.61745045334101 87.076484754681587 26.446403361856937 75.597518254071474 663.18565853685141 397.37199482694268 14.051620457321404 13.51546086743474 4435.5482286959887 203.15747879445553 4726.7479042019695 524.15886826440692 35.310180252417922 262.44334335252643 18.178728960454464 104.23186034336686 90.438732203096151 68.222201555967331 23546.563074186444 552.55797945335507 251.6298305708915 840.0129508972168 522.07073432952166 387.00215227156878 147.49234507232904 5224.177151158452 169.78409441187978 141.64557227492332 207.70284736528993
leaf_count=8388724 112313 34038 47439 1699 524287 11598 1357 35290 5026 3167 2120 1243 1886 3715 942 1104 6987 282 51393 1292 314 23226 9674 6798 363 471 704 1275 9239 2807 4339 133 282 4531 571 946 1579 6591 5276 471 483 26765 2722 162817 13205 1216 9198 400 1332 1475 812 123087 3457 3461 4349 6339 3488 1171 29004 1289 1861 3323
internal_value=-0.0115175 0.252791 -0.0726355 0.219872 -0.0757633 -0.019079 0.372627 0.271728 0.235832 0.297626 -0.066905 0.483698 0.21063 0.588609 1.1492 1.75316 0.430214 1.14442 0.250355 0.514973 0.612661 0.255029 0.196469 0.461936 0.608582 1.20087 0.490201 0.941837 0.305699 0.378938 0.559638 1.06952 -0.0583427 0.393675 0.497737 1.51665 1.23277 0.145856 0.220048 0.733424 2.04782 0.270258 0.00549503 -0.0797157 -0.0437568 0.109044 0.0212152 0.300108 0.650746 0.755634 0.933061 0.283183 0.437782 0.364116 0.285251 0.261855 0.135029 0.0663774 0.305405 0.369354 0.567177 0.717616
internal_weight=316163 59378.4 256785 2716.72 254068 16560.6 1801.98 56059.8 23495.3 32564.5 14758.6 1394.41 387.03 1007.38 213.574 87.081 3198.94 52.299 22101.7 1880.13 1041.42 21702.9 4479.15 1480.73 534.629 89.0569 445.572 129.232 316.341 215.561 933.122 108.298 1322.3 838.707 447.089 46.1281 87.3401 2807 1060.56 126.493 21.4065 17223.8 1393.55 237508 5537.85 811.099 334.205 71.7616 281.747 194.671 82.2738 29365.6 793.811 286.94 11867.7 5492.11 1056.57 669.563 6375.62 1151.44 311.43 340.212
internal_count=9716746 511945 9204801 73413 9131388 561965 32751 399632 212212 187420 529214 25692 13183 12509 5337 3112 29043 1869 175452 22056 10980 170426 44767 21153 14355 1828 12527 2925 9602 4927 8954 2026 47721 11076 6545 1650 1893 35093 11867 2225 765 125659 36760 8569423 180699 17882 11484 2286 3378 2807 1283 158377 7172 4677 74266 37763 10998 7510 36503 7499 3150 4615
is_linear=0
shrinkage=0.08


Tree=2
num_leaves=63
num_cat=0
split_feature=0 17 10 1 11 15 10 11 1 10 15 11 17 10 13 11 1 15 1 10 16 10 14 15 17 15 17 6 11 10 17 0 12 11 10 17 15 1 12 17 15 0 11 10 17 16 14 2 11 8 12 0 0 11 13 14 0 1 0 11 8 11
split_gain=630026 43974.2 24336 18236 6029.14 6766.81 5789.45 25291.8 5022.43 3836.85 3464.92 3463.02 3024.23 2755.91 2493.38 2412.28 2206.58 2121.98 2064.98 1773.09 1653.13 2308.35 1560.17 1066.86 1042.54 1008.97 933.472 889.762 4466.1 7587.87 1229.99 1452.23 1963.2 1608.36 1138.03 866.49 829.112 814.702 1817.47 1950.48 800.058 789.353 688.961 1565.8 1449.73 673.323 636.463 1056.08 560.81 575.841 2316.12 471.824 452.301 518.009 524.411 952.34 446.004 438.728 429.395 560.497 582.048 423.933
threshold=0.52508750557899486 0.99999865889549266 0.94757977128028881 0.034521980211138732 0.5108746886253358 2.5000000000000004 0.82865032553672802 0.7065996825695039 0.51391416788101207 0.62169164419174205 1.5000000000000002 0.68208554387092601 0.85245567560195934 0.97845596075057995 1.0000000180025095e-35 0.86582550406456005 0.98542153835296642 4.5000000000000009 0.056923368945717819 0.95263025164604198 8.5000000000000018 0.99802371859550487 4.5000000000000009 2.5000000000000004 0.85245567560195934 2.5000000000000004 0.99999865889549266 1.0000000180025095e-35 0.85540068149566661 0.62871870398521434 0.98331823945045482 0.46983370184898382 1.0000000180025095e-35 0.91715687513351452 0.69705626368522655 0.83224776387214672 5.5000000000000009 0.056923368945717819 1.0000000180025095e-35 0.99164968729019176 3.5000000000000004 0.86439567804336559 0.68020617961883556 0.70845237374305736 0.99999865889549266 10.500000000000002 2.5000000000000004 1.0000000180025095e-35 0.72255688905715953 1.0000000180025095e-35 1.0000000180025095e-35 0.67949557304382335 0.67949557304382335 0.69860392808914196 1.0000000180025095e-35 3.5000000000000004 0.67949557304382335 0.069412618875503554 0.67949557304382335 0.69860392808914196 1.0000000180025095e-35 0.55625879764556896
decision_type=2 2 2 2 2 2 2 2 2 2 2 2 2 2 2 2 2 2 2 2 2 2 2 2 2 2 2 2 2 2 2 2 2 2 2 2 2 2 2 2 2 2 2 2 2 2 2 2 2 2 2 2 2 2 2 2 2 2 2 2 2 2
left_child=2 -2 6 10 5 19 27 8 37 -6 24 -12 -9 15 58 17 20 25 41 -3 23 -22 57 -16 -4 52 -10 -1 42 -30 -31 32 33 40 -35 -5 -24 -8 -39 -40 -32 -7 -29 -44 -45 -46 47 -27 49 50 -37 -17 53 54 -11 -56 -23 -19 59 60 -15 -52
right_child=1 4 3 35 9 18 7 12 26 13 11 -13 -14 14 16 51 -18 22 -20 -21 21 56 36 -25 -26 46 -28 28 29 30 31 -33 -34 34 -36 48 -38 38 39 -41 -42 -43 43 44 45 -47 -48 -49 -50 -51 61 -53 -54 -55 55 -57 -58 -59 -60 -61 -62 -63
leaf_value=-0.081311281262640436 -0.067159708076860267 0.050903092688352657 -0.025387201038337977 -0.030526980873908954 -0.0013926491823673282 -0.063203667632774546 -0.077486383092230104 -0.048348647205073945 -0.034122015622409643 0.32941026623080999 -0.066539731049459261 0.3322093140364214 0.27830875736866229 0.47823825972479617 0.29784959716608272 0.26370558201478683 0.22423041449166189 -0.060465726396539854 0.1440158102279061 0.26633825402871319 0.1974606279793569 0.49364820080854899 0.2439413827278149 0.550062562789712 0.3731976529026636 0.040200807620866363 0.37619797924065923 -0.07888327443165398 -0.040776887127909174 -0.046035546032059317 1.2278042928754354 0.29131730758588903 0.38329481139900656 0.73098742391414573 1.766730888648175 0.27597120363752592 0.076825420304974662 -0.036545418986623959 -0.0025079531511347135 0.76602826822028325 0.37248562216593101 0.35561284900951379 -0.063705641939683977 -0.060981071631124539 0.2900861766162357 -0.0083411646900022705 0.19214675854155508 0.22267385295320363 0.30027477753174231 0.34804418766091721 0.68205889493661243 0.22339863970429011 0.2244360031943361 0.25611997327264069 0.31521989935566819 0.98118210822356466 0.35776893973777868 0.078790926772732778 0.23049280705223166 0.24879520653898493 0.27503116950172485 1.1825581200285555
leaf_weight=197785.01976754703 3636.68954494223 296.86816499009728 54.919389018788934 44.458833320066333 477.1739922054112 1192.0114925540984 13188.053908210248 202.98741935007274 43.564786564558744 122.30057816952467 2349.5454485267401 148.18242937326431 1704.6819052565843 150.05764436349273 153.46618053689599 2265.3376050777733 1542.1894709765911 162.23927498050034 471.50075795874 1385.9954217430204 713.64469524100423 179.28823713585734 658.75213793665171 357.10566159710288 178.50452592968941 475.57174680382013 191.30820166133344 16755.878728946671 813.21775376237929 33.183143062517047 9.6469402275979501 147.99050481617451 80.594231115654111 10.425333239138128 19.467045014724135 73.560931086540222 267.01607350260019 636.38371941633523 45.109093675389886 39.765561422333121 25.500731609761715 29.513820884749293 2202.8222955148667 210.84993241168559 204.44797824695706 63.389025144279003 7076.7489273697138 354.15945398434997 1240.971910784021 301.00182225368917 17.189492914825678 10353.449022449553 1484.1444891020656 377.96677765250206 29.405652511864901 25.800643108785152 1122.7670809179544 1346.3754777349532 29117.785986863077 1816.3948872387409 226.19474228844047 29.280675942078233
leaf_count=7725748 131579 6924 2115 1596 6373 37144 509821 7658 1547 733 87271 1887 16550 2011 806 15115 6745 3751 4540 11437 7160 1554 5623 3198 2648 5452 2306 648517 27161 1277 346 1205 543 378 680 1646 3542 23437 1735 1129 928 540 78944 8172 4228 2090 59459 2230 7716 2018 432 53230 7032 1992 597 456 7116 16270 131248 8572 1120 633
internal_value=-0.0116244 0.203471 -0.072742 0.112854 0.218793 0.11473 -0.0762554 -0.0298848 -0.0667638 0.224566 -0.0153369 -0.0428832 0.24355 0.226352 0.240719 0.20602 0.299636 0.180931 0.00180715 0.228334 0.345669 0.313099 0.113985 0.474253 0.27942 0.197316 0.300091 -0.0796641 -0.063832 0.0900616 0.415635 0.46781 0.647158 0.974123 1.4055 0.318019 0.195741 -0.0729585 0.00983213 0.357567 0.607244 -0.0530845 -0.072858 -0.0352083 0.095931 0.219457 0.184375 0.118087 0.327343 0.407125 0.555281 0.230635 0.247483 0.309063 0.421795 0.626457 0.376479 0.063815 0.233064 0.267204 0.356075 0.997422
internal_weight=306720 67867.9 238852 4437.62 64231.2 3375.89 234414 16051.9 14144.2 60855.3 2731.15 2497.73 1907.67 60378.2 35378.9 24999.3 4068.46 12380.5 1693.03 1682.86 2526.27 2015.7 2434.38 510.572 233.424 9946.1 234.873 218362 20577.4 1140.03 326.808 293.625 145.634 65.0401 29.8924 1706.46 925.768 13909.3 721.258 84.8747 35.1477 1221.53 19437.4 2681.51 478.687 267.837 7906.48 829.731 1662 421.033 120.031 12618.8 2039.62 555.474 177.507 55.2063 1302.06 1508.61 31310.4 2192.65 376.252 46.4702
internal_count=9715911 543549 9172362 107962 411970 60585 9064400 564183 539975 351385 93921 89158 24208 345012 169530 175482 26579 107137 42224 18361 19834 15830 29186 4004 4763 77951 3853 8500217 774469 32518 5357 4080 2875 2332 1058 14041 9165 536122 26301 2864 1274 37684 741951 93434 14490 6318 67141 7682 12445 4729 2711 68345 10810 3778 1786 1053 8670 20021 142951 11703 3131 1065
is_linear=0
shrinkage=0.08


Tree=3
num_leaves=63
num_cat=0
split_feature=0 17 10 1 10 11 10 11 1 15 11 17 10 11 15 14 15 9 14 14 13 15 13 1 17 1 17 13 17 6 11 10 17 9 15 9 9 13 9 14 3 9 14 15 17 2 17 13 1 16 3 9 11 11 10 15 11 9 2 14 9 10
split_gain=517637 32206 21928.4 16379.2 4647.02 19674.9 4610.34 6938.19 3232.23 2633.31 2952.77 2556.26 2416.1 2303.55 1956.19 2130.52 1644.66 1608.37 1344.67 1193.62 1128.03 831.778 828.288 800.987 772.615 752.043 1320.85 1212.58 733.887 707.053 2961.7 4002.13 1014.05 681.821 655.774 609.612 603.119 1803.43 529.222 1043.9 1074.2 557.28 782.286 1399.59 501.719 479.942 453.94 421.669 601.225 404.329 362.313 449.602 415.657 359.526 432.963 355.816 746.108 492.709 408.521 348.9 340.517 1048.33
threshold=0.52508750557899486 0.99999865889549266 0.93557819724082958 0.039196547120809562 0.80739644169807445 0.71209660172462474 0.98369517922401439 0.49770641326904302 0.58890721201896679 1.5000000000000002 0.68020617961883556 0.9297890067100526 0.56916823983192455 0.86582550406456005 3.5000000000000004 3.5000000000000004 4.5000000000000009 0.93127065896987926 4.5000000000000009 4.5000000000000009 1.0000000180025095e-35 1.5000000000000002 1.0000000180025095e-35 0.98542153835296642 0.74802270531654369 0.044796863570809371 0.99999865889549266 1.0000000180025095e-35 0.88969922065734874 1.0000000180025095e-35 0.80735492706298839 0.6062217950820924 0.99999865889549266 0.62575301527977001 5.5000000000000009 0.78611558675766002 0.94166260957717907 1.0000000180025095e-35 0.91331183910369884 2.5000000000000004 1.0000000180025095e-35 0.51668518781661998 3.5000000000000004 2.5000000000000004 0.79621154069900524 1.0000000180025095e-35 0.99164968729019176 1.0000000180025095e-35 0.76111364364624035 12.500000000000002 1.0000000180025095e-35 0.99350652098655712 0.83910790085792553 0.8263767957687379 0.83886700868606578 4.5000000000000009 0.92403846979141246 0.92422503232955944 1.0000000180025095e-35 4.5000000000000009 0.77015757560729992 0.98369517922401439
decision_type=2 2 2 2 2 2 2 2 2 2 2 2 2 2 2 2 2 2 2 2 2 2 2 2 2 2 2 2 2 2 2 2 2 2 2 2 2 2 2 2 2 2 2 2 2 2 2 2 2 2 2 2 2 2 2 2 2 2 2 2 2 2
left_child=2 60 4 9 29 8 7 21 25 28 -11 -7 -9 14 38 45 17 19 35 -17 -8 -3 -19 -22 -5 -6 -27 -28 -4 -1 -31 -32 -33 -23 36 -18 -20 -38 41 40 -40 -14 -43 -44 -12 -16 -10 -41 -49 -34 51 52 -37 -13 -55 -15 57 59 -59 -57 -2 -62
right_child=1 6 3 24 5 11 20 12 46 10 44 53 13 55 15 16 18 22 34 -21 23 33 -24 -25 -26 26 27 -29 -30 30 31 32 49 -35 -36 50 37 -39 39 47 -42 42 43 -45 -46 -47 -48 48 -50 -51 -52 -53 -54 54 -56 56 -58 58 -60 -61 61 -63
leaf_value=-0.081207009072776754 -0.072979198999502878 0.13764017233298023 -0.015091053884867428 -0.049288655321723537 -0.077873259704222528 -0.036502453283419035 0.20030427275264351 -0.033215616031816095 -0.034003084997742121 -0.068219433299277446 -0.044469792032616799 0.18182335354220033 0.25803618167252085 0.20266779091757287 0.013581682641901937 0.15930037692444257 -0.059384586540228934 0.21535036596622648 0.15703663915762187 -0.0560675423573486 0.27182784556803674 -0.052735650332116565 0.37024203143694168 0.19397831113235098 0.2527826396531816 -0.070263704687097889 0.36465588629720758 0.02873887522896772 0.25592402211947196 -0.075069361144651334 -0.053440041844358722 -0.050013433018218263 0.26379965215539902 0.11587610791625624 0.061489419380338937 0.07790077618282687 0.20958310941226657 0.83476245652929804 0.038258588185598581 0.20664255351299571 0.22424424943001886 0.17262761236063687 0.23075501213843722 -0.020228361750038972 0.28900465067196307 0.11161498021521031 0.28497374946935161 0.40019516178139192 0.24079841682123318 -0.055876533637221948 0.24802495162206195 0.0047560390439667045 0.26365313650819849 0.3885211860966522 0.23615203304315469 0.30315610523448511 0.19907973161722145 0.038507213040131945 0.16705537093837161 0.12424578710641075 -0.0087773163472117718 0.84106609053063086
leaf_weight=181336.88431373611 3166.3664534147829 224.94820525497198 85.85784624516964 55.520789321511984 13785.968182319775 271.69669854454696 33125.433455616236 363.32137567549944 33.724448621273041 3090.6413542293012 34.265210300683975 710.20070940814912 328.10806683637202 12002.509278103709 1090.5701339058578 3352.1129084341228 291.33690248429775 750.3138290643692 617.32863896712661 173.20669705979526 2566.5611832849681 1099.0878738705069 313.18344361707568 1261.6439467445016 2261.9301315099001 715.28250406682491 94.318614929914474 253.94327080622315 250.58202114515007 16473.094529084861 1120.2370605859905 86.147376617416739 479.20674706809223 178.40195585042238 314.12298695929348 486.21584598906338 178.784966558218 35.373206943273544 424.31911098398268 1841.0125833153725 373.87045530602336 1903.5052102021873 220.86464940570295 399.23031890206039 183.5382245965302 452.10909437201917 186.22534341178834 188.29721011407673 773.84007485583425 26.734461208805442 68.840277224779129 518.74289613962173 91.627893723547459 135.69222502969205 991.24454261362553 127.38774924352765 2143.4394156076014 485.73731197044253 234.6550163552165 154.20943234488368 238.73308045603335 9.6657889168709499
leaf_count=7652394 123705 2598 3371 2119 574378 10462 149719 5091 1251 123913 939 7773 2211 56784 12970 27091 5537 3268 4957 2371 16931 35703 2198 5225 15415 28977 1733 8490 3112 677982 40163 3413 5487 2167 3771 5356 766 473 3780 7878 2107 12944 1127 4295 1650 2698 1933 1391 4047 592 546 6287 735 1568 6449 848 9993 4888 1430 1131 7738 246
internal_value=-0.0116225 0.173931 -0.072097 0.0792562 -0.0762614 -0.0363357 0.185774 0.163646 -0.0683636 -0.0264721 -0.0481562 0.192532 0.171861 0.174317 0.1523 0.127621 0.145921 0.174733 0.0951177 0.148719 0.205056 -0.00421094 0.260964 0.246171 0.245546 -0.0728727 -0.00805469 0.119714 0.186762 -0.0796989 -0.0646605 0.0354761 0.203706 -0.029189 0.159965 0.0441217 0.197167 0.312846 0.185703 0.20609 0.125374 0.159957 0.147205 0.0691666 0.236542 0.0423121 0.236066 0.229073 0.271994 0.246908 0.0699965 0.0588205 0.107355 0.226404 0.254499 0.196391 0.17244 0.115453 0.0803795 0.20518 -0.0659034 0.0242921
internal_weight=295232 72569 222663 5962.34 216701 17178.3 69154.3 32200.6 15069.5 3644.88 3308.44 2108.83 30698.2 30334.9 15186.9 8733.87 7191.19 4588.82 2602.37 3525.32 36953.6 1502.44 1063.5 3828.21 2317.45 14849.5 1063.54 348.262 336.44 199522 18185.4 1712.33 592.089 1277.49 1145.61 1456.76 831.487 214.158 6453.05 3601.34 798.19 2851.71 2523.6 620.095 217.803 1542.68 219.95 2803.15 962.137 505.941 1165.43 1096.59 577.844 1837.14 1126.94 15147.9 3145.43 1001.99 720.392 281.597 3414.77 248.399
internal_count=9716565 543001 9173564 150519 9023045 643014 411312 239437 616762 132985 126502 26252 198969 193878 118804 79024 63356 34928 28428 29462 171875 40468 5466 22156 17534 613578 39200 10223 6483 8380031 727637 49655 9492 37870 9967 18461 6196 1239 39780 19203 5887 20577 18366 5422 2589 15668 3184 13316 5438 6079 12924 12378 6091 15790 8017 75074 18290 8297 6318 1979 131689 7984
is_linear=0
shrinkage=0.08


Tree=4
num_leaves=63
num_cat=0
split_feature=0 18 10 18 10 11 18 10 11 11 15 11 8 15 14 15 9 15 9 18 14 14 11 10 13 9 9 12 10 15 15 2 6 11 10 15 11 9 13 9 3 11 14 13 11 10 18 16 15 8 9 14 3 9 14 15 10 15 11 10 18 12
split_gain=437759 24897.5 19656.8 12210.9 4643.08 18553.9 4109.12 3939.39 5522.11 2166.28 2115.09 2074.13 1837.11 1678.67 1569.8 1403.93 1315.76 1262.02 1134.99 1073.35 1011.87 866.007 722.42 696.799 632.586 625.125 621.09 1047.97 564.135 554.403 533.747 512.273 510.763 1927.8 2048.91 455.345 416.965 415.845 529.186 402.213 547.189 410.2 383.339 381.841 378.658 780.845 738.465 382.781 373.819 372.807 361.575 738.211 865.009 443.095 529.087 1026.18 360.027 390.932 352.903 775.137 347.842 327.94
threshold=0.52508750557899486 1.5000000000000002 0.93557819724082958 1.5000000000000002 0.77909308671951305 0.6789083480834962 1.5000000000000002 0.99802371859550487 0.54923507571220409 0.57735043764114391 2.5000000000000004 0.87895435094833385 1.0000000180025095e-35 3.5000000000000004 3.5000000000000004 4.5000000000000009 0.64051279425621044 2.5000000000000004 0.94166260957717907 1.5000000000000002 4.5000000000000009 4.5000000000000009 0.72255688905715953 0.52342718839645397 1.0000000180025095e-35 0.78611558675766002 0.96922346949577343 1.0000000180025095e-35 0.64654055237770092 2.5000000000000004 5.5000000000000009 1.0000000180025095e-35 1.0000000180025095e-35 0.86582550406456005 0.56916823983192455 4.5000000000000009 0.41728857159614569 0.95101961493492138 1.0000000180025095e-35 0.99350652098655712 1.0000000180025095e-35 0.83910790085792553 4.5000000000000009 1.0000000180025095e-35 0.68208554387092601 0.64654055237770092 1.5000000000000002 10.500000000000002 1.5000000000000002 1.0000000180025095e-35 0.92805382609367382 2.5000000000000004 1.0000000180025095e-35 0.53694936633110057 3.5000000000000004 2.5000000000000004 0.83886700868606578 2.5000000000000004 0.69631093740463268 0.97845596075057995 1.5000000000000002 1.0000000180025095e-35
decision_type=2 2 2 2 2 2 2 2 2 2 2 2 2 2 2 2 2 2 2 2 2 2 2 2 2 2 2 2 2 2 2 2 2 2 2 2 2 2 2 2 2 2 2 2 2 2 2 2 2 2 2 2 2 2 2 2 2 2 2 2 2 2
left_child=2 7 4 9 32 12 35 8 16 10 61 13 -6 28 31 18 17 36 21 29 25 -16 -5 -13 -9 -17 -8 -28 -10 -14 37 -15 -1 44 -35 56 48 -22 -39 41 -41 -27 -37 -20 -34 -46 47 -47 -2 -12 53 52 -52 -30 -55 -56 57 -7 -3 -60 -36 -4
right_child=1 58 3 22 5 6 26 24 11 -11 49 23 19 14 15 20 -18 -19 43 -21 30 -23 -24 -25 -26 39 27 -29 50 -31 -32 -33 33 34 60 42 -38 38 -40 40 -42 -43 -44 -45 45 46 -48 -49 -50 -51 51 -53 -54 54 55 -57 -58 -59 59 -61 -62 -63
leaf_value=-0.08113196652572971 0.11148357604534619 -0.072112948175185543 0.11109277973241116 -0.071597917705304867 -0.075700431864552234 0.44859144911119353 -0.050978137112998 0.17860091167667985 -0.0044896635610245546 0.20479859942516448 -0.051731745109279186 -0.030038904318895075 0.31278816178595942 0.013707574309546753 0.13893987890189496 -0.06589202156997287 0.12933872983279765 -0.05968212577304801 0.18700242485518931 -0.067908540576125082 0.13492345866423563 -0.046687349772257386 0.22006870602126319 0.17494495063161883 0.2169437435595733 0.072412007181678173 0.12644876431254901 1.421439687098061 0.22618488689784622 0.080134320479303217 0.056381175417372628 0.10746966436576061 -0.078935538265341651 -0.053680588376651517 0.2052048736845476 0.049625109938781824 0.19694169931085295 0.18369151225269256 0.43868902315008595 -0.001305048692767483 0.22547829734256752 0.20983125564917579 0.19400482961763715 0.28040898519028246 -0.068908266103490282 0.16929213566946774 -0.069350653219448166 -0.046507055231414678 -0.035791586107053124 0.33592142173309297 0.042144640100937422 0.1969601117846965 0.19445508612253737 0.15148867633425087 0.20538832635033955 -0.01431769062797751 0.1916791719943646 0.24039326668778269 -0.016369240322574623 0.48717005430039806 -0.038878918591631 0.24613170325412134
leaf_weight=165370.56724500097 242.44798709452152 2973.8455356154591 195.72917122207582 2448.4650735594332 16881.424787959084 70.299469130113721 632.79807588644326 32905.491917464882 127.58125525526702 2547.2528311908245 531.48689931631088 106.84511901438236 127.04135041683912 1176.855413896963 4104.9472425244749 277.86035721562803 578.05121278204024 1133.6933954358101 845.08848644047976 164.47033877857029 768.90407250076532 167.4086781963706 55.583401549607515 15912.710118189454 3005.2994420453906 576.34517865069211 32.264562118798494 4.5652912799268952 375.25119066424668 135.43429818190634 402.44110499322414 545.92713776603341 12255.770796846598 586.59985097870231 364.04430282860994 236.24022121727467 154.74418747797608 199.17210999876261 70.529682165011764 652.5445405729115 76.024899732321501 183.21431639790535 234.53822258673608 418.95615534111857 1795.6131441388279 239.94674142822623 222.62591045349836 67.377132717519999 202.36978250741959 16.366258133202791 481.97492324560881 3484.8518934138119 472.67139066755772 2217.857489284128 214.52537496387959 371.96220244653523 1510.2870278675109 322.56753208301961 217.33521641977131 21.501166258007288 41.640752775594592 279.37921097129583
leaf_count=7540965 2513 123753 3433 105745 755838 709 25360 143021 1605 16808 20632 1003 1346 13149 28957 4936 5313 35884 3508 7197 5644 2150 979 73175 14829 5925 895 102 1937 2543 4494 3166 549229 21647 3842 2991 1406 820 531 7614 503 1260 2176 2468 73059 4583 9805 2329 5739 157 4040 15342 2557 13464 966 3522 10661 4603 7507 473 1658 3170
internal_value=-0.0113754 0.153329 -0.0714742 0.0703151 -0.0757528 -0.0395248 0.142631 0.162992 0.1445 0.165308 0.0669734 0.152581 -0.0715556 0.134113 0.113218 0.12697 0.0248191 -0.0100388 0.151369 0.0923326 0.084851 0.131666 -0.0651237 0.173578 0.18181 0.0442585 -0.0323908 0.286971 0.162343 0.192742 0.134597 0.0434195 -0.0798276 -0.0659772 0.0419191 0.192 0.0838302 0.164904 0.250376 0.0648255 0.0223594 0.105559 0.121554 0.217961 -0.0733198 -0.0437246 0.0416046 0.121981 0.0444808 -0.0401512 0.165137 0.179886 0.117558 0.144544 0.13362 0.0660464 0.209426 0.277648 -0.0645989 0.0289617 0.180151 0.1905
internal_weight=283038 75667.2 207370 6074.26 201296 20351.9 3043.56 72454.5 36543.8 3570.21 1022.96 34232.5 17308.4 18212.9 10466.2 8743.44 2311.31 1733.26 5536.4 426.946 3207.04 4272.36 2504.05 16019.6 35910.8 1765.99 669.628 36.8299 7746.68 262.476 1441.05 1722.78 180944 15573.6 992.285 2373.93 599.562 1038.61 269.702 1488.13 728.569 759.559 470.778 1264.04 14581.3 2325.56 529.95 307.324 444.818 547.853 7619.09 4439.5 954.646 3179.6 2804.35 586.488 1903.15 392.867 3212.68 238.836 405.685 475.108
internal_count=9715636 543174 9172462 150924 9021538 814421 47497 411441 253591 44200 27392 202736 766924 128558 85125 68810 50855 45542 37083 11086 31727 31107 106724 74178 157850 20238 26357 997 43433 3889 11489 16315 8207117 666152 27147 21140 9658 6995 1351 15302 8117 7185 5167 5976 639005 89776 16717 6912 8252 20789 41828 21939 6597 19889 17952 4488 15973 5312 131733 7980 5500 6603
is_linear=0
shrinkage=0.08


Tree=5
num_leaves=63
num_cat=0
split_feature=10 18 6 9 10 11 15 10 1 13 11 9 9 15 16 10 9 16 10 17 15 11 15 14 9 17 13 12 4 16 9 14 1 3 11 11 11 1 15 14 11 10 17 16 13 9 11 15 10 11 16 12 11 10 15 1 15 16 14 10 10 16
split_gain=348657 62084.1 9543.59 17960.6 8583.01 6705.02 6038.59 2557.43 1867.33 1849.48 1659.45 1557.75 1396.71 1085.14 1054.21 1048.83 977.72 1233.34 1018.92 964.377 798.327 749.447 668.806 638.446 985.685 633.985 687.837 577.107 570.739 562.891 561.684 518.645 492.136 469.476 469.389 414.608 382.969 370.047 333.732 420.078 317.736 417.043 411.945 312.351 299.703 283.987 282.621 279.885 273.884 270.215 257.183 249.686 248.443 244.067 241.439 229.794 228.961 438.75 391.565 233.073 227.555 227.283
threshold=0.86847347021102916 1.5000000000000002 1.0000000180025095e-35 0.86706823110580455 0.62169164419174205 0.4654348492622376 1.5000000000000002 0.98369517922401439 0.93885505199432384 1.0000000180025095e-35 0.77836257219314586 0.58380150794982921 0.92805382609367382 3.5000000000000004 7.5000000000000009 0.68360891938209545 0.71516755223274242 7.5000000000000009 0.97845596075057995 0.92236593365669262 2.5000000000000004 0.7065996825695039 4.5000000000000009 2.5000000000000004 0.99350652098655712 0.73198950290679943 1.0000000180025095e-35 1.0000000180025095e-35 1.0000000180025095e-35 7.5000000000000009 0.48934240639209753 3.5000000000000004 0.025850439444184307 1.0000000180025095e-35 0.39767442643642431 0.89699381589889537 0.68020617961883556 0.69941651821136486 4.5000000000000009 4.5000000000000009 0.6474730670452119 0.72470417618751537 0.99999865889549266 12.500000000000002 1.0000000180025095e-35 0.99350652098655712 0.92718276381492626 2.5000000000000004 0.97845596075057995 0.81284341216087352 10.500000000000002 1.0000000180025095e-35 0.84409722685813915 0.99802371859550487 4.5000000000000009 0.98542153835296642 2.5000000000000004 8.5000000000000018 3.5000000000000004 0.97845596075057995 0.56916823983192455 8.5000000000000018
decision_type=2 2 2 2 2 2 2 2 2 2 2 2 2 2 2 2 2 2 2 2 2 2 2 2 2 2 2 2 2 2 2 2 2 2 2 2 2 2 2 2 2 2 2 2 2 2 2 2 2 2 2 2 2 2 2 2 2 2 2 2 2 2
left_child=2 5 -1 10 27 6 -2 8 9 14 28 20 21 23 -7 -12 36 18 -18 -6 34 -3 47 29 30 -23 -27 60 40 48 -25 52 -30 49 53 -24 -15 -29 39 45 -4 -42 -43 54 -9 -33 -40 -16 -11 -31 -44 -14 -19 -8 -21 -46 -26 59 -59 -58 -5 -55
right_child=1 12 3 4 19 7 11 44 -10 13 15 -13 51 16 22 -17 17 31 -20 43 -22 25 35 24 56 26 -28 37 32 33 -32 38 -34 -35 -36 -37 -38 -39 46 -41 41 42 50 -45 55 -47 -48 -49 -50 -51 -52 -53 -54 61 -56 -57 57 58 -60 -61 -62 -63
leaf_value=-0.080355067706893546 0.16502373345019539 -0.074893342284664932 -0.077709998831452437 -0.067748009841943901 -0.050817551806261581 0.18145195621543439 -0.046469428331541586 0.16328478110210448 0.16194270241768868 0.0047022265375502347 -0.054555210123005536 0.15661695033504475 0.23116472033926516 -0.028243609517247425 0.17435030823703865 0.14224608380773526 0.017989836399759755 0.016793010008370742 0.2625080919020864 0.17627381744715359 -0.074583498828157874 -0.057069416750815942 0.067802695174974031 0.27432820295315774 0.1992071853553346 0.424589472581824 0.042354909591108054 -0.033287896209989787 -0.036553792204082815 0.062040122429564012 0.1078846592144202 0.14860282562097568 0.18918139378250398 0.29668750962295976 0.18206287739768701 0.15652383348142812 0.092384296079421516 0.1869884895748011 0.082117538133302193 -0.048061739711015426 -0.071299181130319328 -0.068792343239179085 0.097927560106956885 0.061434758126364453 0.19659219173570477 0.25161275480400358 0.19189605067182347 0.13236569017489927 0.22297013852422826 0.18616280149104766 -0.023580819547163713 0.6172784923113982 0.13720830780346938 -0.011339865168130925 0.12843570014042338 0.15678827382234717 0.49256931144858423 0.33320446129629583 0.074742181770055802 0.25280415488216879 0.015055277243653454 0.15683509915661184
leaf_weight=159873.54648395814 1760.2579584475607 9362.9075503442436 15267.597006766126 1659.9996813628823 142.44921289198101 3280.0929237660021 305.54804516024888 34523.038040840998 11242.845791686326 483.71711253747344 315.04213896393776 267.79132890515029 31.425775935873389 713.63369924202561 1253.7557284738868 385.24156864732504 1636.6075214352459 432.39543088898063 116.85606868565083 3072.4355712421238 1750.4234413634986 138.13732780888677 1539.4070315081626 141.8370005544275 417.26476580835879 49.222183160483837 77.682165242731571 89.573609009385109 174.11789289861917 333.15724730677903 1523.8331410847604 1453.2259815018624 95.830523880198598 96.296028232201934 108.60081617720425 431.62084512412548 220.48229513503611 107.25067223608494 1034.7772961203009 64.06076736561954 1388.2190818451345 315.51146424375474 280.3872565291822 192.65554823353887 3232.2009142749012 194.17181764170527 175.55234678089619 5363.2264782786369 39.822083685547113 169.28808448836207 185.06629352457821 16.267190016806126 146.91828701645136 111.78977953083813 865.39049373939633 1302.2463019788265 76.484154358506203 75.003418661653996 75.05128126591444 39.270552963018417 243.57537077181041 95.254756322130561
leaf_count=7859020 12201 440711 719175 64769 6251 16310 11096 143033 47395 4401 11797 2538 694 20715 5283 4507 19046 5287 642 19259 66175 5031 8522 1389 1784 785 2041 1968 7538 2790 14658 10132 767 597 1541 1759 2808 705 13988 700 60372 14444 4366 2240 16932 924 779 26668 192 917 4435 197 1111 2046 7231 5241 612 417 497 187 7491 1388
internal_value=-0.0112527 0.121895 -0.0731948 -0.0269991 0.0887467 0.146125 0.0502578 0.151997 0.135517 0.121717 -0.0670754 -0.0262812 -0.0689988 0.0957258 0.142872 0.0537095 0.075645 0.089052 0.0342853 0.153837 -0.0469332 -0.071138 0.128136 0.131529 0.155246 0.0615225 0.190612 -0.0436687 -0.0718524 0.0818938 0.122058 0.116481 0.0435812 0.134873 0.0309809 0.0872311 0.000228569 0.086742 0.130191 0.152928 -0.0736395 -0.0449893 0.00177838 0.160895 0.165825 0.160744 0.0980404 0.140321 0.0213044 0.103861 0.0496153 0.362861 0.0473312 -0.00102817 0.165761 0.185161 0.236174 0.294205 0.203932 0.411227 -0.0571528 0.0660322
internal_weight=270557 85903.4 184654 24780.3 6373.33 76227.8 4399.67 71828.1 32770.7 21527.8 18407 2639.41 9675.64 9659.71 11868.1 700.284 6188.68 5254.57 1753.46 4272.93 2371.62 9627.95 8588.01 3471.02 2348.74 265.042 126.904 2100.4 17706.7 1122.28 1665.67 3501.1 269.948 598.741 621.193 1971.03 934.116 196.824 2921.79 1711.46 17436.8 2169.18 780.965 4130.48 39057.5 1647.4 1210.33 6616.98 523.539 502.445 465.454 47.693 579.314 512.593 3937.83 4534.45 683.074 265.809 150.055 115.755 1903.58 207.045
internal_count=9718495 922160 8796335 937315 109914 472701 96985 375716 210510 163115 827401 84784 449459 104573 58542 16304 76132 52609 19688 34981 82246 448568 42232 28441 19544 7857 2826 74933 811097 8897 16047 32921 8305 4304 16071 10281 23523 2673 26523 11756 802792 83617 23245 28730 165206 11056 14767 31951 4593 3707 8801 891 6398 14530 26490 22173 3497 1713 914 799 72260 3434
is_linear=0
shrinkage=0.08


Tree=6
num_leaves=63
num_cat=0
split_feature=0 17 10 1 10 11 11 1 15 17 18 10 11 9 16 13 15 12 15 1 15 16 10 13 16 10 15 17 11 15 9 9 16 14 10 3 11 11 14 13 0 9 11 10 11 9 15 9 10 17 0 10 16 11 11 10 0 9 16 14 15 14
split_gain=325780 18649 15394.1 18484 3699.57 4041.03 2022.85 2006.98 1808.59 1786.15 1603.19 5302.65 7643.08 1341.59 1192.99 1069.37 937.108 866.193 709.452 697.755 611.908 602.349 1442.42 600.621 590.529 584.325 562.069 515.53 502.703 1349.6 623.343 481.051 705.968 629.787 542.463 435.236 428.091 413.902 397.531 367.856 357.952 357.569 350.963 335.006 330.359 384.791 328.131 323.893 483.49 490.65 301.533 325.517 295.261 284.754 278.166 274.859 274.347 269.026 268.488 250.857 242.238 360.743
threshold=0.51370900869369518 0.99999865889549266 0.86847347021102916 0.039196547120809562 0.99802371859550487 0.57735043764114391 0.68020617961883556 0.93885505199432384 1.5000000000000002 0.76828601956367504 1.5000000000000002 0.68010151386260997 0.6474730670452119 0.68801230192184459 11.500000000000002 1.0000000180025095e-35 2.5000000000000004 1.0000000180025095e-35 3.5000000000000004 0.55649971961975109 2.5000000000000004 7.5000000000000009 0.97375312447547924 1.0000000180025095e-35 7.5000000000000009 0.58077901601791393 4.5000000000000009 0.80013051629066478 0.44920891523361212 2.5000000000000004 0.5604878067970277 0.92031747102737438 7.5000000000000009 2.5000000000000004 0.97845596075057995 1.0000000180025095e-35 0.87895435094833385 0.9064583182334901 3.5000000000000004 1.0000000180025095e-35 0.96347683668136608 0.7320508360862733 0.84409722685813915 0.97845596075057995 0.81872946023941051 0.57735043764114391 4.5000000000000009 0.78979855775833141 0.85341826081275951 0.78450658917427074 0.30163922905921942 0.83886700868606578 7.5000000000000009 0.86240702867507946 0.39052425324916845 0.91442927718162548 0.41021011769771581 0.51316699385643016 8.5000000000000018 2.5000000000000004 4.5000000000000009 4.5000000000000009
decision_type=2 2 2 2 2 2 2 2 2 2 2 2 2 2 2 2 2 2 2 2 2 2 2 2 2 2 2 2 2 2 2 2 2 2 2 2 2 2 2 2 2 2 2 2 2 2 2 2 2 2 2 2 2 2 2 2 2 2 2 2 2 2
left_child=2 47 10 6 5 13 8 15 17 -5 11 56 19 16 20 24 54 43 31 -13 50 22 -20 -11 -7 -9 -26 -8 29 -6 -31 32 34 35 -17 42 39 40 53 -22 -28 55 -33 -4 45 -34 -25 -2 -49 -50 51 -14 -37 -23 -3 -40 -1 -21 -51 -15 61 -43
right_child=1 4 3 9 28 7 27 25 -10 23 -12 12 14 59 -16 18 -18 -19 21 57 36 38 -24 46 26 -27 37 -29 -30 30 -32 33 44 -35 -36 52 -38 -39 41 -41 -42 60 -44 -45 -46 -47 -48 48 49 58 -52 -53 -54 -55 -56 -57 -58 -59 -60 -61 -62 -63
leaf_value=-0.078030167965611727 -0.071135864944749591 0.025568617332931063 -0.038625465324747858 -0.06151823231191781 0.14507435592214857 0.15178966014088313 -0.052766270416391536 0.00054886561882280371 -0.074540453550559979 0.18199703743855067 -0.081203532945062037 -0.06853717284644692 0.53025947355209513 0.019900150000523194 -0.026589557597185034 -0.021128384512941092 -0.047278780611790347 0.18827338609405117 0.0090413988582204122 0.38408391460806363 0.17529670024669269 0.0070629218511610468 0.21278014137946841 0.13657042043408757 0.12368769506577283 0.14807977988603979 0.039279077703660223 0.15685450105651924 0.15233245357661829 -0.072846655837803309 0.18481984224087866 -0.023646231002660768 0.23153003477864376 0.18496464015057218 0.24970260617961187 0.087102122336635335 0.20579523667480407 0.14730360354221228 -0.034179628434633659 0.068635418335188991 0.12757622610109914 0.13366455620907441 0.14271848853619357 0.14658237634451385 0.20108874518675898 0.075830922721549746 0.044992079599716607 -0.05609794803088413 -0.044398912043149184 0.57832184864395886 0.22068940136733531 0.20785464240599777 0.25727688987344022 0.13494317504249481 0.12523420663323007 0.081125392802883473 -0.03717034809534657 0.073541474840416066 0.19614597412643164 0.12994315641466525 0.083049268151174888 -0.053044447341467474
leaf_weight=22590.152961453423 2987.293415799737 475.18788751401007 339.78213795647025 254.86624032445252 1427.944438483566 3351.4759342614561 95.809596169739962 174.00510126724839 7798.701506415382 2469.0832468569279 136730.69065591693 3009.8481190316379 52.272490890696645 162.87591246329248 228.69008565694094 446.72074851952493 1383.3715054392815 232.25259147584438 1713.0437538176775 22.584928322583437 354.1248781401664 555.78361965343356 255.57540408149362 1453.4757705722004 6728.9563537593931 13669.807595307007 1323.7052932567894 347.16197536326945 35144.184422155842 312.7180326320231 74.380630079656839 255.75541556999087 118.30177053622901 1070.5389668736607 52.941128082573414 145.78404218517244 507.23423029109836 423.03242591023445 204.47446170821786 497.89278520829976 377.67824989557266 1848.9783664178103 118.87744313105941 76.594930395483971 259.84597764723003 718.92960334010422 302.52294950373471 172.28840991668403 37.650139087811112 18.63882209174335 163.32876012660563 32.505878169089556 118.12409259565175 139.38954635336995 287.75219239480793 374.89633963257074 1103.0399681460112 85.22976010851562 31.898732027038932 712.80436586402357 1382.7508994601667 68.689274951815605
leaf_count=1167453 143514 8845 14281 12027 7871 14157 3867 1591 391290 12265 7285816 152675 1146 1350 7537 4323 44186 3298 20659 464 3255 6783 1433 14050 28763 57472 6270 3148 144715 6150 397 2723 747 5348 287 1104 3933 1702 4110 13021 1579 11303 810 994 1462 5920 4385 6131 1255 306 1092 154 675 866 2286 4967 43444 2695 748 5492 15607 751
internal_value=-0.0110968 0.12405 -0.0709227 0.011646 0.132085 0.114871 -0.0551264 0.12235 -0.063865 0.144153 -0.0775982 -0.0603899 0.014884 0.0260251 0.144373 0.107364 -0.00802204 0.0644901 0.0877541 -0.0613742 0.168696 0.0724932 0.0354917 0.15656 0.123189 0.146225 0.112362 0.111516 0.150212 0.109157 -0.0233363 0.117962 0.086389 0.147459 0.00756722 0.0845788 0.147608 0.0764873 0.0884151 0.112967 0.0588795 0.0983972 0.0291442 -0.00455543 0.122288 0.0978314 0.120793 -0.0636758 0.0218807 0.174224 0.28423 0.406642 0.163272 0.0327043 0.0631587 0.0404314 -0.0761279 0.138594 0.337097 0.109475 0.108573 0.126977
internal_weight=257875 79127.1 178748 13370.3 75879.3 38920.1 8890.3 35898.1 8447.33 4479.95 165378 28646.9 4953.71 3021.99 1836.05 22054.2 2146.31 648.63 9849.4 3117.66 1607.36 6543.58 1968.62 4225.08 12204.8 13843.8 8853.37 442.972 36959.2 1815.04 387.099 3305.82 1596.74 1709.08 499.662 638.541 1359.25 2124.42 4574.96 852.018 1701.38 3879.79 374.633 416.377 1097.08 837.231 1756 3247.77 260.476 88.1877 248.107 84.7784 263.908 695.173 762.94 579.371 23693.2 107.815 50.5376 875.68 3300.42 1917.67
internal_count=9716948 574658 9142290 459605 422704 263571 416878 201412 409863 42727 8682685 1396869 185972 62159 30138 142349 55317 18573 89878 155834 22601 66479 22092 30700 52471 59063 38314 7015 159133 14418 6547 23399 12739 10660 4610 5312 20209 9551 44387 16276 7849 36738 3533 15275 8129 6667 18435 151954 8440 2309 2392 1300 1779 7649 11131 9077 1210897 3159 1054 6842 27661 12054
is_linear=0
shrinkage=0.08


Tree=7
num_leaves=63
num_cat=0
split_feature=0 17 10 1 10 11 1 18 10 11 17 12 17 16 10 15 9 15 9 14 1 11 15 9 15 16 14 15 9 1 11 15 11 16 15 10 11 10 16 10 11 0 11 9 10 17 15 14 2 3 11 11 15 11 15 9 12 1 16 15 10 11
split_gain=285599 15399.9 14382.7 13793.7 3501.64 3343.43 2334.74 2095.62 6071.16 7283.55 1638.68 1382.4 1157.56 1140.37 940.176 904.202 678.039 620.859 562.383 612.175 558.56 519.422 1106.18 538.845 518.511 516.932 515.675 536.404 938.459 544.074 499.428 444.166 427.235 419.888 398.72 380.121 376.182 373.711 346.565 414.856 352.826 338.819 337.657 308.73 371.17 325.363 287.671 649.771 280.211 272.632 332.812 272.151 265.068 261.549 494.395 255.405 251.313 248.348 238.845 231.659 324.35 273.955
threshold=0.51370900869369518 0.99999865889549266 0.88782376050949108 0.030159704387187961 0.99802371859550487 0.4654348492622376 0.98542153835296642 1.5000000000000002 0.66257530450820934 0.63686314225196849 0.99164968729019176 1.0000000180025095e-35 0.9297890067100526 11.500000000000002 0.97845596075057995 3.5000000000000004 0.7320508360862733 3.5000000000000004 0.90521115064620983 2.5000000000000004 0.62582537531852733 0.44920891523361212 1.5000000000000002 0.55217784643173229 1.5000000000000002 7.5000000000000009 3.5000000000000004 4.5000000000000009 0.99350652098655712 0.78700488805770885 0.64549732208251964 4.5000000000000009 0.88589513301849376 8.5000000000000018 1.5000000000000002 0.63182720541954052 0.68020617961883556 0.69249531626701366 8.5000000000000018 0.97845596075057995 0.84074440598487865 0.96347683668136608 0.9064583182334901 0.77015757560729992 0.85341826081275951 0.8443376123905183 2.5000000000000004 3.5000000000000004 1.0000000180025095e-35 1.0000000180025095e-35 0.85540068149566661 0.8713812828063966 2.5000000000000004 0.62316370010375988 2.5000000000000004 0.58380150794982921 1.0000000180025095e-35 0.66736298799514782 7.5000000000000009 2.5000000000000004 0.98369517922401439 0.82972848415374767
decision_type=2 2 2 2 2 2 2 2 2 2 2 2 2 2 2 2 2 2 2 2 2 2 2 2 2 2 2 2 2 2 2 2 2 2 2 2 2 2 2 2 2 2 2 2 2 2 2 2 2 2 2 2 2 2 2 2 2 2 2 2 2 2
left_child=2 43 7 10 5 24 11 8 -1 20 -4 15 -5 17 30 18 36 -11 38 49 -10 22 -6 52 -3 -13 51 28 29 -28 34 -27 48 -31 -12 -8 -17 -21 39 -7 46 42 -33 -2 -45 -46 57 -48 -19 50 -20 -18 -24 54 -16 -26 59 -40 -51 -14 61 -61
right_child=1 4 3 12 21 6 35 -9 9 13 14 25 56 -15 53 16 26 32 19 37 -22 -23 23 -25 55 31 27 -29 -30 33 -32 41 -34 -35 -36 -37 -38 -39 40 -41 -42 -43 -44 44 45 -47 47 -49 -50 58 -52 -53 -54 -55 -56 -57 -58 -59 -60 60 -62 -63
leaf_value=-0.076485134607725769 -0.070305626956599906 0.072137519043915063 -0.075052449051575404 -0.027700140640883882 0.14286601978786079 0.0063327237535028627 0.031945902278619348 -0.081023627835402331 -0.066482221253851378 0.19335251313698712 0.079366131215547572 0.14055732748389738 0.15659345479270492 -0.025260969219661797 0.13144633230734543 -0.029257421621108972 0.0049785264456494935 0.053080600516489128 -0.011902445700832154 -0.027209977404422242 0.12904019065892811 0.14142478367152231 0.041371322000761705 0.16762386668604262 -0.059764782992196057 0.11412573098608901 0.10703469608545285 0.055055908188816741 0.20151651550398866 -0.029924378641076999 0.092890873006711963 0.03742514818727994 0.16643135947826232 0.087187020245486857 -0.067788490510429636 0.14114151202446187 0.073518166645703126 0.16657499035137688 0.081566424787204841 0.22085539783581787 0.19859362029235034 0.12640205427449042 0.13223790012074979 -0.056613118812965317 -0.0097537723202573961 0.25699047847391643 0.10980720694357203 -0.048070340472791781 0.1672614697114361 0.070683196650792604 0.13371056725924826 0.078034362248113581 -0.073282912160932759 0.19048086211711104 -0.037452077883282212 0.049572812050597062 0.16171729496255971 0.19703166436742461 0.20096702602892247 0.041088945961596408 0.19559708901962414 0.12593971626313072
leaf_weight=21586.142070440575 2751.8640445638448 323.44473942928016 5144.0993084423244 274.12165140919387 1211.4583639800549 591.66255160979927 207.74304237216711 127630.90589193627 3360.4554092213511 811.45054955221713 135.35726683959365 3541.3912417143583 732.13479986228049 314.08387298695743 285.04729442298412 734.75792067497969 1004.4922628253698 759.89612121507525 315.67395255714655 66.268088988959789 96.186325630173087 34771.26835068129 233.40171199291945 117.46139697358012 913.50044506974518 7453.8515697494149 1957.1634811703116 2711.8992348872125 521.97658694162965 395.0740036405623 187.95876246131957 1330.243237234652 484.54654438048601 388.72364233061671 910.6811944115907 11411.942308340222 330.43092009797692 1637.5660850461572 293.47093795239925 63.927817594259977 191.66884753108025 566.7814222574234 293.41751900315285 179.88742576912045 57.340890936553478 59.772269140928984 432.0622883848846 271.79128802381456 167.95949334837496 209.35259435325861 147.34630231559277 483.39670107141137 288.64139480516315 139.76186798885465 181.57169508375227 160.80057025142014 2051.2843688465655 200.78072671219707 158.04026217758656 521.55403808876872 187.38718960061669 456.83691254258156
leaf_count=1189986 141878 3007 280336 12028 5213 5876 1478 7350228 179608 8795 2883 14987 3758 10728 2619 16578 12052 15449 3228 700 2381 144578 2553 587 36115 33232 12129 27897 2625 3503 2476 6746 3585 2746 45868 46741 3325 7690 1648 340 969 2323 1185 6755 1799 967 3757 3889 2025 1434 842 3298 6072 989 7193 1939 9604 892 807 7862 961 2906
internal_value=-0.0109271 0.114349 -0.0703825 0.0171381 0.121428 0.104846 0.109326 -0.0767024 -0.0567057 0.0145191 -0.0518748 0.0961283 0.131271 0.117432 0.0129098 0.07773 0.0623323 0.137585 0.106403 0.131588 -0.0610415 0.139227 0.0979324 0.0128115 -0.0166635 0.114417 0.0708547 0.0813489 0.103202 0.084479 -0.0271729 0.104819 0.105545 0.0281569 -0.0487467 0.139189 0.00262447 0.159038 0.0751973 0.0272512 0.0978146 0.0731486 0.0545591 -0.0619424 0.0155475 0.126387 0.0816923 0.0488432 0.0737495 0.0752674 0.0344358 0.0287135 -0.0220218 0.0944788 0.0657243 -0.0433992 0.142305 0.128472 0.126727 0.121325 0.0991753 0.080708
internal_weight=245401 78981.7 166419 11207.8 75932.9 39310.6 37912.9 155212 27580.7 5994.58 6984.48 26293.2 4223.32 2537.94 1840.38 13107.5 8527.91 2223.85 4579.61 2534.25 3456.64 36622.2 1850.96 639.505 1397.75 13185.7 7462.73 5974.84 3262.94 2740.96 1234 9644.29 1412.4 783.798 1046.04 11619.7 1065.19 1703.83 2045.36 655.59 1389.77 2190.44 1623.66 3048.86 297.001 117.113 1198.11 703.854 927.856 830.413 463.02 1487.89 522.043 606.381 466.619 1074.3 3949.2 494.252 367.393 1897.91 1165.78 978.391
internal_count=9716648 574380 9142268 379483 422981 263978 222917 8762785 1412557 222571 342364 174698 37119 40582 62028 116225 84153 29854 32072 14701 181989 159003 14425 9212 41061 58473 64250 48900 21003 18378 51227 43486 21059 6249 48751 48219 19903 8390 17371 6216 11155 10254 7931 151399 9521 2766 10186 7646 17474 6311 4070 15350 8625 10801 9812 38054 25091 2540 2241 15487 11729 10768
is_linear=0
shrinkage=0.08


Tree=8
num_leaves=63
num_cat=0
split_feature=10 17 6 9 10 1 11 15 10 1 15 11 13 9 11 17 16 16 10 11 11 15 4 11 13 17 10 9 9 9 11 12 16 9 1 11 9 15 8 15 10 1 11 17 17 1 15 11 13 11 10 2 15 10 17 11 10 15 15 16 1 13
split_gain=238019 36404.1 8704.52 12872.6 5449.8 4187.41 2328.56 2927.62 2083.53 1676.76 1194.15 1169.1 1052.31 1035.91 835.108 822.899 718.948 509.107 2304.97 573.263 484.233 840.831 459.183 456.22 423.354 422.251 418.18 399.416 377.275 353.03 355.085 348.69 339.975 329.065 393.358 452.964 315.104 314.285 310.792 264.505 255.338 2432.17 612.538 504.01 440.863 245.049 237.783 249.658 231.813 231.685 268.946 213.961 205.216 438.433 229.809 204.952 254.742 328.872 202.461 197.148 191.042 228.333
threshold=0.86847347021102916 0.99164968729019176 1.0000000180025095e-35 0.83438819646835338 0.59953919053077709 0.025850439444184307 0.64549732208251964 2.5000000000000004 0.99802371859550487 0.98542153835296642 2.5000000000000004 0.77836257219314586 1.0000000180025095e-35 0.77015757560729992 0.47413022816181188 0.91820421814918529 7.5000000000000009 7.5000000000000009 0.97375312447547924 0.8713812828063966 0.43792808055877691 1.5000000000000002 1.0000000180025095e-35 0.89386734366416942 1.0000000180025095e-35 0.74014180898666393 0.62169164419174205 0.90366768836975109 0.58643680810928356 0.46247655153274542 0.53889366984367382 1.0000000180025095e-35 12.500000000000002 0.95419579744339 0.75485610961914074 0.89386734366416942 0.69804355502128612 4.5000000000000009 1.0000000180025095e-35 4.5000000000000009 0.72021508216857921 0.70411264896392833 0.78629973530769359 0.99588334560394298 0.93800827860832225 0.025850439444184307 4.5000000000000009 0.92718276381492626 1.0000000180025095e-35 0.7065996825695039 0.98369517922401439 1.0000000180025095e-35 1.5000000000000002 0.97845596075057995 0.60394704341888439 0.62316370010375988 0.74164745211601268 2.5000000000000004 3.5000000000000004 7.5000000000000009 0.65528607368469249 1.0000000180025095e-35
decision_type=2 2 2 2 2 2 2 2 2 2 2 2 2 2 2 2 2 2 2 2 2 2 2 2 2 2 2 2 2 2 2 2 2 2 2 2 2 2 2 2 2 2 2 2 2 2 2 2 2 2 2 2 2 2 2 2 2 2 2 2 2 2
left_child=2 13 40 11 31 6 7 20 9 10 60 22 16 49 28 -6 -12 18 33 51 21 -3 55 37 29 -15 -13 -21 -9 30 -16 -5 46 34 35 -14 -31 -18 -33 -8 -1 42 -42 -44 -43 -24 -17 -48 -27 52 -51 -19 53 -2 -55 -4 -57 -58 -35 -40 61 -7
right_child=1 5 3 4 15 8 39 14 -10 -11 12 26 17 25 24 32 23 19 -20 27 -22 -23 45 -25 -26 48 -28 -29 -30 36 -32 38 -34 58 -36 -37 -38 -39 59 -41 41 44 43 -45 -46 -47 47 -49 -50 50 -52 -53 -54 54 -56 56 57 -59 -60 -61 -62 -63
leaf_value=-0.080737671017370047 -0.052441691461441106 0.11182661594115664 -0.077630128857486422 -0.059075234614220373 -0.052436964905449565 0.14021589088898892 0.13111149911160752 -0.075372793728641904 0.13363878952993463 0.13347709938918587 0.13803612480366498 -0.063658410299956808 0.0014874813052731272 -0.042021019887132478 0.10124156554030385 0.1295480685784243 0.092185223013956583 0.061427590931394792 0.18245523273290629 0.21396043959897104 0.20752037434098961 -0.0036062961529267378 -0.021608303660409542 0.12756314002089242 -0.027546765812910944 0.24287150054240186 0.11855533363253391 0.10519346400888922 0.14709926237754936 0.010648673380894624 0.46218589894051176 -0.068882934253459732 0.022451123024648405 0.089963673032099414 -0.059139345064043163 0.16932148984440584 0.14167096581352151 0.051153940382213596 0.20020402646084157 0.04862716914138001 -0.077598122824285187 -0.028512278699736406 -0.061441572960699381 0.18188394986139003 0.20222488827474572 0.14818205348940261 0.056944792923233449 0.13853487715330384 0.06540114799285944 -0.015761530370367132 0.31008327354183829 0.12084420706877635 -0.077787204442037711 -0.051315945739696202 0.3168579150937364 -0.071888885055975751 0.18171175851993773 -0.028331100416381993 0.023322017437468614 -0.03570625238883602 0.1439769861859464 0.073832958188886272
leaf_weight=117015.23637445085 282.86926005594432 1588.1044286880642 11714.809982016683 1793.4985505249351 195.79942465014756 673.29906279034913 2185.9903600625694 1437.7243416048586 34151.752232728526 9981.8930566981435 2895.1577124837786 112.13923630863428 836.2023248821497 117.68500418588519 53.594124879688025 3561.5486317742616 4281.2005811445415 4126.4011419806629 634.66855726763606 255.79409653693438 218.52308111637831 541.58524526469409 153.07547535002232 1716.3064534068108 690.69766156747937 91.074250200763345 286.68420309014618 1391.6805906370282 50.498562635853887 517.91576102748513 25.860185861587524 78.766955999657512 242.14113239571452 411.63942407630384 634.63101263344288 117.3603979498148 151.93727444298565 1657.210008488968 84.788570370525122 280.76980026625097 9374.5810918547213 67.63676911778748 110.93754289485514 107.05484179966152 244.84322854317725 84.393124809488654 670.76290973462164 373.76875577494502 97.568619092926383 95.989367367699742 19.505816165357828 428.12560172565281 7116.0397497210652 15.71496427617967 35.050795543938875 1355.522467892617 50.962634459137917 747.04468769580126 1001.8682791944593 30.9459257889539 3000.2511680275202 653.46259054541588
leaf_count=7271631 15397 10717 686883 83240 10460 3006 12324 67541 143297 41771 12513 5335 9969 5252 1184 23251 17866 39240 3149 1521 1591 15407 7539 7016 19511 863 3480 7113 1036 9347 292 2384 3329 3424 6117 704 1090 7200 524 2623 569385 3946 6486 1566 4299 697 7249 1732 2310 3526 271 2622 415409 717 1352 72670 617 27380 10378 325 12616 3964
internal_value=-0.0107145 0.096501 -0.071714 -0.0246879 0.0641395 0.113338 0.0575606 0.0275644 0.119611 0.105804 0.0946277 -0.0677526 0.0865267 -0.0673291 -0.0257989 0.108354 0.104078 0.0677061 0.0439396 0.0816409 0.0941087 0.0824717 -0.0715716 0.0912344 0.0176332 0.0768954 0.0673214 0.122081 -0.0678238 0.0592793 0.218719 -0.0480417 0.114847 0.0146524 -0.0103364 0.0221438 0.0403674 0.0807348 0.0536981 0.121723 -0.0796937 -0.0673605 -0.0745154 0.0580542 0.152281 0.0387329 0.119704 0.0861405 0.151081 -0.073169 0.0392699 0.0670128 -0.0749122 -0.013591 0.202887 -0.0734604 -0.0507776 -0.0149173 0.0427293 0.137125 0.132799 0.107521
internal_weight=232921 84463.6 148457 21536.7 7032.02 76592.1 7743.2 5276.44 68848.9 34697.2 24715.3 14504.6 20388.2 7871.5 2928.23 5044.02 10549.9 9838.37 3636.37 6202 2348.21 2129.69 14105.8 7654.72 1440.01 306.328 398.823 1647.47 1488.22 749.307 79.4543 1988 4848.22 3001.7 1588.19 953.563 669.853 5938.41 194.501 2466.76 126920 9905.05 9592.57 217.992 312.48 237.469 4606.08 1044.53 188.643 7565.17 115.495 4554.53 7449.67 333.635 50.7658 13868.3 2153.53 798.007 1413.51 115.734 4327.01 1326.76
internal_count=9715654 921246 8794408 937095 132494 476149 142663 127716 333486 190189 148418 804601 128832 445097 100001 46021 44595 84237 33741 50496 27715 26124 795786 32082 31424 8425 8815 8634 68577 11913 1476 86473 35561 30592 16790 10673 10437 25066 3233 14947 7857313 585682 577437 8052 8245 8236 32232 8981 3173 436672 3797 41862 432875 17466 2069 787550 100667 27997 13802 849 19586 6970
is_linear=0
shrinkage=0.08


Tree=9
num_leaves=63
num_cat=0
split_feature=0 10 1 1 10 10 1 10 10 11 11 15 13 1 11 11 15 13 0 16 15 0 14 15 9 12 9 14 10 1 0 11 15 1 11 16 16 16 10 11 10 10 15 13 13 1 3 15 14 9 15 14 10 9 6 11 10 9 16 1 16 2
split_gain=223201 11859.6 11085.4 9460.18 4325.27 2870.95 2312.06 1640.23 1396.32 5893.66 1265.04 1268.7 1144.91 1105.58 986.5 914.691 1513.85 854.3 803.535 590.439 554.27 541 426.94 446.751 870.4 425.75 423.026 827.901 415.833 412.472 384.569 425.991 519.952 456.182 373.789 365.512 352.872 352.354 453.658 336.362 325.859 284.99 280.117 263.518 261.068 268.77 258.977 252.947 250.982 242.617 230.183 385.681 229.456 226.034 222.842 655.439 528.178 222.024 221.262 217.302 216.966 213.354
threshold=0.50305816531181347 0.86847347021102916 0.030159704387187961 1.0000000180025095e-35 0.95263025164604198 0.99802371859550487 0.98542153835296642 0.65012311935424816 0.72021508216857921 0.74115687608718883 0.68020617961883556 1.5000000000000002 1.0000000180025095e-35 0.58890721201896679 0.71834933757781994 0.60397014021873485 1.5000000000000002 1.0000000180025095e-35 0.86439567804336559 7.5000000000000009 3.5000000000000004 0.78524649143219005 3.5000000000000004 4.5000000000000009 0.99350652098655712 1.0000000180025095e-35 0.98484501242637645 2.5000000000000004 0.62169164419174205 0.63662931323051464 0.96347683668136608 0.88589513301849376 2.5000000000000004 0.57392820715904247 0.78910300135612499 7.5000000000000009 12.500000000000002 7.5000000000000009 0.97845596075057995 0.4654348492622376 0.97845596075057995 0.97845596075057995 2.5000000000000004 1.0000000180025095e-35 1.0000000180025095e-35 0.96483230590820324 1.0000000180025095e-35 2.5000000000000004 4.5000000000000009 0.46247655153274542 4.5000000000000009 4.5000000000000009 0.98369517922401439 0.68457102775573742 1.0000000180025095e-35 0.8713812828063966 0.54502776265144359 0.89022752642631542 7.5000000000000009 0.76701444387435924 9.5000000000000018 1.0000000180025095e-35
decision_type=2 2 2 2 2 2 2 2 2 2 2 2 2 2 2 2 2 2 2 2 2 2 2 2 2 2 2 2 2 2 2 2 2 2 2 2 2 2 2 2 2 2 2 2 2 2 2 2 2 2 2 2 2 2 2 2 2 2 2 2 2 2
left_child=1 8 10 4 14 6 7 -5 54 13 11 25 19 57 21 16 -6 -4 39 -9 26 -2 -22 24 35 -3 37 46 -8 34 31 32 -21 -34 41 40 44 38 -14 -18 59 -19 -41 -15 -11 47 -28 -46 -37 -44 -17 -52 -12 -31 -1 -56 -57 -10 -48 -24 -58 -59
right_child=3 2 17 5 15 -7 28 12 9 36 52 -13 20 43 -16 50 18 29 -20 30 22 -23 23 -25 -26 -27 27 -29 -30 53 -32 -33 33 -35 -36 48 -38 -39 -40 42 -42 -43 49 -45 45 -47 58 -49 -50 -51 51 -53 -54 -55 55 56 60 61 -60 -61 -62 -63
leaf_value=-0.080564489835447034 -0.062550896787835347 -0.0085578156273474221 0.13918296392450186 -0.041496337773264759 0.11207847805126551 0.12593038289044636 0.015126841174072495 0.1259210894315245 -0.075679476556433978 0.14305706528360546 0.040741000757761714 -0.073374692899373234 -0.0097153935863906523 0.20680373609300973 0.083148818929999244 0.12075117458229356 -0.045484822182937659 -0.010564941327419093 0.18654368662631446 0.12287885563688127 0.015204049767296366 0.096780607758257489 0.045049926979875421 0.038605713473651 0.182834520152695 0.12325229118802965 0.007332880939515527 0.15480329291429157 0.12579839936436665 0.17617328856809525 0.11652409069734504 0.11599724438658521 0.078795908147972479 0.026388505391632764 0.097855830597812277 0.08745740722942022 -0.048930618943399375 0.085101679066776056 0.17771080197495842 0.17000453564032839 0.17043893340262137 0.14789868002943726 0.11916315399903943 0.036071665666112487 0.1883405269740856 0.1633874389752385 0.045199485858633703 0.037525442047003706 -0.058761386033807365 -0.017003846673438527 -0.082758270083026705 0.13493488929419467 0.16766853757157205 0.084240264551590338 -0.073371700623766842 -0.053053455711076704 0.1297075703287856 0.018597295389167705 0.16853433080881161 -0.051142546740242482 -0.051536477110112618 0.50987401197766491
leaf_weight=108104.04225638974 3347.5266641154885 395.175501704216 2423.3875064319 692.08333610463887 1193.3620321787894 32182.344980929047 221.68418283481151 3871.6192212356254 12600.74117726367 580.16372188832611 299.25980381481349 6121.2037234287709 590.1862434130162 78.626035407185555 359.34585951827466 1795.309364868328 1076.2884601745754 694.78079659678042 132.09881203062832 920.19535331428051 1570.5661785081029 142.17999923974276 286.2034122524783 2782.2658499358222 471.23216316848993 260.03089832514524 418.8239363078028 1262.0161772388965 10945.326192488894 252.87638304941356 2357.846876680851 1544.8282356970012 2521.2051180656999 1837.9028262924403 446.81620575487614 1979.823492241092 107.65821954328567 1592.6349339541048 96.110419997945428 77.910789614543319 75.884797781705856 81.115990083664656 102.63803555630147 219.03760286141187 79.669345581904054 176.43773109652102 215.03843237087131 667.44652324449271 78.093938255682588 454.94089336134493 98.774010276421905 110.19279253296554 131.07721155509353 529.69986129179597 8237.2675193538889 353.7045269254595 220.94529814645648 79.650814639404416 164.15922281891108 316.5243632607162 52.271790908649564 6.0901318890973917
leaf_count=7265799 162693 14834 14463 18255 6894 138944 1983 17303 818443 4408 5827 378186 5875 861 3446 10885 40825 19875 1240 4022 17283 2101 3024 29432 2193 3098 3797 5831 47201 1227 9797 6421 11570 7655 3322 13655 4297 13039 454 553 343 579 2059 8145 1267 1780 1387 17584 1271 9269 1508 697 751 3430 514945 18290 3404 3906 763 3012 1376 103
internal_value=-0.0105255 -0.0698066 0.00760972 0.0984684 0.0207981 0.108477 0.0932185 0.0799886 -0.0766533 -0.053322 -0.0536031 -0.0620497 0.083358 -0.0712307 -0.0430629 0.0695541 0.0418728 0.107221 -0.00356449 0.0997191 0.0654101 -0.0560593 0.0523303 0.0620647 0.082412 0.0437535 0.0882015 0.114474 0.123601 0.0685948 0.0886709 0.0790472 0.0682349 0.0566997 0.0395679 0.0651192 0.0909829 0.0644521 0.0165322 -0.0182352 0.0142044 0.00600161 0.0279157 0.0811695 0.101 0.0745803 0.050697 0.0536077 0.0819087 0.00806151 0.111502 0.0320361 0.0794021 0.113947 -0.0795646 -0.0673703 0.0114833 -0.0748065 0.0985926 -0.00546585 0.095032 0.0534924
internal_weight=221084 143199 11635.4 77885.2 8890.57 68994.6 36812.3 25645.2 131564 14595.5 7206.75 6776.41 24953.2 12984.1 3849.05 5041.52 3037.24 4428.68 1843.88 13053.6 11899.6 3489.71 7560.59 5990.03 3207.76 655.206 4338.97 2060.04 11167 2005.29 9181.98 6824.13 5279.3 4359.11 1222.71 2736.53 1611.38 2278.93 686.297 1711.78 678.613 775.897 635.49 297.664 1503.72 923.554 798.022 747.116 2057.92 557.579 2004.28 208.967 430.337 782.576 116968 8864.19 626.922 12686.5 379.198 602.728 273.217 85.7409
internal_count=9716880 9110200 445592 606680 242170 364510 225566 176382 8664608 860794 402696 396118 158127 831458 168240 73930 60840 42896 53946 56768 101359 164794 70213 52930 23498 17932 31146 11778 49184 28433 39465 29668 23247 19225 23776 21305 29336 19368 6329 52706 6379 20454 11881 9006 25039 20631 5947 18851 14926 11328 13090 2205 6578 4657 7803814 538015 23070 822452 2150 6036 4780 4009
is_linear=0
shrinkage=0.08


Tree=10
num_leaves=63
num_cat=0
split_feature=0 17 10 1 10 11 17 10 11 11 17 15 17 14 15 9 16 14 10 14 15 11 15 9 13 15 9 11 15 13 15 10 1 12 9 14 9 3 9 11 3 3 1 13 16 10 11 13 13 10 16 10 9 10 15 17 11 15 14 1 0 3
split_gain=198371 11391.6 11183.1 9555.85 3466.11 2985.14 1647.64 4312.26 4222.89 1555.35 1296.74 1187.93 1079.6 868.52 745.118 858.91 675.062 674.959 664.293 568.657 464.887 461.484 586.493 651.234 431.242 417.686 408.186 405.203 394.135 381.818 379.493 371.935 370.301 364.368 358.231 474.672 339.117 286.784 270.197 444.535 398.393 265.304 254.194 277.079 376.347 652.001 252.121 277.216 239.263 228.005 224.273 234.622 220.029 236.504 216.294 214.581 214.162 208.719 472.081 230.466 199.449 196.151
threshold=0.50305816531181347 0.99164968729019176 0.86847347021102916 0.030159704387187961 0.99802371859550487 0.88589513301849376 0.99999865889549266 0.66257530450820934 0.63453346490859996 0.4654348492622376 0.95076024532318126 3.5000000000000004 0.86479124426841747 3.5000000000000004 4.5000000000000009 0.94392031431198131 12.500000000000002 4.5000000000000009 0.97845596075057995 4.5000000000000009 5.5000000000000009 0.49770641326904302 2.5000000000000004 0.598850578069687 1.0000000180025095e-35 1.5000000000000002 0.76506900787353527 0.65545505285263073 1.5000000000000002 1.0000000180025095e-35 2.5000000000000004 0.54246303439140331 0.54006531834602367 1.0000000180025095e-35 0.92637759447097789 2.5000000000000004 0.95803993940353405 1.0000000180025095e-35 0.99350652098655712 0.84409722685813915 1.0000000180025095e-35 1.0000000180025095e-35 0.98542153835296642 1.0000000180025095e-35 7.5000000000000009 0.97375312447547924 0.90070420503616344 1.0000000180025095e-35 1.0000000180025095e-35 0.69249531626701366 8.5000000000000018 0.97845596075057995 0.77015757560729992 0.76718232035636913 2.5000000000000004 0.79621154069900524 0.74849396944046032 3.5000000000000004 3.5000000000000004 0.671605944633484 0.39419178664684301 1.0000000180025095e-35
decision_type=2 2 2 2 2 2 2 2 2 2 2 2 2 2 2 2 2 2 2 2 2 2 2 2 2 2 2 2 2 2 2 2 2 2 2 2 2 2 2 2 2 2 2 2 2 2 2 2 2 2 2 2 2 2 2 2 2 2 2 2 2 2
left_child=2 52 6 10 5 9 -1 60 32 25 -4 29 -5 61 15 19 30 26 27 33 36 22 -6 -24 -14 -3 -16 28 48 -11 -10 -7 -9 -15 50 37 -19 -36 39 -28 56 -22 43 -33 45 57 47 -32 -12 -37 51 -31 -2 -54 -26 -55 -40 58 -45 -59 -8 -13
right_child=1 4 3 12 21 31 7 8 16 11 18 13 24 14 17 -17 -18 20 -20 -21 41 -23 23 -25 54 -27 38 -29 -30 34 46 42 -34 -35 35 49 -38 -39 40 -41 -42 -43 -44 44 -46 -47 -48 -49 -50 -51 -52 -53 53 55 -56 -57 -58 59 -60 -61 -62 -63
leaf_value=-0.080641502655252661 -0.070570531947777251 0.056975193440297278 -0.075425655869530026 -0.048801479070003602 0.10476661750824237 -0.019899231207305922 -0.077290115871902973 -0.067308147424703021 0.18264909146610556 0.10683637988671618 0.19710497269357086 -0.0022878351075786307 0.13182543956572407 0.049936470013588981 -0.070660756887314172 0.1346085392712017 -0.052221553617223464 0.077370356810876284 0.070536763691208634 -0.061992689852804768 -0.0056945150319263607 0.11974564612207717 -0.058151308289348863 0.13217347607457525 0.11898026401693848 -0.042419453061119404 0.023438256438561376 0.068714536034816018 -0.066240734575663554 -0.0078256930592148239 0.11708924296044403 0.11513442989916131 0.071797238040119823 0.092046957736730259 -0.0066588766519206869 -0.0078647148603251636 0.17497063757527082 0.099119033232889231 0.059068670670338504 0.15028880706862457 0.1445574795266735 0.18791860554762299 0.11989934974172442 0.025789784928107084 0.10810704343551862 0.16016535640883714 0.13531872613867452 0.038613303958170628 -0.0017595855827313492 0.1280484228312074 0.067783417435264462 0.14247053109932289 -0.075273357226142701 -0.042377378410968343 0.060279149534898456 0.13579756641761725 -0.043601825552647445 0.17946151460604171 0.27318526728445536 -0.0074114356140026231 -0.040270405039919126 0.060348193410427041
leaf_weight=100048.36723620631 2581.8432795275003 365.23845202848315 4748.8332344889641 297.23396091070026 1649.9204668961465 139.43222951330245 16211.256700040773 2407.251452584751 327.03127389866859 5033.2994253719226 57.536816265434027 1814.7886935584247 2327.3709219582379 2685.3840055866167 351.98670611996204 1448.651348028332 194.74641176313162 967.13261877093464 611.61843378003687 215.62854416389018 495.50312035158277 31973.204295992851 337.39011335000396 174.60709656216204 601.43779555335641 1044.1029260409996 808.2055279482156 228.5514751682058 1035.0420016683638 552.56447326671332 468.05643752682954 3165.110239200294 129.04001106787473 2577.0163188334554 372.11202706024051 83.487364860251546 298.05534001067281 293.35969743318856 159.06868430692703 226.31861121580005 98.923843313008547 49.852679854258895 9004.3090557157993 213.83646423555911 1543.3173715602607 277.58561246097088 520.36122603621334 749.24902145192027 118.40029559656978 1468.1653652824461 1401.1715711420402 75.564767640084028 148.91802132222801 74.285453361459076 1209.8161480017006 103.57474147249013 712.16843000426888 44.660377327352762 64.180309407413006 778.41588926315308 988.19545805361122 388.47535594366491
leaf_count=7273696 159518 3305 320860 15081 8800 1484 1135144 161413 2973 22632 950 17972 11323 23669 7555 6520 8442 6729 11690 3490 4853 143273 7492 840 3362 43035 7089 2742 63420 5865 4464 13654 3886 12561 3568 915 1370 1612 1443 1321 580 317 40249 1356 7327 1238 3579 18304 2873 6626 11200 351 6573 2797 13007 1649 6937 291 332 6035 52577 2416
internal_value=-0.0103724 0.0925301 -0.0692519 0.00712187 0.0986871 0.0824627 -0.0762831 -0.0564585 0.0106238 0.0648747 -0.0524659 0.0699645 0.0984673 0.0546345 0.0637461 0.0798274 0.0901602 0.037016 0.000690788 0.0653406 0.0737485 0.117327 0.0815551 0.00675541 0.109044 -0.0166608 0.00879577 -0.0289849 -0.047424 0.0919312 0.10359 0.110161 -0.0602308 0.0705581 0.0742641 0.0964941 0.100363 0.0399712 0.0227469 0.0511888 -0.00758192 0.0120043 0.111363 0.0987349 0.0809709 0.0505942 0.0887109 0.0687875 0.0632752 0.120736 0.0499767 0.0102551 -0.0627426 -0.000894749 0.0797712 0.0613807 -0.0248565 0.0229713 0.0829012 0.00272835 -0.0751631 0.00875603
internal_weight=209540 76260.8 133279 11235.8 73352.2 39217.1 122044 21995.2 4795.74 23986.2 6799.98 22576.9 4435.86 13297.2 11093.9 6926.68 2259.44 4167.22 2051.15 5478.03 1810.54 34135.1 2161.92 511.997 4138.62 1409.34 2356.67 1439.53 1210.98 9279.72 2064.7 15230.8 2536.29 5262.4 4246.43 2217.12 1265.19 665.472 2004.69 1034.52 970.161 545.356 15091.4 6087.11 2922 1378.68 1737.67 1217.31 175.937 1551.65 2029.3 628.129 2908.62 326.778 1811.25 177.86 871.237 1101.09 278.017 823.076 17199.5 2203.26
internal_count=9716625 606839 9109786 445308 436302 275897 8664478 1390782 203061 203931 402535 157591 42773 104822 84434 46240 37762 38194 81675 39720 13269 160405 17132 8332 27692 46340 24925 69985 67243 52769 29320 71966 165299 36230 30137 12721 8099 5180 17370 8410 8960 5170 70482 30233 16579 9252 26347 22768 3823 7541 17416 6216 170537 11019 16369 4446 8380 8014 1688 6326 1187721 20388
is_linear=0
shrinkage=0.08


Tree=11
num_leaves=63
num_cat=0
split_feature=10 17 6 9 10 10 1 11 13 11 17 15 15 9 16 11 15 9 15 11 11 14 16 10 11 4 10 1 2 9 15 16 10 1 11 17 13 9 9 12 16 17 1 15 16 15 15 10 11 14 15 14 15 9 13 11 11 11 9 10 9 16
split_gain=168638 23691 7780.2 9420.97 3775.69 3400.12 2799.48 2066.76 1412.66 762.712 751.02 747.575 744.033 722.978 704.478 692.877 836.977 448.708 436.696 421.905 381.039 355.176 315.69 1142.6 315.852 301.624 289.906 288.944 288.301 282.251 276.204 274.981 267.144 1661.05 497.912 303.422 252.933 250.003 248.428 239.002 259.74 236.485 233.328 233.286 221.292 224.682 210.854 286.853 211.389 199.268 226.47 193.337 916.293 195.954 192.94 179.609 179.535 178.208 178.08 176.872 167.583 152.422
threshold=0.86847347021102916 0.99164968729019176 1.0000000180025095e-35 0.81302967667579662 0.56916823983192455 0.99802371859550487 0.98542153835296642 0.4654348492622376 1.0000000180025095e-35 0.75513625144958507 0.97070357203483593 2.5000000000000004 2.5000000000000004 0.77015757560729992 8.5000000000000018 0.43534001708030706 2.5000000000000004 0.7320508360862733 2.5000000000000004 0.72438782453536998 0.89386734366416942 3.5000000000000004 10.500000000000002 0.97845596075057995 0.87895435094833385 1.0000000180025095e-35 0.71631705760955822 0.78012987971305858 1.0000000180025095e-35 0.55488622188568126 4.5000000000000009 6.5000000000000009 0.72021508216857921 0.70411264896392833 0.77836257219314586 0.98331823945045482 1.0000000180025095e-35 0.59299960732460033 0.94392031431198131 1.0000000180025095e-35 5.5000000000000009 0.86080065369606029 0.76111364364624035 4.5000000000000009 7.5000000000000009 1.5000000000000002 1.5000000000000002 0.97375312447547924 0.7065996825695039 4.5000000000000009 5.5000000000000009 3.5000000000000004 4.5000000000000009 0.99350652098655712 1.0000000180025095e-35 0.4654348492622376 0.92718276381492626 0.90443575382232677 0.61257407069206249 0.98369517922401439 0.95101961493492138 11.500000000000002
decision_type=2 2 2 2 2 2 2 2 2 2 2 2 2 2 2 2 2 2 2 2 2 2 2 2 2 2 2 2 2 2 2 2 2 2 2 2 2 2 2 2 2 2 2 2 2 2 2 2 2 2 2 2 2 2 2 2 2 2 2 2 2 2
left_child=2 13 32 9 39 6 7 11 14 25 -6 54 21 46 -9 16 -7 19 -16 -14 30 27 23 31 -24 -4 -11 -10 43 -18 -20 38 -1 34 -34 -36 -15 -13 42 -5 -41 -35 57 61 45 -27 47 -2 -48 -32 -51 -40 53 -53 -3 -47 -45 -19 -21 -50 -26 -12
right_child=1 5 3 4 10 15 -8 8 12 26 28 37 17 36 18 -17 29 22 20 58 -22 -23 24 -25 60 44 -28 -29 -30 -31 49 -33 33 41 35 -37 -38 -39 51 40 -42 -43 -44 56 -46 55 48 -49 59 50 -52 52 -54 -55 -56 -57 -58 -59 -60 -61 -62 -63
leaf_value=-0.080267075851192124 -0.047124530548526444 0.077898454928073194 -0.073030423392750482 -0.064948223995093451 -0.04317617442600892 0.090541057720665286 0.11606902623939234 0.11462444742787621 0.044644722320180234 -0.050602424130101638 0.094499117202327274 -0.074400245073147561 -0.010488209705868803 0.13090872663551351 0.11827271831298142 0.11468434629999501 -0.071232577259797078 -0.0067744205707618464 0.070354964736152006 0.34684194271109453 0.1058873431094569 0.15475058066109182 0.053920230344010833 0.13335591733554791 0.13448058807401383 0.78302276072286481 0.090851212409163579 0.11914146594544735 0.10729710134724713 0.123515286181127 0.010580994900958859 0.045391733575682665 -0.076511007165897191 -0.064226306046800352 -0.058801453714695383 0.12084623808614987 -0.0095775047805153699 0.048750505630720059 -0.00028572072127180112 0.17608639550317051 -0.036610588218447086 0.12934804439712788 -0.067060728593681049 0.017169546785849206 -0.040844770929987478 -0.063383899107168282 -0.076720778115517863 0.13891697065185338 -0.021486725630032948 0.092714354028492818 -0.019087946890467375 0.073500029782950241 -0.0090774842356183064 0.24272052226729679 0.0033604863737541554 0.19995419241490237 0.12632380441106672 0.13089303435293079 0.08777087090443525 0.21216018321047744 0.074364999512526439 0.019085764399079618
leaf_weight=92603.577880782075 249.48565568774939 427.76252793893218 10985.348059359007 1522.3456708285958 290.54632291197777 1781.2551387343556 8988.8716745004058 4530.8149891877547 760.35123157501221 143.94130981806666 1512.5797177497298 931.96361228451133 1396.2178858462721 140.86467668414116 1334.1400424391031 32343.352819995955 313.89324797317386 611.96411902084947 4620.25133314915 18.607072897255421 1437.3371542841196 526.13229048624635 3734.8594328071922 679.44494637846947 533.95125614106655 3.2750388812273732 260.62110311631113 593.14649719744921 2664.8776051942259 56.148492263630033 1030.0955469831824 1825.8903820132837 7527.3998059714213 46.470137313939631 109.59150533843786 133.42917440831661 196.34039993863553 118.96668395213783 737.49875946342945 56.282020350918174 105.85265764407814 308.77495485544205 459.50617057085037 663.21360744163394 116.9495190475136 25.844942269846797 5804.3340769158676 67.363920921459794 92.495177349075675 504.48088066652417 150.5613291496411 61.319108739495277 417.19862034358084 153.24788196012378 462.6144047267735 46.219636208377779 112.84732299484313 66.742406830191612 194.28397729247808 26.727549687027931 668.15508285164833 193.46589810401201
leaf_count=7271134 15230 5967 771163 85876 17351 10246 41739 23101 3943 7275 13918 56510 30971 1995 6055 153028 10580 6149 23162 152 6319 2548 28001 3069 2425 91 2921 2591 14512 330 5746 14812 568535 2912 7076 1752 6441 1452 6935 703 2556 5300 4651 9153 5509 1675 415469 2267 3436 2297 711 345 4198 746 12850 767 597 356 1413 277 3210 2968
internal_value=-0.0102564 0.0803841 -0.0702481 -0.0228642 0.0495398 0.0935784 0.0770636 0.0649682 0.0706912 -0.0673861 0.0819602 -0.0147643 0.0522932 -0.0649885 0.0888606 0.11176 0.0677975 0.0447024 0.0760002 0.00550762 0.0687163 0.0989734 0.0510411 0.0368993 0.0654001 -0.0712917 0.0405227 0.0772916 0.0890242 -0.0416824 0.060243 0.0217755 -0.0790467 -0.0651385 -0.0728723 0.0398331 0.0491095 -0.0604594 0.00457876 -0.055114 0.0372232 0.104026 -0.02304 0.0694057 0.0280375 0.134963 -0.0711538 -0.00757111 -0.0745549 0.0325185 0.0670166 0.0275371 0.0600163 0.194361 0.0391707 0.105512 0.0330417 0.00676347 0.110414 0.0308926 0.101067 0.0859472
internal_weight=198482 79048.6 119433 18704.2 7122.01 72471 37976.4 28987.5 27046.2 11582.2 5437.53 1941.31 13438.5 6577.61 13607.7 34494.6 2151.3 11558.9 9076.87 1609.11 7742.73 1879.63 9949.78 5012.81 4936.97 11177.6 404.562 1353.5 5146.98 370.042 6305.39 4333.37 100729 8125.67 7770.42 243.021 337.205 1050.93 2507.48 1684.48 162.135 355.245 1138.21 2482.11 192.289 75.3396 6240.41 316.85 5923.56 1685.14 655.042 1369.26 631.766 214.567 890.377 72.0646 776.061 678.707 212.891 119.223 1202.11 1706.05
internal_count=9715467 921723 8793744 937035 147634 476608 302424 260685 183906 789401 58499 76779 116515 445115 67391 174184 21156 107433 44290 32536 38235 9082 74897 41261 33636 779205 10196 6534 41148 10910 31916 38192 7856709 585575 577363 8828 8436 57962 23380 89135 3259 8212 11156 26636 8042 2533 436679 17497 419182 8754 3008 12224 5289 1091 18817 2442 9750 6505 1565 3713 5635 16886
is_linear=0
shrinkage=0.08


Tree=12
num_leaves=63
num_cat=0
split_feature=0 10 17 17 10 1 1 18 10 11 13 1 16 11 11 0 16 10 10 11 9 15 15 11 15 1 13 1 11 0 16 10 13 10 11 9 14 16 10 15 11 15 11 11 0 0 13 9 17 10 12 10 14 15 14 9 9 11 9 11 9 10
split_gain=158059 10030.8 8491.42 7301.81 3363.17 2853.15 1713.46 1699.6 3887.19 3169.1 1546.25 937.697 656.662 550.584 548.735 516.445 492.915 465.957 416.693 409.281 405.349 685.565 390.792 384.6 383.022 349.111 343.739 342.939 381.027 349.273 318.712 845.178 299.495 291.516 283.84 259.897 522.009 273.962 276.512 255.76 239.167 235.113 266.589 235.249 226.458 225.512 221.245 208.375 208.85 201.034 195.354 186.019 182.938 195.215 312.67 275.44 186.035 182.358 185.06 174.635 169.605 226.642
threshold=0.50305816531181347 0.86847347021102916 0.99164968729019176 0.99164968729019176 0.99802371859550487 0.98542153835296642 0.021542506292462352 1.5000000000000002 0.66257530450820934 0.63453346490859996 1.0000000180025095e-35 0.025850439444184307 7.5000000000000009 0.56691542267799389 0.6569296419620515 0.96347683668136608 10.500000000000002 0.97845596075057995 0.56263530254364025 0.88998895883560192 0.66287875175476085 2.5000000000000004 2.5000000000000004 0.6900656819343568 3.5000000000000004 0.54006531834602367 1.0000000180025095e-35 0.60515213012695324 0.72850126028060924 0.82525211572647106 7.5000000000000009 0.97845596075057995 1.0000000180025095e-35 0.66801074147224437 0.92403846979141246 0.97332859039306652 2.5000000000000004 7.5000000000000009 0.97375312447547924 2.5000000000000004 0.39767442643642431 2.5000000000000004 0.48313757777214056 0.63211598992347728 0.74717828631401073 0.41437089443206793 1.0000000180025095e-35 0.71892556548118602 0.81635084748268139 0.76718232035636913 1.0000000180025095e-35 0.70845237374305736 3.5000000000000004 4.5000000000000009 4.5000000000000009 0.92031747102737438 0.61938297748565685 0.80982515215873729 0.51887464523315441 0.86582550406456005 0.89512962102890026 0.54502776265144359
decision_type=2 2 2 2 2 2 2 2 2 2 2 2 2 2 2 2 2 2 2 2 2 2 2 2 2 2 2 2 2 2 2 2 2 2 2 2 2 2 2 2 2 2 2 2 2 2 2 2 2 2 2 2 2 2 2 2 2 2 2 2 2 2
left_child=1 7 47 23 5 10 17 8 45 25 12 14 51 20 44 19 39 32 -13 22 21 -6 40 -3 35 -10 -8 28 29 -24 31 -26 41 -7 52 37 -37 38 -20 -11 -14 42 -5 -43 -12 -1 -41 -2 -49 -50 -25 -4 -32 54 55 56 -54 58 -39 -48 -47 -62
right_child=2 3 4 6 13 33 26 -9 9 16 11 18 15 -15 -16 -17 -18 -19 24 -21 -22 -23 27 50 30 -27 -28 -29 -30 -31 34 -33 -34 -35 -36 36 -38 57 -40 46 -42 43 -44 -45 -46 60 59 48 49 -51 -52 -53 53 -55 -56 -57 -58 -59 -60 -61 61 -63
leaf_value=-0.076145170681499633 -0.070312964222436922 -0.073689732604510311 0.032876641742893738 0.096993982265651882 0.082844905166721577 0.030589682961392251 0.1162195859568055 -0.080407108066373981 -0.065276585707845156 0.15580008073693594 -0.055312605283711076 -0.063312425900976715 0.022751049273915431 0.11057739348208501 0.056969995803746024 0.10143435581385438 -0.014841712190837139 0.059187027936506507 -0.015362036443989674 0.098154586968981467 0.114536037519596 -0.022119798533753121 0.0048935221533444899 -0.021582782207722324 -0.00060652422734756308 0.068351415004695118 0.06913177288640926 0.01131908365112899 0.080666565295830731 0.078256208731806248 0.011005210211122321 0.13725173891809977 -0.054717407957880229 0.11126056146075124 0.10185816027565439 0.039406768175762108 0.1209452097174305 0.13260402975825492 0.12345268052474201 0.11555379783463282 0.10984058928940561 -0.061882030603222934 0.60402059421145948 0.080260035062976756 0.04730253226107764 -0.063690743977141737 0.026822879181710432 -0.060730818809235185 -0.067722765824512199 0.10728253638695996 0.12824173282970425 0.11078219022355423 0.2290197282751813 0.030978466501844583 -0.069448284373404487 0.131148377491384 0.054746645665545879 0.10773354327467161 0.037217250733540687 0.093377092514783891 -0.04049110367617114 0.10469408096675629
leaf_weight=14200.737472916953 2145.3301972672343 4423.7278121551499 207.64212123584002 100.45054176263511 1408.3054033853114 295.51392797753215 2219.6483440231532 85626.253514657728 2110.107262166217 326.26426274329424 1100.6065801717341 211.30753362737596 257.23784045409411 28703.617185765877 494.74516613315791 2220.6405593827367 327.7714515523985 609.7040492258966 562.62142219394445 1337.9657455589622 1060.8502597734332 555.24911950621754 1256.0108241494745 168.27718225307763 2285.4593123663217 133.01389886252582 1794.1797767579556 1745.6279643718153 1800.7935794945806 620.52156505919993 873.55954730417579 325.10500983893871 811.58246886823326 9598.3502602688968 614.28921941667795 824.11624336615205 1287.5956890434027 150.28518062923104 109.75320880301297 632.84018048550934 936.65040015988052 191.53874029219151 7.1063395738601676 121.97100759483874 157.31377706304193 375.96994473505765 586.70464403741062 228.57166054286063 61.380575057119131 133.11445683520287 83.253474568016827 3545.8090839423239 40.217371749691665 1650.0806509060785 101.39572296943516 432.2355422694236 1553.4159917645156 508.37770399823785 972.61511406674981 442.73041612096131 170.63482322264463 115.32045705989003
leaf_count=1152461 153590 342050 1505 2633 7615 2058 11017 7272838 161888 2751 44275 5865 3011 138705 4114 9876 12346 9936 5273 6045 5063 9035 16458 5559 23161 3846 14965 7382 7610 3091 8634 1426 45183 46462 2647 5882 5937 1274 541 4856 4478 11682 84 1199 2399 24744 14227 11406 2794 2511 1331 17649 671 16739 1051 1917 8911 2355 6947 3724 8369 2703
internal_value=-0.0100456 -0.0680986 0.0826635 0.00633472 0.0879198 0.0718909 0.0658539 -0.0755608 -0.0541948 0.0104231 0.0589162 0.0403935 0.0778726 0.107157 -0.0144069 0.0673228 0.0760573 0.00198168 0.0480758 0.0578004 0.0746906 0.0531632 0.0496405 -0.0682184 0.0499908 -0.0573526 0.0951713 0.0405183 0.0543791 0.0291527 0.0394167 0.0165616 -0.0263138 0.108851 0.0507486 0.0688519 0.089124 0.0502689 0.007297 0.0910402 0.0910761 0.0284327 0.130493 -0.00658164 -0.0424797 -0.0740176 0.0783294 -0.0601939 -0.00888122 0.0520527 0.0280072 0.106472 0.0439981 0.0516281 0.0676456 0.0745072 0.0591446 0.0679809 0.0499835 0.0554459 -0.0283742 0.0180594
internal_weight=187954 115580 72374.3 10531.4 69805.9 38077.9 5856.18 105048 19422.1 4559.43 28184 14255.1 13928.9 31728 1752.67 10175.4 2316.31 1842.35 12502.4 7954.81 3024.4 1963.55 6616.84 4675.26 12291.1 2243.12 4013.83 5422.95 3677.33 1876.53 7875.76 2610.56 1232.65 9893.86 5265.19 4415.36 2111.71 2303.65 672.375 1988.54 1193.89 421.067 107.557 313.51 1257.92 14862.7 1662.28 2568.4 423.067 194.495 251.531 3753.45 4650.9 3777.35 2127.26 2025.87 1593.63 1631.28 1122.9 1029.44 661.925 285.955
internal_count=9716755 9110392 606363 445639 436062 275644 96699 8664753 1391915 203638 227124 150019 77105 160418 50788 57951 37904 70717 99231 48075 21713 16650 42030 348940 93366 165734 25982 34541 27159 19549 65157 24587 60781 48520 40570 28209 11819 16390 5814 25558 7489 15598 2717 12881 46674 1188277 22807 170301 16711 5305 6890 19154 37923 29289 12550 11499 9582 10576 8221 17951 35816 11072
is_linear=0
shrinkage=0.08


Tree=13
num_leaves=63
num_cat=0
split_feature=0 10 18 18 10 1 18 10 11 1 13 11 1 16 16 0 11 11 15 11 15 15 9 13 11 15 9 10 11 2 9 11 13 1 12 11 16 10 13 16 10 11 15 1 14 0 11 14 1 9 15 10 15 11 13 15 0 11 10 9 15 11
split_gain=141310 9556.76 7399.92 6424.95 3268.33 2795.18 1731.16 3642.97 2942.02 1449.07 1397.8 754.951 634.704 614.99 603.576 467.789 448.577 397.155 379.806 379.777 655.095 346.217 344.628 331.493 315.243 308.183 292.443 282.379 278.737 292.516 290.922 264.262 263.845 263.16 298.749 226.228 216.22 371.063 214.261 209.599 412.319 206.438 268.956 328.417 206.068 204.218 201.726 186.495 185.928 262.921 173.097 168.789 167.793 163.979 160.892 159.125 154.849 184.273 160.876 152.345 170.994 188.525
threshold=0.50305816531181347 0.86847347021102916 1.5000000000000002 1.5000000000000002 0.99802371859550487 0.98542153835296642 1.5000000000000002 0.63502785563468944 0.62115561962127697 0.025850439444184307 1.0000000180025095e-35 0.57735043764114391 0.044796863570809371 7.5000000000000009 10.500000000000002 0.96347683668136608 0.71834933757781994 0.88589513301849376 2.5000000000000004 0.63453346490859996 2.5000000000000004 4.5000000000000009 0.68801230192184459 1.0000000180025095e-35 0.64549732208251964 3.5000000000000004 0.49366684257984167 0.65012311935424816 0.89386734366416942 1.0000000180025095e-35 0.92422503232955944 0.82413583993911754 1.0000000180025095e-35 0.37538850307464605 1.0000000180025095e-35 0.6569296419620515 7.5000000000000009 0.97845596075057995 1.0000000180025095e-35 7.5000000000000009 0.97845596075057995 0.57735043764114391 2.5000000000000004 0.71470496058464061 1.5000000000000002 0.78524649143219005 0.48313757777214056 4.5000000000000009 0.69941651821136486 0.95419579744339 5.5000000000000009 0.52342718839645397 2.5000000000000004 0.78319627046585094 1.0000000180025095e-35 1.5000000000000002 0.35593459010124212 0.8713812828063966 0.54502776265144359 0.61257407069206249 1.5000000000000002 0.43792808055877691
decision_type=2 2 2 2 2 2 2 2 2 2 2 2 2 2 2 2 2 2 2 2 2 2 2 2 2 2 2 2 2 2 2 2 2 2 2 2 2 2 2 2 2 2 2 2 2 2 2 2 2 2 2 2 2 2 2 2 2 2 2 2 2 2
left_child=1 6 4 9 5 10 7 56 33 19 13 22 24 51 26 17 -5 21 44 20 46 41 55 -11 25 59 -10 -7 29 39 -31 -32 -28 -9 -35 -4 37 48 -37 40 -20 -15 -43 53 -13 -27 -3 -23 -30 -50 -49 -2 -25 -44 -18 -12 -1 -58 -59 60 -6 -62
right_child=2 3 35 16 12 27 -8 8 14 23 11 18 -14 15 -16 -17 54 -19 28 -21 -22 47 -24 52 -26 45 32 -29 36 30 31 -33 -34 34 -36 38 -38 -39 -40 -41 -42 42 43 -45 -46 -47 -48 50 49 -51 -52 -53 -54 -55 -56 -57 57 58 -60 -61 61 -63
leaf_value=-0.07744329013742253 -0.040937516421609102 0.038517022763618465 -0.068045115089716252 -0.072098714343045517 0.082128340644421829 0.020323687609198619 -0.080281094731359401 -0.068712981142850987 0.2922438578438375 0.10953971216530471 0.045517985921353608 -0.0710747989940783 0.10674436836696574 0.021359649758244934 -0.025124379953796065 0.095636639985655719 0.1215682455885336 0.092692030657477636 -0.0084447322497382248 0.073342583144895029 -0.064059273090736765 -0.012158629028746726 0.043227536619172176 0.098860600162346102 0.10483545679686496 -0.02603194979507303 0.11321286297015241 0.10728984590856357 0.13537067026113719 -0.0022673753086801681 0.13587811803976801 0.050262203609015399 0.055305451654410379 -0.014995834237302963 0.24885198092015273 0.086900521676995288 0.084794917991324326 0.13451531891128607 -0.041215924536824898 0.034360886053806702 0.11290187590061201 0.10686381324260311 0.052072321479940474 0.0081491585057546501 0.090831740456667587 0.082370623657646483 0.34323811237410601 0.074267685748036522 -0.056540946990048448 0.035828707763834552 -0.032716759336631644 0.10325743422753786 0.046754411125421835 0.093734226121354902 -0.018646838459009857 -0.048058287342914625 -0.062585528549273947 -0.030389459049051108 0.11015053308400376 0.15429121799735143 -0.0096090880671599772 0.10003787720420436
leaf_weight=12064.444091227837 52.717291254550219 596.62652597855777 2081.6633080225438 4217.3817455191165 952.18707153201103 245.30226358771324 79141.593468178995 2075.4245316721499 41.225757889449596 2171.2056637909263 131.14693909231573 52.385036423802376 27235.855137653649 942.35713458992541 405.10934414342046 2177.1558104902506 99.374750962480903 1381.7285733744502 1757.2459675585851 377.07500379160047 811.61718896497041 881.44591750949621 478.67987728212029 579.37747734598815 1054.5531832352281 433.44040932226926 808.2271353919059 9231.0921584647149 80.112212410196662 282.11368758138269 435.5464129820466 490.6557970456779 1335.9242027467117 211.24691350571811 31.569500378333032 120.64432990830392 1324.1003651637584 212.45430698990822 271.66823982540518 5577.9982715686783 199.55982998013496 731.50559749826789 1687.7254291335121 789.00878073833883 1270.5904958257452 149.61471199244261 14.235631983727215 395.84174581151456 280.35347174666822 665.06681447476149 128.11628332454711 3591.4605430914089 1246.4284382732585 942.16142631322145 110.74051812291145 1027.4415199998766 1095.856139014475 161.27334699500352 77.024411617778242 126.05798980593681 333.02995327766985 143.64748462475836
leaf_count=1064110 485 12207 156693 347053 4030 1799 7271304 171639 445 10946 1835 252 137678 13611 18251 9971 1148 6440 20980 4258 52550 6135 4781 3106 5003 5831 6687 46815 458 2570 2391 2950 25008 12009 446 3287 6173 922 13052 48566 869 3515 8362 3342 6247 1081 197 1860 2386 4580 615 18646 11533 4034 3344 42249 81349 9434 1972 596 4808 968
internal_value=-0.00982126 -0.0674327 0.0783607 0.00614878 0.0833146 0.0674888 -0.0751527 -0.052983 0.00597612 0.0615739 0.0547652 0.0372374 0.102789 0.0730149 0.0645653 0.0628124 -0.0664149 0.0537433 0.043864 0.00196189 -0.0169599 0.0454614 -0.013874 0.0884128 0.0690413 0.0513859 0.0811913 0.105039 0.0391179 0.0323179 0.0688587 0.0905231 0.0771334 -0.0594935 0.019308 -0.057543 0.0623231 0.0382882 -0.00181743 0.026458 0.00393049 0.0551619 0.0628368 0.0534168 0.0844208 0.00178467 0.0456183 0.0103099 0.0183533 0.00843755 0.0481082 0.101171 0.0632891 0.0669978 0.0476684 -0.0374659 -0.0745833 -0.0487211 0.0150369 0.069985 0.0625473 0.0234332
internal_weight=178018 107673 70345.4 10224.1 67871.5 37443.1 97448.9 18307.3 4908.73 5796.57 27966.7 14265.5 30428.4 13701.2 2590.49 10057 4427.5 7879.89 12628.2 1799.55 1422.48 6498.16 1637.27 3997.01 3192.53 2137.98 2185.38 9476.39 11305.2 8743.12 1208.32 926.202 2144.15 2318.24 242.816 2473.98 2562.09 1237.99 392.313 7534.8 1956.81 5092.76 4150.4 3418.9 1322.98 583.055 610.862 1405.4 1025.53 945.42 523.958 3644.18 1825.81 2629.89 210.115 1158.59 13398.6 1334.15 238.298 1554.92 1428.86 476.677
internal_count=9715862 9108996 606866 446342 433834 273839 8662654 1391350 234485 94797 225225 148209 159995 77016 50391 57885 351545 47914 99344 69212 64954 41474 48865 25585 22317 17314 32140 48614 92845 78326 7911 5341 31695 184094 12455 173032 14519 8346 16339 70415 21849 32864 19253 15738 6499 6912 12404 8610 7424 6966 2475 19131 14639 12396 4492 44084 1156865 92755 11406 10402 9806 5776
is_linear=0
shrinkage=0.08


Tree=14
num_leaves=63
num_cat=0
split_feature=0 17 10 1 10 1 13 17 17 18 10 11 11 1 16 11 15 16 0 13 11 15 15 1 10 11 15 0 1 11 0 14 15 13 11 1 1 10 10 11 15 14 14 14 11 1 14 15 11 2 14 11 1 17 10 14 15 12 1 11 1 10
split_gain=126814 8076.86 7990.27 6998.23 3553.47 2910.78 1475.72 1032.91 986.831 909.194 2131.26 2021.88 823.087 629.492 572.055 526.847 799.354 517.284 444.935 421.526 376.056 354.339 334.104 324.831 321.325 307.244 296.764 297.667 263.847 337.675 313.523 238.895 302.313 235.174 230.612 213.361 208.27 187.461 184.834 179.569 195.376 309.466 255.493 179.03 172.838 235.354 181.775 420.886 211.713 172.482 272.914 179.958 167.589 166.304 233.259 165.978 165.388 158.843 150.107 148.027 146.987 158.59
threshold=0.48453648388385778 0.97900259494781505 0.82018429040908825 0.030159704387187961 0.99802371859550487 0.98542153835296642 1.0000000180025095e-35 0.76455190777778637 0.91820421814918529 1.5000000000000002 0.62169164419174205 0.64899966120719921 0.57735043764114391 0.044796863570809371 7.5000000000000009 0.64549732208251964 1.5000000000000002 10.500000000000002 0.96347683668136608 1.0000000180025095e-35 0.88589513301849376 3.5000000000000004 2.5000000000000004 0.030159704387187961 0.66801074147224437 0.64549732208251964 1.5000000000000002 0.78524649143219005 0.57392820715904247 0.75716623663902294 0.82525211572647106 3.5000000000000004 4.5000000000000009 1.0000000180025095e-35 0.38757824897766119 0.52133962512016307 0.78012987971305858 0.70497700572013866 0.97845596075057995 0.8713812828063966 2.5000000000000004 3.5000000000000004 4.5000000000000009 1.5000000000000002 0.92907443642616283 0.8991893231868745 4.5000000000000009 5.5000000000000009 0.82972848415374767 1.0000000180025095e-35 2.5000000000000004 0.68020617961883556 0.80159661173820507 0.78811821341514599 0.98369517922401439 3.5000000000000004 2.5000000000000004 1.0000000180025095e-35 0.79422575235366832 0.83424910902977001 0.65528607368469249 0.68360891938209545
decision_type=2 2 2 2 2 2 2 2 2 2 2 2 2 2 2 2 2 2 2 2 2 2 2 2 2 2 2 2 2 2 2 2 2 2 2 2 2 2 2 2 2 2 2 2 2 2 2 2 2 2 2 2 2 2 2 2 2 2 2 2 2 2
left_child=2 53 9 8 5 6 14 -5 -4 10 -1 35 23 25 37 16 -10 33 20 -9 22 39 34 -8 57 26 -6 -28 29 30 -24 58 -33 -13 -16 -12 38 -3 59 40 43 49 -43 -14 46 -46 52 48 -48 50 -42 -52 -34 -2 -55 -41 -56 -7 -23 -21 -45 -62
right_child=1 4 3 7 13 24 12 19 15 -11 11 17 21 -15 18 -17 -18 -19 -20 36 -22 31 28 -25 -26 -27 27 -29 -30 -31 -32 32 44 -35 -36 -37 -38 -39 -40 55 41 42 -44 60 45 -47 47 -49 -50 -51 51 -53 -54 54 56 -57 -58 -59 -60 -61 61 -63
leaf_value=-0.075229147418076001 -0.07628169119070792 0.023329178156610827 -0.076269688977825503 -0.066121433201540375 0.080782537152368092 -0.0090886272533490867 -0.047722978040370879 0.10364951934327361 0.065391370607194133 -0.080331054499598972 -0.068357399842956287 0.12175108054098864 -0.072179992439247151 0.10342990100506275 0.017513301449690617 0.066124515860994604 -0.058687093476897649 -0.046490515005329462 0.091470925341574846 0.011641483724456348 0.08833056772728623 -0.025067842020270108 0.0060849141565659315 0.021220689577262638 0.10429373566339335 0.1017174855551105 -0.0014499169282759328 0.091819754618513175 0.00926677935527692 0.077934620255919254 0.070978909264280882 0.050994500028162068 -0.025502869311966207 0.053702943119221615 0.10130162346204355 0.030488467763800615 0.094809123167509293 0.1003925652408774 0.11609964644764731 0.072262533199799486 -0.018106985744005766 -0.040856906383299904 0.12028642764822658 0.041525870770728189 0.12078429820385735 0.0042741720778160736 0.111952006673655 -0.021288096677193304 0.020520894364558475 0.099282007453447951 0.12771963531669633 0.041821243154146696 0.029351800389028831 -0.050506800461219872 0.20537573705753281 0.15678777160797996 0.0056024286566388739 0.11626450872907725 0.023882176735034549 0.068442329360420981 -0.050429883904408231 0.11290710320254213
leaf_weight=12126.196970499121 1818.0784167572856 214.74208532366902 4942.9171498790383 336.15098395384848 1007.3042080719024 244.07965993136168 1037.4139825887978 2240.9687837269157 426.18623140640557 70937.345198796131 1810.5329814767465 498.08655936270952 50.183985881507397 26087.98300424125 276.69736766722053 434.57938222493976 1508.3753148727119 254.15662203822285 2098.414262957871 962.15088706277311 1358.1758365742862 719.00382650084794 1475.1792022828013 756.16623646393418 8833.528375797905 1041.5589553499594 885.34535741712898 290.96382649708539 1854.1238739229739 1352.4638287350535 703.79818786866963 3959.3558030612767 1058.6596777830273 935.5707802483812 875.16413405258209 151.44929005391896 583.3762500686571 3410.1405056398362 175.60885644890368 864.86976018734276 387.80110710021108 456.24374788813293 73.052846095524728 370.57786811795086 228.87964638043195 215.37834157794714 407.06540578510612 499.33892147708684 269.3206076528877 376.69736572727561 207.31520365644246 631.74583595711738 537.38729156367481 771.19539807923138 38.529221770353615 179.54883896000683 85.106508441269398 88.029307350516319 906.33487801160663 422.61407228000462 40.328607398085296 671.56934480927885
leaf_count=1133706 146625 1866 455643 25579 4391 2162 50607 12785 6768 7062353 159623 4076 249 138483 3392 5755 111244 13763 9926 18932 6568 8324 19259 11262 47078 5127 12557 2092 7906 5903 3524 29049 14171 21112 4562 7202 3340 18598 914 4583 3776 4135 550 1930 1125 1243 3302 5403 2010 2144 1593 4343 5560 55995 1723 868 4600 397 8017 2556 448 3239
internal_value=-0.00966964 0.0729382 -0.0679907 -0.00690107 0.0784174 0.0621695 0.0495666 0.0690279 -0.0559229 -0.076468 -0.0590974 -0.00550065 0.0321722 0.0993079 0.0686027 -0.0134719 -0.0313525 0.058697 0.0587282 0.079389 0.0500261 0.0391257 0.0420683 -0.0186566 0.101389 0.0659654 0.0489121 0.0216206 0.0337043 0.0465348 0.0270453 0.029922 0.0361951 0.0773445 0.0811742 -0.0607273 0.0540283 0.0958272 0.0387815 0.0579194 0.0486845 0.0344245 -0.0186161 0.0755368 0.0179751 0.0642996 0.0105503 0.0344201 0.0755463 0.051932 0.0373935 0.063045 -0.00703336 -0.0623858 -0.0341526 0.0867935 0.0678588 0.0241377 0.00222807 0.0289764 0.082385 0.103654
internal_weight=168461 69714.8 98746.3 12032.9 67001.9 37688.8 28523.1 4720.87 7312.06 86713.3 15776 3649.8 14904.2 29313.2 13618.9 2369.14 1934.56 1687.81 9994.02 4384.72 7895.6 13110.7 6537.43 1793.58 9165.64 3225.17 2183.61 1176.31 5385.57 3531.44 2178.98 8800.72 7175.39 1433.66 1151.86 1961.98 2143.75 3624.88 1560.37 4309.93 3265.52 2132.86 529.297 1132.66 3216.03 444.258 2771.77 1175.72 676.386 1603.56 1226.86 839.061 1596.05 2712.91 894.831 1044.42 123.636 332.109 1625.34 1384.76 1082.48 711.898
internal_count=9716016 670665 9045351 643516 461722 299072 249435 64106 579410 8401835 1339482 205776 167931 162650 81504 123767 118012 38951 61040 38527 51114 106062 44546 61869 49637 24167 19040 14649 36592 28686 22783 78204 61863 25188 7954 166825 25742 20464 22402 27858 22407 16541 4685 5866 32814 2368 30446 10715 5312 11856 9712 5936 19731 208943 62318 5451 6323 2559 16341 21488 5617 3687
is_linear=0
shrinkage=0.08


Tree=15
num_leaves=63
num_cat=0
split_feature=0 10 17 1 10 1 13 17 18 10 11 17 1 1 16 10 16 11 0 10 13 11 15 11 15 11 10 15 15 0 0 1 11 1 0 15 11 15 13 11 2 11 16 10 16 10 17 1 10 14 1 10 1 11 16 1 13 10 1 11 15 14
split_gain=114339 7713.43 7072.98 6199.56 3445.5 2793.84 1333.41 940.837 924.672 2029.29 1718.93 879.847 714.513 678.776 583.109 511.708 444.305 437.164 425.575 401.968 389.93 355.627 330.35 324.766 400.421 322.262 294.292 281.801 277.836 250.479 237.586 231.513 215.236 259.512 223.523 212.791 201.285 194.677 188.93 181.192 233.759 216.979 182.608 330.3 182.072 339.833 174.361 207.811 241.48 186.554 173.715 172.779 167.893 159.939 159.741 158.47 156.183 150.355 145.524 140.406 201.383 136.735
threshold=0.48453648388385778 0.82018429040908825 0.97900259494781505 0.030159704387187961 0.99802371859550487 0.98542153835296642 1.0000000180025095e-35 0.8813900649547578 1.5000000000000002 0.62169164419174205 0.63453346490859996 0.76828601956367504 0.044796863570809371 1.0000000180025095e-35 7.5000000000000009 0.97845596075057995 10.500000000000002 0.71834933757781994 0.96347683668136608 0.68010151386260997 1.0000000180025095e-35 0.86582550406456005 2.5000000000000004 0.6569296419620515 1.5000000000000002 0.64549732208251964 0.66801074147224437 2.5000000000000004 2.5000000000000004 0.78524649143219005 0.74717828631401073 0.73157235980033886 0.44033896923065191 0.47506056725978857 0.74717828631401073 2.5000000000000004 0.39767442643642431 2.5000000000000004 1.0000000180025095e-35 0.89386734366416942 1.0000000180025095e-35 0.80735492706298839 8.5000000000000018 0.97845596075057995 7.5000000000000009 0.97375312447547924 0.83224776387214672 0.039196547120809562 0.83886700868606578 2.5000000000000004 0.6944321095943452 0.70845237374305736 0.98542153835296642 0.77581480145454418 10.500000000000002 0.69941651821136486 1.0000000180025095e-35 0.872827708721161 0.64393138885498058 0.6569296419620515 2.5000000000000004 1.5000000000000002
decision_type=2 2 2 2 2 2 2 2 2 2 2 2 2 2 2 2 2 2 2 2 2 2 2 2 2 2 2 2 2 2 2 2 2 2 2 2 2 2 2 2 2 2 2 2 2 2 2 2 2 2 2 2 2 2 2 2 2 2 2 2 2 2
left_child=1 8 46 7 5 6 14 -3 9 -1 50 -5 25 17 51 23 35 30 21 -15 -13 27 31 24 38 28 -7 36 -6 -30 -8 -21 -29 34 53 -12 -16 58 54 40 42 -42 43 -24 45 55 -2 -48 -49 -50 -11 -4 -39 -34 57 -41 -37 -9 -22 60 -17 -33
right_child=2 3 4 11 12 26 13 15 -10 10 16 20 -14 19 18 59 -18 -19 -20 22 37 -23 39 -25 -26 -27 -28 32 29 -31 -32 61 33 -35 -36 56 -38 52 -40 44 41 -43 -44 -45 -46 -47 47 48 49 -51 -52 -53 -54 -55 -56 -57 -58 -59 -60 -61 -62 -63
leaf_value=-0.074805833488477025 -0.073934432160418131 -0.076527940211290321 0.025136058243119101 -0.063529366857733235 0.065310633931404766 0.024273100817833293 -0.046488854002143178 0.60903251360970945 -0.080233491898887857 -0.06614261676060959 0.13472126643455615 0.097652988998415749 0.10058389259463252 -0.036488361888765149 0.016158899155370651 0.071025185877400643 -0.045614487848341885 0.068032125676935562 0.087551313604859266 0.040330210219286185 0.036326333547733534 0.078793156790279678 -0.0035551840328688776 0.040265304470493708 -0.066931703006985102 0.097691929147758969 0.10128606607535481 -0.059573235336218347 -0.021051015817619308 0.077032414721794701 0.043578860509798062 -0.063721708383016176 0.0051687220785956133 0.010603195044774735 0.068048952641518654 0.09214085665467503 0.095120729668090487 0.028119703675819493 -0.0084393083754476846 0.11093891397653391 0.10545692078398906 0.036009572290035194 0.032562199994296014 0.097225080195326052 0.074233972472021181 0.11801519678948923 -0.051949914373979444 -0.048533434069947513 0.49222437322901735 0.10251483781641635 0.076125328575152224 0.097575514124611601 0.14104452877939377 0.070226849530577062 -0.0092528928512450332 0.0015879195285579105 0.033299551890253638 0.17810993656633334 0.11715404255786008 0.12538207584226821 -0.034451486764008665 0.1114597005644203
leaf_weight=11275.415393672884 1845.4745831321925 4443.904774508439 225.13588531315327 319.39655654411763 1369.1923537636176 330.04771969653666 1294.5520275328308 5.7889628028497091 65555.387713560835 1720.722171317786 241.36331627517939 2208.6904678735882 24799.041073992848 464.63939878437668 279.21518551278859 294.19885652605444 269.4289322309196 331.11214364692569 2034.4264801964164 655.26923304796219 223.68396970164031 1700.3826119937003 2224.2750251209363 301.55068942904472 1338.9523686226457 1017.3927598893642 8395.6763515686616 168.08272559940815 592.63311262335628 231.81164826918393 219.17459333408624 29.640420652925968 901.25255062431097 2016.3303179573268 1586.2345760278404 433.16280391439795 794.59228211734444 1453.7423759447411 138.42513637058437 93.350327633321285 451.51019936334342 794.73226814903319 4953.3202075883746 229.61750079877675 1307.0392662733793 236.46275344491005 531.31169571448117 83.817988157272339 8.7116631371900421 80.553313380107284 56.740558519028127 3292.6107339849696 89.446839490905404 330.53869351744652 28.749586402438581 927.83587063476443 865.66415365133435 49.424627894535661 393.07120831497014 122.36737164948136 191.09838086552918 751.5105963498354
leaf_count=1134534 158758 442492 1935 25874 7801 2567 57260 377 7061409 160495 3149 12780 138594 11946 3431 3001 15747 1902 9960 3809 2457 8315 24326 4161 114659 5169 47148 8271 9705 1657 2881 139 9002 8648 7684 4042 4263 20632 4826 477 2500 4830 39531 1025 6047 1073 42797 5242 205 1614 1946 18646 456 1468 541 6454 20273 696 2015 701 9353 3755
internal_value=-0.00932362 -0.0673512 0.0696914 -0.00637326 0.0748164 0.0587983 0.0465931 -0.0545249 -0.0761489 -0.0581326 -0.00572291 0.0646464 0.0959862 0.0302021 0.064995 -0.014947 0.0491623 -0.0152342 0.0549755 0.0365915 0.0740175 0.0464535 0.0392747 -0.0357411 -0.0504207 0.0604776 0.0983731 0.0374035 0.0432179 0.0065274 -0.0334478 0.0753968 0.0294214 0.0325156 0.0481942 0.0657419 0.0745888 0.0498486 0.0489884 0.0346495 0.0291145 0.0611702 0.0237212 0.0058751 0.0533252 0.0315952 -0.0610101 -0.0271489 0.0489825 0.140548 -0.0616011 0.0929394 0.0346651 0.0226264 0.143666 0.0115841 0.0529233 0.223291 0.0878396 0.0488009 0.029491 0.104813
internal_weight=159599 92020.4 67578.5 11602.5 65028.6 37018.6 28292.8 6914.46 80417.9 14862.5 3587.08 4688.03 28010.1 14964 13328.8 2470.56 1809.62 1844.84 9811.06 13119.2 4368.63 7776.63 12654.6 1862.89 1561.34 3211.03 8725.72 6076.25 2193.64 824.445 1513.73 1436.42 5002.44 4834.36 2818.03 1540.19 1073.81 2159.94 222.388 11218.1 8653.46 1246.24 7407.21 2453.89 2564.69 1257.65 2549.87 704.395 173.083 89.265 1777.46 3517.75 1543.19 1231.79 83.9632 1021.19 1298.83 55.2136 616.755 607.665 485.297 781.151
internal_count=9717451 9046616 670835 645021 462219 299293 249578 580807 8401595 1340186 205652 64214 162926 167955 81623 138315 43211 62043 61042 105912 38340 51082 93966 125260 121099 24332 49715 42767 19163 11362 60141 7703 35073 26802 18154 27464 7694 25560 6440 86263 72212 7330 64882 25351 14051 8004 208616 49858 7061 1819 162441 20581 21088 10470 1614 6931 24315 1073 4472 13055 12354 3894
is_linear=0
shrinkage=0.08


Tree=16
num_leaves=63
num_cat=0
split_feature=0 10 17 17 10 1 11 13 18 10 11 15 1 11 16 15 0 16 11 15 15 11 9 11 1 15 10 13 11 9 11 11 10 10 9 13 10 17 1 15 11 11 1 9 11 14 14 11 3 16 10 3 17 13 1 12 15 1 11 14 9 15
split_gain=102485 7723.58 5808.65 5587.51 3310.72 2650.28 1540.74 1201.39 971.346 1961.74 1504.64 840.475 687.992 534.505 502.346 419.434 387.959 317.236 306.257 307.552 304.887 303.403 295.489 280.906 266.001 265.635 257.331 250.78 227.073 212.168 206.842 194.829 192.382 188.153 185.98 183.722 175.111 165.209 164.644 162.077 161.692 216.897 193.194 204.048 239.28 201.088 170.089 168.208 163.302 161.64 291.157 161.408 157.659 194.828 236.815 153.025 151.63 214.444 183.039 150.14 142.037 140.094
threshold=0.49369765818119055 0.81585493683815014 0.95076024532318126 0.97900259494781505 0.99802371859550487 0.98542153835296642 0.56294015049934398 1.0000000180025095e-35 1.5000000000000002 0.62169164419174205 0.6569296419620515 2.5000000000000004 0.039196547120809562 0.4654348492622376 8.5000000000000018 3.5000000000000004 0.96347683668136608 11.500000000000002 0.89386734366416942 4.5000000000000009 2.5000000000000004 0.72255688905715953 0.7320508360862733 0.64549732208251964 0.63316449522972118 4.5000000000000009 0.64654055237770092 1.0000000180025095e-35 0.68020617961883556 0.70064932107925426 0.44033896923065191 0.78086891770362865 0.62169164419174205 0.56263530254364025 0.58898940682411205 1.0000000180025095e-35 0.89672946929931652 0.60394704341888439 0.73157235980033886 1.5000000000000002 0.89386734366416942 0.71503761410713207 0.19525992870330813 0.8521554470062257 0.77836257219314586 3.5000000000000004 2.5000000000000004 0.80735492706298839 1.0000000180025095e-35 7.5000000000000009 0.97845596075057995 1.0000000180025095e-35 0.78811821341514599 1.0000000180025095e-35 0.044796863570809371 1.0000000180025095e-35 2.5000000000000004 0.77378845214843761 0.71834933757781994 2.5000000000000004 0.71892556548118602 1.5000000000000002
decision_type=2 2 2 2 2 2 2 2 2 2 2 2 2 2 2 2 2 2 2 2 2 2 2 2 2 2 2 2 2 2 2 2 2 2 2 2 2 2 2 2 2 2 2 2 2 2 2 2 2 2 2 2 2 2 2 2 2 2 2 2 2 2
left_child=1 8 21 52 5 7 11 14 9 -1 24 30 23 39 32 29 18 35 19 36 38 -3 28 25 -11 61 -7 -17 -22 -8 55 -29 -5 -24 -30 -12 -16 -23 -15 -9 41 46 -43 47 45 48 -35 -44 -45 50 -42 -46 -2 54 -54 -4 -38 58 -58 -56 -13 -6
right_child=3 2 6 4 12 26 15 13 -10 10 17 60 -14 20 16 27 -18 -19 -20 -21 22 37 33 -25 -26 -27 -28 31 34 -31 -32 -33 -34 40 -36 -37 56 -39 -40 -41 49 42 43 44 51 -47 -48 -49 -50 -51 -52 -53 53 -55 59 -57 57 -59 -60 -61 -62 -63
leaf_value=-0.07403535719149007 -0.074646289243229177 -0.074283187687955041 -0.0097241744751315178 -0.010945900425550433 0.070689014948447884 0.017238602825288527 0.12365797341673973 0.040063972616610759 -0.080124077669796706 -0.064211545438508058 0.098702004398322232 -0.066812308364287268 0.097540965400756352 0.037925711494234737 0.00051101069406722904 0.071113383644952843 0.082851240290518074 -0.056046648158721089 0.083095523885264685 0.00066286766489186578 -0.026781727403993785 -0.070312274462032032 -0.056731972491591967 0.093834559620490754 0.064107489300467807 -0.061678698266714564 0.098208789947324251 -0.0098544162704323323 0.22546330508754855 0.072244624167417892 0.13205763898760009 0.051725833059131261 0.087522495573866058 -0.0082663821872411038 0.026049030566974225 0.040316077709088287 0.079058703886426815 0.079578149519501262 0.091775728240842319 -0.055157912204568754 0.013346499897676872 0.063002290893967444 -0.038253886117713236 -0.01298425748596423 0.003309329773470327 0.081491213262936735 0.0605945543576474 0.028219662654267227 0.10377032773049219 0.07061461685149914 0.11836460550456632 0.043804685337719314 -0.01573093133450704 -0.056535354549070001 0.57871700456695063 0.063144560502761196 0.02827057287686411 -0.0088130520526002315 0.070063249744041073 0.12912069698151477 0.066760080958597867 0.028111533771176068
leaf_weight=10519.786423151381 1412.0557709429413 4942.1828970890492 373.5054462691769 131.10512389056385 968.29069833084941 259.44197736959904 897.53455854393542 140.59307540673763 60539.094170358032 1678.6494201924652 517.75545176304877 1100.3519776454195 23459.106296308339 688.95772413350642 509.68210898153484 1302.5730959596112 1882.9784249812365 167.61735651176423 986.68394187092781 1304.242294290103 1029.179284343496 73.758901834487915 149.95028917118907 932.31952316686511 110.1763779791072 149.41872347891331 7908.3068295828998 643.80516320560127 31.940620188601315 1201.1917697302997 140.84031229745597 672.05571666266769 4040.3930797204375 265.44343092758209 475.94211055897176 1033.3152377502993 908.244369992055 130.02073838934302 768.92532289400697 614.05672543309629 1041.3054975811392 626.78505766112357 701.95297324843705 346.15052085928619 2633.0369881046936 709.60932368971407 1698.5341650256887 373.13373479433358 98.482764713466167 1316.0659198686481 201.68246798217297 828.03233184572309 177.99088495969772 532.66483194101602 5.2068891739472738 364.37396790087223 1258.7447389159352 455.46496321260929 1435.6454153172672 54.616577125154436 53.424333778209984 1010.9585151355714
leaf_count=1135867 130252 521992 14976 1259 4317 2029 6257 2279 7055047 163960 4005 85864 138274 3989 6216 10991 9552 10511 5157 8367 25995 4660 4585 4896 3790 2461 46883 17018 259 7133 1466 4336 23609 2502 4039 21834 6039 3421 4205 35841 7086 3310 5745 3405 23419 5066 13610 2639 496 6155 926 4857 12609 42975 138 5802 11284 1936 6492 1223 1252 11765
internal_value=-0.00924138 -0.0661788 -0.00631493 0.0670554 0.0714603 0.0555973 0.042497 0.043771 -0.0757289 -0.0567603 -0.00494858 -0.015732 0.0928865 0.0281636 0.0615862 0.0675864 0.0506862 0.048507 0.0418557 0.0349261 0.0317024 -0.0703387 0.0276728 0.0572152 -0.0563082 0.0411765 0.0956368 0.0462294 -0.00518127 0.0942319 0.0432166 0.0215967 0.0844278 0.0322677 0.0385901 0.0598056 0.0447093 0.0253247 0.0663276 -0.0374178 0.0334988 0.0280675 0.0208484 0.0162053 0.0235168 0.0550595 0.0512876 -0.0151827 0.012876 0.0510749 0.0303863 0.0129975 -0.0587636 -0.0296555 0.0305511 0.0262593 0.0502605 0.0419567 0.0505389 0.168252 -0.0606274 0.0489413
internal_weight=150985 86462 11895.6 64523.3 62340.8 35820.7 6749.66 27652.9 74566.4 14027.3 3507.51 2032.5 26520.1 14739.8 12913.2 4717.16 8741.69 1718.69 6858.71 5872.02 13985.1 5145.96 12527.2 3060.99 1788.83 2128.67 8167.75 2618.43 1537.06 2098.73 878.72 1315.86 4171.5 10990.2 507.883 1551.07 4567.78 203.78 1457.88 754.65 10840.2 8281.16 6317.18 5690.4 4615.31 1154.24 1963.98 1075.09 444.633 2559.05 1242.99 3461.07 2182.53 770.479 237.814 737.879 4058.1 3149.86 2694.39 59.8235 1153.78 1979.25
internal_count=9718323 9080182 685168 638141 450944 289231 155095 240319 8395014 1339967 204100 109360 161713 160408 79911 45735 55043 36350 45491 40334 122288 530073 114094 23439 167750 18543 48912 32345 30293 13390 22244 21354 24868 83801 4298 25839 31967 8081 8194 38120 79216 65049 48937 45627 37243 8967 16112 8384 3901 14167 8012 28276 187197 56945 13970 20778 25751 19712 17776 1361 87116 16082
is_linear=0
shrinkage=0.08


Tree=17
num_leaves=63
num_cat=0
split_feature=0 10 17 17 10 1 1 13 1 18 10 1 12 16 1 10 0 13 10 10 16 10 9 15 13 15 15 9 9 1 15 0 14 15 9 1 14 9 9 16 16 10 12 9 15 9 10 16 14 15 16 14 15 15 1 9 10 0 0 10 15 14
split_gain=92059.4 6707.63 5878.69 5735.42 3522.37 2760.48 1650.79 1161.99 748.364 616.727 1289.62 922.018 593.753 523.613 522.198 370.331 368.689 366.08 353.832 315.378 278.664 272.258 269.25 259.559 255.239 251.928 251.831 241.179 229.74 275.691 232.312 244.067 225.275 258.964 633.826 231.146 219.549 464.865 205.902 202.824 196.409 274.343 194.811 188.707 188.06 179.861 175.427 180.82 174.149 236.976 168.94 167.549 204.72 160.05 168.081 159.983 156.115 145.226 141.565 141.503 140.127 202.037
threshold=0.47750945389270788 0.78696113824844371 0.97900259494781505 0.95076024532318126 0.99802371859550487 0.98542153835296642 0.025850439444184307 1.0000000180025095e-35 0.050634842365980155 1.5000000000000002 0.59953919053077709 0.044796863570809371 1.0000000180025095e-35 7.5000000000000009 1.0000000180025095e-35 0.97845596075057995 0.96347683668136608 1.0000000180025095e-35 0.90952175855636608 0.56263530254364025 10.500000000000002 0.72021508216857921 0.58643680810928356 4.5000000000000009 1.0000000180025095e-35 1.5000000000000002 3.5000000000000004 0.75716623663902294 0.8521554470062257 0.80159661173820507 2.5000000000000004 0.07814680784940721 3.5000000000000004 4.5000000000000009 0.99350652098655712 0.77378845214843761 2.5000000000000004 0.9807620942592622 0.51887464523315441 7.5000000000000009 8.5000000000000018 0.97845596075057995 1.0000000180025095e-35 0.77015757560729992 1.5000000000000002 0.5673658847808839 0.75959178805351268 8.5000000000000018 3.5000000000000004 2.5000000000000004 8.5000000000000018 4.5000000000000009 5.5000000000000009 2.5000000000000004 0.63662931323051464 0.71516755223274242 0.75056561827659618 0.30022829771041876 0.91171297430992138 0.56263530254364025 4.5000000000000009 4.5000000000000009
decision_type=2 2 2 2 2 2 2 2 2 2 2 2 2 2 2 2 2 2 2 2 2 2 2 2 2 2 2 2 2 2 2 2 2 2 2 2 2 2 2 2 2 2 2 2 2 2 2 2 2 2 2 2 2 2 2 2 2 2 2 2 2 2
left_child=1 9 43 27 5 7 15 13 22 10 -1 -12 20 59 18 24 23 -8 -9 -16 28 -7 25 56 44 -6 36 -3 29 -13 31 -31 -28 34 35 -34 40 38 -38 -27 41 -21 -29 58 -5 -46 -45 -48 -40 -50 -37 -25 -53 54 -19 -20 -15 -14 -2 -4 -24 -62
right_child=2 3 4 6 8 21 17 14 -10 -11 11 12 57 16 19 -17 -18 53 55 26 -22 -23 60 51 -26 39 32 42 -30 30 -32 -33 33 -35 -36 50 37 -39 48 -41 -42 -43 -44 46 45 -47 47 -49 49 -51 -52 52 -54 -55 -56 -57 -58 -59 -60 -61 61 -63
leaf_value=-0.075233971825147697 -0.068734135270969332 -0.07519429933545832 -0.022955007967261146 0.11353869755853443 0.065134598181209175 0.03254214822882278 0.091770442001134142 -0.057738245538004496 0.095378633758194553 -0.080163591884533397 -0.070030908593970237 -0.038210798513002076 0.19280121744925738 -0.050395682225279459 -0.059338496858181225 0.041876303899578325 0.079352072286565822 0.023574967370073256 -0.0057935622767389828 -0.026400768005421304 -0.066680830935138116 0.0968090749625094 0.092797536315731774 -0.0076028210368217558 -0.056464804841309092 -0.051599324281557356 -0.0020619410128881023 -0.034221271112057534 0.049385623602729772 0.10615390249012187 -0.040488326378740502 0.57317045599923266 0.045725575287281613 0.013653339010907935 0.12981578774038377 -0.040416747281425816 0.12288231729375484 0.098388750581341736 0.041714363103294155 0.029421915084639986 0.050711038594668432 0.12764368821273533 0.12558093477776822 -0.071116526720600745 -0.053713437381805569 0.043185472090758605 0.15105561517299249 -0.012334140155968117 0.078603713352158086 -0.050365882141487434 0.028842729873429649 0.068573577579858602 -0.031307684939537832 0.031844975012326041 0.11128315688152129 0.062329583080333296 0.0495972554833045 0.079984707648046577 0.42333044822532118 0.087165672904414737 -0.098315257124836755 0.093569052866061417
leaf_weight=9353.1843390492722 2116.1185292508453 5334.0983509756625 76.445324616506696 91.795896894298494 957.16596769727767 447.36635147687048 2094.8588770311326 751.07224768586457 22217.565568763763 54688.72352320049 1211.6938340077177 518.87308315280825 104.7740112952888 101.69257810153067 248.21607963740826 531.4927148129791 1883.5535794720054 217.33871898055077 766.9105237564072 638.28213473502547 332.62165207788348 7404.0899817384779 1105.8441319009289 1043.5579396756366 1145.2280554296449 269.21979193203151 1746.2732596574351 236.92360475193709 629.6514826733619 16.956985043361787 21.990469315089285 12.398340623825787 2182.7231868039817 3209.3761473745108 486.64505441114306 408.99427245277911 156.64927861467004 1177.8017993075773 1356.8596810530871 744.80994840431958 710.17283230274916 83.693368129432201 61.495929789729416 135.93946945760399 278.65897215344012 218.9037232901901 69.074982644990087 116.39076311793178 125.31111186463386 334.7903892993927 502.12723352387547 516.10421039536595 176.15985509846359 1603.3516719974577 392.13499307073653 309.73649471998215 5757.3492830973119 241.00365839526057 3.7485164152458301 3234.7865663925186 63.114330351352692 79.170427044853568
leaf_count=1094015 211764 615983 951 1574 4317 3333 12380 39476 138436 6902222 124154 37816 1808 1523 9278 10033 9907 2242 24415 4819 29038 46471 6059 7554 93463 5474 17169 17760 14779 451 888 233 13629 29627 2288 3562 1507 6018 8839 8406 4278 380 2065 10246 24787 5220 1586 3954 834 3570 2852 2636 878 21193 2143 1924 39384 3071 123 20112 398 435
internal_value=-0.00907569 -0.0665872 0.062538 -0.0120358 0.0673884 0.0512285 0.0387246 0.039468 0.0901553 -0.0765061 -0.0604309 -0.0156226 0.0194769 0.0572367 0.0245126 -0.0165484 0.0476693 0.0678013 -0.0155948 0.0299963 -0.00188859 0.0931472 0.0541074 0.0398119 -0.0344503 0.0356975 0.0316864 -0.0712788 0.0160728 -0.0207122 0.156119 0.3034 0.0235646 0.0301555 0.0449472 0.0315978 0.046812 0.0586151 0.0348792 0.00791118 0.0208396 -0.00854351 -0.0012905 -0.0592034 0.00832789 -0.0110826 -0.00208136 0.0485188 0.027292 -0.0152403 -0.00224723 0.0126407 0.0431569 0.04511 0.0800064 0.0138045 0.0478617 0.114169 -0.067864 0.0846234 0.0831824 0.00845347
internal_weight=143053 79338.2 63714.9 12206.3 61273.6 35836.7 6573.76 27985.3 25436.9 67131.9 12443.1 3089.96 1878.27 12789.6 15195.6 2266.08 9478.42 4307.68 1827.72 13367.9 1532.49 7851.46 3219.32 7594.86 1734.59 1971.2 13119.7 5632.52 1199.87 570.219 51.3458 29.3553 8536.14 6789.87 3580.49 3093.84 4583.56 3151.41 1973.61 1014.03 1432.15 721.976 298.42 2441.27 589.359 497.563 321.405 185.466 1816.96 460.102 911.122 1735.82 692.264 2212.83 609.474 1076.65 5859.04 345.778 2119.87 3311.23 1248.13 142.285
internal_count=9715730 9017318 698412 808843 470739 307214 173035 257410 163525 8208475 1306253 212238 88084 82945 174465 135077 61882 37958 65815 108650 83205 49804 25089 51975 125044 18197 99372 635808 54167 39388 1572 684 69127 51958 22331 20043 30245 20768 14750 13880 9477 5199 19825 227673 31581 30007 15786 5540 13243 4404 6414 11068 3514 25578 4385 26339 40907 4879 211887 21063 6892 833
is_linear=0
shrinkage=0.08


Tree=18
num_leaves=63
num_cat=0
split_feature=0 18 17 13 12 6 11 9 11 11 11 15 11 15 15 15 15 15 9 16 9 9 14 16 14 15 15 9 11 16 11 2 11 9 16 9 9 17 13 11 15 15 0 14 15 9 14 15 9 9 11 14 11 11 11 0 12 8 15 3 11 6
split_gain=82693.8 6027.03 5184.92 3096.08 3041 1811.02 1432.15 1412.04 1369.26 1045.32 580.986 530.194 465.498 382.028 323.058 310.686 308.214 299.364 354.809 247.836 211.494 269.099 388.99 213.813 265.381 281.159 211.245 198.099 198.025 232.62 190.066 189.11 183.736 184.991 174.215 171.211 164.937 163.259 212.041 170.467 187.578 170.742 157.75 156.806 264.346 205.365 191.03 444.321 245.845 175.374 418.627 157.881 152.654 148.081 144.742 142.215 142.236 141.754 141.132 170.062 136.044 132.889
threshold=0.47750945389270788 1.5000000000000002 0.97487038373947155 1.0000000180025095e-35 1.0000000180025095e-35 1.0000000180025095e-35 0.57735043764114391 0.89386734366416942 0.62115561962127697 0.92718276381492626 0.54923507571220409 2.5000000000000004 0.57735043764114391 3.5000000000000004 2.5000000000000004 3.5000000000000004 3.5000000000000004 1.5000000000000002 0.68801230192184459 7.5000000000000009 0.57735043764114391 0.93908470869064342 2.5000000000000004 7.5000000000000009 3.5000000000000004 2.5000000000000004 2.5000000000000004 0.68208554387092601 0.78910300135612499 9.5000000000000018 0.82413583993911754 1.0000000180025095e-35 0.78086891770362865 0.55488622188568126 7.5000000000000009 0.4654348492622376 0.75134408473968517 0.75652486085891735 1.0000000180025095e-35 0.53144779801368724 2.5000000000000004 1.5000000000000002 0.67949557304382335 3.5000000000000004 4.5000000000000009 0.90521115064620983 4.5000000000000009 5.5000000000000009 0.80229884386062633 0.99350652098655712 0.85540068149566661 4.5000000000000009 0.99397590756416332 0.80982515215873729 0.4654348492622376 0.78524649143219005 1.0000000180025095e-35 1.0000000180025095e-35 5.5000000000000009 1.0000000180025095e-35 0.84409722685813915 1.0000000180025095e-35
decision_type=2 2 2 2 2 2 2 2 2 2 2 2 2 2 2 2 2 2 2 2 2 2 2 2 2 2 2 2 2 2 2 2 2 2 2 2 2 2 2 2 2 2 2 2 2 2 2 2 2 2 2 2 2 2 2 2 2 2 2 2 2 2
left_child=1 4 37 7 5 28 11 10 26 12 15 54 17 20 -12 -4 -8 -5 -19 -15 -14 23 -23 42 53 -26 -7 -17 -1 36 35 -9 33 -10 -18 -16 -30 -2 39 41 -41 -39 -22 60 45 51 48 -48 -46 50 -50 57 -11 -25 61 -37 -57 -45 59 -51 -21 -6
right_child=2 -3 3 9 6 8 16 31 32 52 14 -13 13 19 30 27 34 18 -20 43 21 22 -24 24 25 -27 -28 -29 29 -31 -32 -33 -34 -35 -36 55 -38 38 -40 40 -42 -43 -44 44 46 -47 47 -49 49 58 -52 -53 -54 -55 -56 56 -58 -59 -60 -61 -62 -63
leaf_value=-0.071582643458458398 -0.075973260067623893 -0.078782248739192651 0.039644909728887394 0.073143563921469326 -0.029006952361206408 -0.0092822813687900973 0.10967642818663194 0.075954057782509937 0.14647610002147682 0.056957447831191978 0.094323826077276129 -0.062373378822003563 0.13015147946018651 0.0043937348890646741 0.15915012298917511 -0.044132419873978597 0.074339913071454836 -0.040531751320833392 0.035519999750610813 -0.01263296024354401 0.021179371877813928 0.024665286895800862 0.089809821289195943 0.041641546349676879 0.11230083525079577 -0.056352950718789541 -0.067956203719290204 0.057421225015185533 0.07349758605043992 -0.073299979636740856 0.079631387468523954 0.092441770723271532 0.046125299850466241 -0.0010344154428324401 0.018864842358637071 0.037230631453008048 -0.029364219443341538 0.17371278735879256 -0.058107915191571706 0.35772679587640305 0.060021512347135979 -0.062574415057678856 -0.058512698291330198 0.05631561184487497 -0.076339129196245192 0.083374332850547919 0.08499985691930631 -0.030559316331308026 0.012669578663038758 -0.045955213553520662 0.19834550690581371 -0.06690095674352789 0.087983933250310828 0.098894924475812399 0.1433282688895984 -0.012688806045901111 0.065524391552289521 0.015899167779210837 0.062373155719211537 0.12958475184471874 0.053574778440693013 0.057181720381696055
leaf_weight=6745.3404274675995 1391.5760958488099 56095.023851254489 2252.0573507519439 273.4906943468377 196.9201706238091 516.48722669389099 955.99557715281844 5770.1223146412522 57.071795511990786 1735.422424393706 1991.4682965762913 928.26155077107251 218.42506721056998 2508.7836427558213 93.076444665901363 545.36466018855572 880.92688436340541 1248.6655578948557 572.66199412755668 755.19906456349418 439.45603267848492 896.68986320588738 1696.5068644657731 768.17117778630927 83.173057828098536 264.2510971641168 1638.7345807850361 158.70964069850743 110.16545715462416 929.19761481275782 2036.1422877572477 19492.539233922027 1776.3321518125013 1166.9991308785975 615.39586103986949 2960.1375671522692 1057.0530470041558 22.946027664467692 613.11997939879075 15.660171139985321 100.30205694260076 133.11623815633357 249.07220920361578 1830.1964482972398 234.90132276900113 976.22300985548645 615.17372135072947 325.68105625268072 387.61920323781669 469.73395634908229 97.201069394126534 84.727427939884365 2444.441523338668 463.61043091583997 71.423968025483191 156.57990808039904 2998.522478884086 797.35710555920377 124.22209037654102 38.193127457983792 269.51612577494234 273.51125562656671
leaf_count=800110 150752 7560801 21500 3233 13597 32111 7781 32257 1347 9781 12333 90751 1302 25812 504 15216 9526 59902 5889 7619 4055 6131 10412 4563 430 2750 172314 1012 4698 113217 11674 130567 37108 53004 14737 18604 98559 910 57897 203 3670 12540 1864 13642 4775 5380 3958 2965 3908 4584 612 1496 16302 2351 1058 805 16595 4702 1141 231 1619 7445
internal_value=-0.00888865 -0.0658794 0.0595877 0.0641346 -0.025489 -0.0429346 0.0367663 0.077598 -0.00525058 0.0393256 0.0563841 -0.0256673 0.030365 0.035427 0.0654063 0.0251436 0.0741941 -0.00490046 -0.0166196 0.02597 0.0531421 0.0496817 0.0672838 0.0295534 0.0457734 -0.0159774 -0.0538953 -0.0212406 -0.0649082 -0.0434326 0.0584212 0.0886759 0.0296915 0.0058432 0.0515246 0.0514649 -0.0196558 -0.0588878 -0.0320269 0.0267575 0.100225 -0.0278328 -0.0076489 0.0336963 0.0386502 0.0519098 0.0173182 0.0449985 -0.0019463 0.0136987 0.0498955 0.0405849 0.0751022 0.0631902 0.0372145 0.0498259 0.0616429 0.0440508 -0.0140621 -0.0327556 0.00478071 0.0211036
internal_weight=135615 74014.8 61600.2 59323.5 17919.8 13997.4 3922.44 38454.7 5155.62 20868.8 13192.1 1470.12 16688.9 14594.1 10235.9 2956.13 2452.32 2094.82 1821.33 9514.73 5079.36 4860.93 2593.2 2267.73 1579.21 347.424 2155.22 704.074 8841.76 2096.42 8244.46 25262.7 3000.4 1224.07 1496.32 6208.32 1167.22 2276.72 885.144 272.024 115.962 156.062 688.528 7005.94 5981.23 3688.5 2292.73 940.855 1351.87 1116.97 484.82 2712.28 4179.86 1231.78 541.855 6115.24 3155.1 2627.55 632.149 507.927 1024.72 470.431
internal_count=9716612 9018164 698448 472476 1457363 1312468 144895 261067 295884 211409 98243 112851 185326 116302 60515 37728 32044 69024 65791 82444 33858 32556 16543 16013 10094 3180 204425 16228 1016584 216474 48182 162824 91459 54351 24263 36508 103257 225972 75220 17323 3873 13450 5919 56632 47394 25220 22174 6923 15251 10476 4520 19840 26083 6914 22100 36004 17400 18344 5956 4815 9238 21042
is_linear=0
shrinkage=0.08


Tree=19
num_leaves=63
num_cat=0
split_feature=0 17 10 17 10 1 1 13 1 16 17 10 11 11 11 0 10 11 15 15 15 11 15 11 11 12 16 9 10 1 11 2 15 0 14 0 15 9 1 11 11 17 17 11 9 15 12 1 11 0 9 9 14 14 3 10 10 11 11 16 3 1
split_gain=74188.3 5832.71 5487.65 4476.41 3667.78 2711.21 1301.67 1034.59 821.72 558.609 520.674 1063.43 899.739 519.781 350.509 326.29 318.055 300.409 438.042 288.94 259.197 258.444 257.949 255.167 240.501 237.909 236.966 223.266 220.433 219.613 217.296 210.72 207.784 216.756 187.82 209.341 212.53 571.108 201.424 218.045 191.856 184.333 181.536 174.077 173.914 158.812 157.398 157.144 241.742 169.59 152.889 154.489 269.038 265.545 172.027 150.607 149.736 145.192 144.358 140.546 139.756 139.424
threshold=0.45584397017955786 0.99164968729019176 0.77909308671951305 0.94676586985588085 0.99802371859550487 0.98542153835296642 0.025850439444184307 1.0000000180025095e-35 0.044796863570809371 7.5000000000000009 0.99999865889549266 0.59953919053077709 0.69860392808914196 0.4654348492622376 0.89386734366416942 0.96347683668136608 0.72021508216857921 0.65545505285263073 1.5000000000000002 3.5000000000000004 2.5000000000000004 0.64549732208251964 2.5000000000000004 0.68208554387092601 0.39767442643642431 1.0000000180025095e-35 10.500000000000002 0.99350652098655712 0.97845596075057995 0.5536804497241975 0.45199692249298101 1.0000000180025095e-35 2.5000000000000004 0.82525211572647106 3.5000000000000004 0.91171297430992138 4.5000000000000009 0.99350652098655712 0.80159661173820507 0.87895435094833385 0.79118216037750255 0.68545380234718334 0.62719374895095836 0.86582550406456005 0.77015757560729992 2.5000000000000004 1.0000000180025095e-35 0.82482829689979564 0.78319627046585094 0.78524649143219005 0.47140522301197058 0.93643951416015636 2.5000000000000004 3.5000000000000004 1.0000000180025095e-35 0.52342718839645397 0.75959178805351268 0.78086891770362865 0.82413583993911754 8.5000000000000018 1.0000000180025095e-35 0.27810649573802954
decision_type=2 2 2 2 2 2 2 2 2 2 2 2 2 2 2 2 2 2 2 2 2 2 2 2 2 2 2 2 2 2 2 2 2 2 2 2 2 2 2 2 2 2 2 2 2 2 2 2 2 2 2 2 2 2 2 2 2 2 2 2 2 2
left_child=2 28 10 23 5 7 17 9 21 55 -1 -12 29 -9 15 22 46 18 -5 43 -8 32 24 -4 -11 -25 -14 30 44 -13 -24 57 -6 -34 -21 36 37 38 39 -36 -40 -30 -27 50 -2 -43 -7 48 49 -32 -15 -52 54 -54 -53 -3 -46 -22 -55 -58 -29 -59
right_child=1 4 3 6 8 16 20 13 -10 14 11 12 26 19 -16 -17 -18 -19 -20 34 31 -23 27 25 -26 42 -28 60 41 -31 47 -33 33 -35 35 -37 -38 -39 40 -41 -42 45 -44 -45 56 -47 -48 -49 -50 -51 51 52 53 58 -56 -57 59 61 -60 -61 -62 -63
leaf_value=-0.080018920266558241 -0.074907965315379355 -0.041564180568253013 -0.07503214914174397 0.043458272354334908 0.051435071294208524 -0.0009139806075846111 0.093736883145023833 -0.041260935489767281 0.091124672554293143 0.0026783544544504473 -0.074727931584991913 -0.066607421130407587 0.055171394519233877 0.12152768279795385 0.078737194155307902 0.068364802045260506 0.092673914503597341 0.046102764217797784 -0.05640163054574128 -0.0078082530732799292 0.01071181667377295 0.083193841198083596 -0.056879896033893075 -0.039132818015823537 0.086067779236083802 -0.058182506154059024 -0.054308020344282538 -0.0283601078561234 -0.072740814105497306 0.025064675466257395 0.002915871254704432 0.083161673130301969 -0.018070661982158193 0.087484972482820181 0.017631247206741842 0.060049701567006376 0.00072888575592977101 0.12227936042165237 0.059968832166391789 0.073852125769301447 -0.042393522490605497 0.15481216677185841 0.21290076055221016 0.065741527405916614 -0.068256146830441997 0.0018535277704035259 0.1032752044938603 -0.025164421499571807 0.064264405662876917 0.043880367148156151 0.013261020427737569 -0.02605840063419752 0.11552098242137243 0.058387497235903377 0.058597854571701816 0.081539989129702159 0.11614385477377098 0.12072925966444897 -0.046099013108753334 -0.025713087743273601 0.044267203238751621 0.040712537656069102
leaf_weight=46276.703703638632 2112.0499205752276 64.919937732629478 4509.4177148793824 365.0529746171087 1385.65258843638 362.77482972852886 1154.050455971621 856.28526567295194 20035.832664448768 311.14337727380916 8139.9278268404305 1348.9163257479668 925.63534061843529 114.02515616593882 1300.9484890140593 1440.838348723948 6679.4974597450346 375.71362080750987 1222.9527202621102 1874.1487463219091 911.01910531101748 900.39363318495452 188.31608598958701 229.21644003596157 766.96842689719051 23.173943828325719 146.56800483772531 846.22735770791769 121.78688616957515 190.92046330729499 1429.4303290215321 771.34420019062236 688.49383622407913 151.99142623692751 2479.5173317575827 767.50124935619533 3211.5500287245959 375.29404192976654 149.55035966541618 537.14345158264041 541.49520642636344 65.000975883565843 49.754918969236314 1165.1760964961722 169.05678150290623 130.98493183217943 124.69274032115936 296.28151554893702 1247.3656843863428 1181.3167393710464 2083.7003547865897 389.78032106719911 480.81842664210126 289.32175439596176 253.55789383593947 3135.8031229199842 79.476874271407723 172.24360216129571 119.61137875914574 102.14882443239912 212.06476764380932 730.12665814021602
leaf_count=6833915 254022 1028 612741 6614 7960 3411 8187 51464 139086 3841 1088690 156212 19879 1048 7711 8062 46862 4999 117851 21709 17103 5190 9832 19081 4777 1633 11903 3669 12879 10678 12300 4696 10954 945 28098 4795 37911 2176 1222 2629 4531 3005 860 6384 16060 8557 669 1279 5950 5674 20052 3563 2770 1993 1279 21615 2014 1124 637 4552 1022 5048
internal_value=-0.00873098 0.0550521 -0.0665432 -0.0134358 0.0604384 0.0441984 0.0345132 0.0329999 0.0851723 0.0502481 -0.0763343 -0.0604758 -0.0160617 0.0193433 0.0402528 0.0339313 0.0881212 -0.0182259 -0.0334457 0.0228421 0.0622133 0.0470278 0.0262739 -0.0702634 0.0620016 0.000909022 0.0402058 0.0191422 -0.058154 -0.0552412 0.0271717 0.0481385 0.0323999 0.00101778 0.0150042 0.0203073 0.0161258 0.0282364 0.0187174 0.0276419 -0.0202411 0.00455309 0.126761 0.0387488 -0.0662453 0.052584 0.0257373 0.0309817 0.0352934 0.0214516 0.0303187 0.0274432 0.0467189 0.0752159 0.00730704 0.0790431 -0.0140725 0.033241 0.0278256 0.0363615 -0.0138068 0.0559861
internal_weight=128763 61219.9 67542.7 10514.1 58439.4 35277.1 5702.5 28110.1 23162.4 12421.6 57028.7 10752 2612.04 15688.5 9220.9 7919.95 7166.97 1963.72 1588.01 14832.2 3738.78 3126.53 6479.11 4811.56 1078.11 302.145 1072.2 5401 2780.51 1539.84 4342.71 2584.73 2226.14 840.485 9936.2 8062.05 7294.55 4083 3707.71 3016.66 691.046 317.773 72.9289 4895.99 2462.73 195.986 487.468 4154.39 3858.11 2610.75 3730.82 3616.79 1533.09 889.752 643.338 3200.72 350.682 1813.39 408.933 181.626 1058.29 902.37
internal_count=9716401 795187 8921214 799937 494098 329963 165622 279021 164135 86760 8121277 1287362 198672 192261 64117 56406 50942 129464 124465 140797 36158 25049 48344 634315 8618 21574 31782 39726 301089 166890 35035 27971 19859 11899 103071 81362 76567 38656 36480 30727 5753 24441 2493 37726 276648 11562 4080 25203 23924 17974 31342 30294 10242 5400 4842 22643 22626 23275 2630 6566 4691 6172
is_linear=0
shrinkage=0.08


Tree=20
num_leaves=63
num_cat=0
split_feature=0 10 18 11 10 1 12 1 18 18 15 18 10 11 11 16 10 15 11 10 0 15 10 11 10 11 16 11 15 15 11 1 0 9 2 11 1 11 15 15 11 14 9 9 9 10 2 9 11 9 15 10 1 1 9 10 16 9 1 12 10 3
split_gain=66925.8 5319.33 5096.74 4191.69 3557.93 2616.71 890.974 868.322 756.677 645.286 579.433 447.462 847.263 690.718 439.601 433.359 325.564 314.691 295.964 287.148 284.467 277.395 262.543 261.679 237.049 233.179 218.935 211.382 205.395 202.633 201.661 194.624 270.255 185.676 185.401 178.598 181.741 174.898 275.945 210.877 173.569 170.191 156.868 155.378 165.634 154.266 136.743 180.108 218.162 137.331 134.127 270.591 132.77 129.348 174.252 138.743 158.605 208.391 127.63 125.69 122.648 119.471
threshold=0.45584397017955786 0.76718232035636913 1.5000000000000002 0.60397014021873485 0.99802371859550487 0.98542153835296642 1.0000000180025095e-35 0.050634842365980155 1.5000000000000002 2.5000000000000004 2.5000000000000004 1.5000000000000002 0.59381821751594555 0.68208554387092601 0.57735043764114391 7.5000000000000009 0.72021508216857921 2.5000000000000004 0.89386734366416942 0.56263530254364025 0.96347683668136608 2.5000000000000004 0.96987840533256542 0.71834933757781994 0.89198908209800731 0.43792808055877691 10.500000000000002 0.89386734366416942 2.5000000000000004 4.5000000000000009 0.41955395042896276 0.60515213012695324 0.74717828631401073 0.77015757560729992 1.0000000180025095e-35 0.75905716419219982 0.20009342581033709 0.53144779801368724 1.5000000000000002 2.5000000000000004 0.62316370010375988 4.5000000000000009 0.69804355502128612 0.50287353992462169 0.90521115064620983 0.76718232035636913 1.0000000180025095e-35 0.92422503232955944 0.82413583993911754 0.50287353992462169 1.5000000000000002 0.96196502447128307 0.67605918645858776 0.69941651821136486 0.96922346949577343 0.97375312447547924 7.5000000000000009 0.95419579744339 0.78700488805770885 1.0000000180025095e-35 0.98369517922401439 1.0000000180025095e-35
decision_type=2 2 2 2 2 2 2 2 2 2 2 2 2 2 2 2 2 2 2 2 2 2 2 2 2 2 2 2 2 2 2 2 2 2 2 2 2 2 2 2 2 2 2 2 2 2 2 2 2 2 2 2 2 2 2 2 2 2 2 2 2 2
left_child=1 11 4 8 5 6 14 23 10 17 25 12 -1 52 24 -8 59 -5 20 -16 28 58 33 29 -2 -3 -15 46 30 -6 -17 32 40 -4 35 43 -37 38 -24 -39 -30 -31 -12 -19 60 -35 49 -48 -49 -23 51 -10 -14 54 -29 56 57 -55 61 -7 -45 -21
right_child=2 3 22 9 7 16 15 -9 50 -11 42 -13 13 26 19 18 -18 34 -20 21 -22 27 37 -25 -26 -27 -28 53 31 41 -32 -33 -34 45 -36 36 -38 39 -40 -41 -42 -43 -44 44 -46 -47 47 48 -50 -51 -52 -53 -54 55 -56 -57 -58 -59 -60 -61 -62 -63
leaf_value=-0.074413145853278212 -0.054623918694926943 0.015632416552404611 -0.074922075312638295 0.09637874030557407 0.039377108858877137 -0.0012523894670616327 0.076523509247257482 0.089304696454709426 -0.048387062153333125 -0.041877279151208271 -0.05974184915241728 -0.079958051548372017 -0.065246457267835359 0.042314278608365001 -0.059312261703340877 0.005375773720718912 0.090980380555810217 0.24596428584896537 0.076268503893809458 0.049086308554283163 0.066384224166940509 0.15121196118973315 0.14905332305064711 0.092203080035698798 0.0041031881028437871 0.1199639751395101 -0.059918878335049781 0.086924143323092395 -0.034645378041908363 -0.093866039832005213 0.083376291151653195 -0.0036786971551072897 0.050947615996834339 -0.065237893803248015 0.073242429414513407 0.11921873221244481 0.036139053637101973 0.37626093672419592 -0.066206671515942228 0.046057878323152127 0.023462647499987825 0.072561974879118266 0.050130244354173181 -0.021837593091152005 0.10207268061766012 0.041451985821148167 -0.010274017757586804 0.096212117941222086 0.022985340301175796 0.011986086598755696 -0.077645426327256004 0.21116783312823939 0.031020328903140566 -0.052267897530646625 -0.016637101636866842 0.080439399631414651 0.052158477820804371 0.025483215513431582 0.0870350252337483 0.093860299298453409 0.088272216959846758 -0.053840842490366976
leaf_weight=7496.7530734953471 690.49504076922312 571.50696256943047 1946.5152739384212 948.36053264839575 2381.2563021164387 357.85161943547428 2641.5077607007697 18876.940642010421 195.38461906043813 481.5157838142477 1000.5857050921768 42394.115808973089 1254.4628938212991 926.08404825488105 262.12295121653005 307.75793779734522 6313.0008273180574 16.644632641226053 1199.9497590214014 601.32597353868186 1362.7605524659157 45.577052573673427 45.548883749172091 586.81319271028042 1212.0115664443001 180.36954779550433 156.75662401365116 622.84493409283459 476.70998039469123 136.86711725778878 682.71802127175033 1605.0843058656901 1830.010384186171 171.87978800479323 920.96898279152811 206.16895633842796 922.73223303910345 13.887849185150115 233.47230509342626 113.84796267282218 1061.6634805556387 55.178424606099725 90.703553518280387 738.16010174993426 90.267320113256574 175.09817790333182 347.97514695581049 475.69110524188727 575.29425277467817 8829.0446608960629 4186.659370536916 29.600429252721369 98.921181840822101 311.1501029394567 124.82204995676875 306.6508681923151 685.37930163554847 758.26604524813592 611.85142016783357 118.32199936360121 70.966679654549807 82.018872432410717
leaf_count=1079621 43832 19270 251251 6361 18445 3351 19075 139038 25310 54154 93199 6776348 155599 22039 9643 3534 47028 404 7454 3256 7904 571 1565 3717 32999 2015 14384 3006 13008 2470 4394 7033 10019 16639 7765 1842 7578 158 25368 4301 5964 505 2880 26345 1070 6183 2621 2529 3100 78710 618004 1340 4870 2463 642 1497 3336 4744 3782 655 558 408
internal_value=-0.00847238 -0.0658878 0.0525685 -0.0143529 0.0576968 0.0416573 0.0307519 0.0828073 -0.0564264 0.045514 -0.0133781 -0.0763772 -0.0610938 -0.0201077 0.0189653 0.0482105 0.0861691 0.0562645 0.0394392 0.0236665 0.0334074 0.0251793 -0.0548064 0.0439951 -0.0172112 0.0406608 0.0275146 0.021683 0.0258722 0.0330018 0.0591402 0.0192469 0.0301712 -0.0653117 0.0434378 0.0300148 0.0513117 0.00442731 -0.0310665 0.0819586 0.00545618 -0.046048 -0.0506097 0.00376901 -0.000713176 -0.0113982 0.0163656 0.0396119 0.0561288 0.0127011 -0.0744118 -0.0142384 -0.0582102 0.0411299 0.0696347 0.0307915 0.0221155 0.00286128 0.0604954 0.0223817 -0.0121801 0.0367324
internal_weight=122215 62977.7 59237.2 10650.6 56536.9 34499.9 27710.7 22037.1 6254.81 4395.79 1843.17 52327.1 9932.98 2436.22 16542.5 11168.2 6789.17 3914.27 8526.65 14640 7326.7 14377.9 2700.25 3160.12 1902.51 751.877 1082.84 13082.7 5963.94 2573.3 990.476 4973.47 3368.38 2293.49 2965.91 2044.94 1128.9 406.757 279.021 127.736 1538.37 192.046 1091.29 916.039 899.394 346.978 10273.6 1398.96 1050.99 8874.62 4411.64 224.985 1353.38 2809.11 747.667 2061.45 1754.8 1069.42 1295.2 476.174 809.127 683.345
internal_count=9717154 8920956 796198 868095 490733 326558 275524 164175 762018 106077 117364 8052861 1276513 196892 197139 78385 51034 51923 59310 120308 51856 110665 305465 25137 76831 21285 36423 103219 43952 21420 7928 36024 28991 274073 45562 37797 9420 31392 26933 4459 18972 2975 96079 28377 27973 22822 87531 8250 5629 79281 644654 26650 160469 15688 3648 12040 10543 7207 7446 4006 26903 3664
is_linear=0
shrinkage=0.08


Tree=21
num_leaves=63
num_cat=0
split_feature=0 18 17 13 12 9 6 11 11 11 11 15 11 15 15 15 2 15 9 9 14 14 15 9 14 11 14 15 9 9 15 11 16 9 11 17 13 11 15 14 14 9 0 14 15 16 8 16 2 8 15 11 15 11 11 11 11 8 14 15 11 15
split_gain=60418 4668.06 4638.73 2996.32 2116.24 1458.09 1237.22 969.556 940.656 928.911 541.1 364.972 412.74 346.879 323.105 315.454 241.905 240.874 302.497 237.309 333.195 231.85 381.252 482.133 229.84 209.45 200.762 354.346 358.915 205.715 199.312 197.196 211.153 195.52 269.528 191.705 209.275 189.757 185.272 284.864 261.322 220.872 175.433 166.639 525.94 208.53 171.179 161.957 160.329 157.484 155.521 153.676 152.692 149.098 145.008 143.69 143.037 140.049 134.164 228.083 151.166 134.129
threshold=0.45584397017955786 1.5000000000000002 0.99164968729019176 1.0000000180025095e-35 1.0000000180025095e-35 0.89512962102890026 1.0000000180025095e-35 0.5108746886253358 0.62115561962127697 0.92403846979141246 0.53889366984367382 3.5000000000000004 0.50944742560386669 3.5000000000000004 2.5000000000000004 2.5000000000000004 1.0000000180025095e-35 1.5000000000000002 0.62575301527977001 0.93582704663276683 2.5000000000000004 3.5000000000000004 4.5000000000000009 0.95419579744339 4.5000000000000009 0.77836257219314586 4.5000000000000009 5.5000000000000009 0.95803993940353405 0.81872946023941051 2.5000000000000004 0.78910300135612499 9.5000000000000018 0.99350652098655712 0.83910790085792553 0.76455190777778637 1.0000000180025095e-35 0.83424910902977001 4.5000000000000009 4.5000000000000009 4.5000000000000009 0.75134408473968517 0.82525211572647106 3.5000000000000004 2.5000000000000004 8.5000000000000018 1.0000000180025095e-35 6.5000000000000009 1.0000000180025095e-35 1.0000000180025095e-35 4.5000000000000009 0.77015757560729992 2.5000000000000004 0.92403846979141246 0.8263767957687379 0.80982515215873729 0.39250700175762182 1.0000000180025095e-35 3.5000000000000004 3.5000000000000004 0.88589513301849376 5.5000000000000009
decision_type=2 2 2 2 2 2 2 2 2 2 2 2 2 2 2 2 2 2 2 2 2 2 2 2 2 2 2 2 2 2 2 2 2 2 2 2 2 2 2 2 2 2 2 2 2 2 2 2 2 2 2 2 2 2 2 2 2 2 2 2 2 2
left_child=1 4 35 5 6 10 31 15 52 11 17 19 -13 -9 -12 -6 50 -4 30 43 -21 -14 23 24 47 -15 29 28 49 -24 56 -1 -33 34 -31 -2 -37 38 39 -16 41 -40 -11 45 46 57 -45 51 61 -28 58 -23 -8 54 -52 -47 -19 -5 59 -7 -61 -35
right_child=2 -3 3 9 7 16 8 13 -10 42 14 12 21 25 37 -17 -18 18 -20 20 -22 22 26 -25 -26 -27 27 -29 -30 33 -32 32 -34 48 -36 36 -38 -39 40 -41 -42 -43 -44 44 -46 55 -48 -49 -50 -51 53 -53 -54 -55 -56 -57 -58 -59 -60 60 -62 -63
leaf_value=-0.069706825185706867 -0.075225885676539456 -0.078309509260386129 0.045575519766544045 0.058215234553090828 0.019010656209746259 0.076879965818021659 -0.013414695736189535 0.10074485150796741 0.0236758946380866 0.053311500524063041 0.087602101981733627 -0.056712020749418536 -0.0082551311186500158 0.0090364407464872086 0.053562356273197657 -0.071281849528807215 0.087054805998386289 -0.015341731817433821 0.064267943557890311 0.019211328993408702 0.077868562113629788 0.050752024681805709 -0.06885383964497542 0.10084807107269148 -0.062848887835704123 0.071523735005981942 0.080444372013578222 -0.02560819942417028 0.16434332142934296 -0.0023001765629126108 -0.046407340879647194 -0.016031856462407713 -0.071461170978210892 -0.052270912360468533 0.11404550153801514 0.02222558672960703 -0.055577866575529676 0.074435305840045332 -0.089735134800203134 -0.075105591274682706 0.05399088294792051 0.011638635972573612 0.088389454802997827 0.018235456667655237 -0.055278639322474045 0.03888943894478758 0.1097376059531491 0.037684241304139499 0.063501223747122748 0.0050767141921361529 0.056666203372062851 -0.041127967924801716 -0.067806349277868952 0.093469611855724374 0.0016170853733660485 0.093170365364342922 0.065111085842948613 -0.015432353927015486 0.089071794941513627 -0.027560570389152116 0.085767691858791156 0.029599300481595012
leaf_weight=5544.0275774318725 1475.2957698190585 43984.747689342592 1156.3461116356775 225.41271997569129 421.36673125578091 1014.7795637100935 448.14270076435059 836.75776373269036 2482.4902058742009 2540.6711971024051 1799.2676172400825 505.96343281492591 1848.0248082880862 805.42296322947368 4877.6208095415495 600.61398146580905 16378.872161739506 369.26145678944886 352.34927261201665 980.87148922681808 1683.5533534758724 175.73763806605712 362.56078498344868 664.89846564643085 172.84741738438606 598.3361921524629 277.79198158252984 561.04653524467722 158.9963659690693 406.13173736073077 751.3417720743455 1049.0528353475966 757.40439476678148 673.60953052993864 185.70132050151005 330.56848245020956 669.11415062984452 1619.7677046451718 196.11260517826304 112.66626622900367 613.17282137926668 460.65593443391845 1423.8505380600691 325.59119995916262 562.90720950206742 1168.2506794305518 218.76462546503171 3442.9697980810888 116.50122338533401 491.16835681255907 737.02162241749465 345.65824413951486 1256.3533020620234 340.22956810891628 523.96391071844846 425.89826749637723 229.22734453342855 619.14615892246366 2145.0524905729108 271.29258152004331 104.2844296162948 158.13693135976791
leaf_count=799192 202643 7491615 5755 3044 20757 6570 29801 9733 84367 16744 13059 34545 20200 28518 30952 76473 130667 5470 2485 6705 11737 1872 8839 3937 3547 4511 2463 6070 797 4680 23507 102849 112965 7355 1277 21677 76825 10609 1960 1013 3705 2459 11121 8308 16325 13423 1467 27500 857 3714 4379 3251 160527 2309 2900 2282 1523 5028 14201 1364 691 1655
internal_value=-0.00826385 -0.0652326 0.0502311 0.0550716 -0.0263686 0.0696675 -0.0424552 0.0305196 -0.00774429 0.0310862 0.0479821 0.022848 0.0137888 0.0599739 0.0570138 -0.0340539 0.0823044 0.0173999 -0.00174064 0.038234 0.0562747 0.0173411 0.0231141 0.0376166 0.0274545 0.0356709 0.00258045 0.0245822 0.0549275 -0.014638 -0.018971 -0.0622272 -0.039272 -0.00187474 0.034206 -0.056898 -0.0298503 0.0500294 0.0437147 0.0506574 0.016433 -0.0186318 0.0659097 0.0246783 -0.00105913 0.036364 0.0550082 0.0313918 -0.0243939 0.0323038 0.0671569 -0.0101596 -0.0535058 0.0464726 0.0337922 0.0533913 0.0154725 0.00422418 0.076525 0.0571677 0.00390667 -0.0367052
internal_weight=116036 58784.7 57250.9 54775.9 14800 34053.3 11537.5 3262.5 4186.99 20722.7 12537.8 16758.1 10547.7 2240.52 9679.26 1021.98 21515.5 2858.53 1702.18 6210.4 2664.42 10041.8 8193.76 4802.11 4137.21 1403.76 3391.64 1489 927.957 1902.64 1349.83 7350.48 1806.46 1540.08 591.833 2474.98 999.683 7880 6260.23 4990.29 1269.94 656.769 3964.52 3545.97 1107.26 2438.71 544.356 3964.37 948.248 768.96 5136.62 521.396 1704.5 1601.22 1260.99 1594.15 598.489 844.559 3535.41 1390.36 375.577 831.746
internal_count=9716774 8921308 795466 494321 1429693 265578 1289701 139992 274695 228743 102497 200878 132559 42762 63757 97230 163081 38740 32985 68319 18442 98014 77814 40107 36170 33029 37707 13044 6974 24663 30500 1015006 215814 15824 5957 301145 98502 50698 40089 31965 8124 4419 27865 49877 26100 23777 9775 32623 9867 6177 32414 5123 190328 9588 7279 15705 6993 8072 22826 8625 2055 9010
is_linear=0
shrinkage=0.08


Tree=22
num_leaves=63
num_cat=0
split_feature=0 17 18 13 13 9 11 11 6 11 11 0 11 15 15 9 15 9 2 11 17 15 15 13 15 9 15 14 14 9 11 16 0 15 2 11 14 15 9 9 11 9 11 14 15 11 15 11 16 15 8 11 15 11 15 9 14 9 15 16 14 9
split_gain=54283.2 5044.87 3779.83 3004.15 1686.88 1508.68 909.322 878.789 747.837 671.075 525.316 460.642 434.816 379.446 308.889 303.887 287.145 369.876 267.889 212.061 205.178 202.907 201.297 200.578 179.43 265.755 177.213 300.712 237.628 179.834 173.075 184.768 171.347 158.543 157.164 150.102 148.293 207.46 216.991 151.419 143.932 139.56 136.07 134.243 224.924 149.752 126.091 123.975 123.863 121.522 119.934 112.357 109.242 128.781 109.341 107.671 104.685 399.445 265.102 150.049 123.595 260.816
threshold=0.43292918801307684 0.97900259494781505 1.5000000000000002 1.0000000180025095e-35 1.0000000180025095e-35 0.89512962102890026 0.99397590756416332 0.60397014021873485 1.0000000180025095e-35 0.7065996825695039 0.5108746886253358 0.82525211572647106 0.58380150794982921 2.5000000000000004 2.5000000000000004 0.51887464523315441 2.5000000000000004 0.61938297748565685 1.0000000180025095e-35 0.83424910902977001 0.78811821341514599 2.5000000000000004 4.5000000000000009 1.0000000180025095e-35 1.5000000000000002 0.70064932107925426 4.5000000000000009 4.5000000000000009 4.5000000000000009 0.75134408473968517 0.78910300135612499 10.500000000000002 0.17241422832012179 4.5000000000000009 1.0000000180025095e-35 0.92031747102737438 4.5000000000000009 5.5000000000000009 0.96178188920021068 0.78979855775833141 0.53144779801368724 0.47478812932968145 0.8713812828063966 3.5000000000000004 3.5000000000000004 0.88589513301849376 2.5000000000000004 0.72438782453536998 6.5000000000000009 1.5000000000000002 1.0000000180025095e-35 0.82167318463325512 2.5000000000000004 0.88589513301849376 4.5000000000000009 0.75134408473968517 3.5000000000000004 0.99350652098655712 3.5000000000000004 6.5000000000000009 2.5000000000000004 0.9807620942592622
decision_type=2 2 2 2 2 2 2 2 2 2 2 2 2 2 2 2 2 2 2 2 2 2 2 2 2 2 2 2 2 2 2 2 2 2 2 2 2 2 2 2 2 2 2 2 2 2 2 2 2 2 2 2 2 2 2 2 2 2 2 2 2 2
left_child=2 20 4 5 7 10 11 14 30 46 16 12 24 -12 -1 -14 -3 -18 33 26 -2 -9 56 40 -5 -26 27 41 29 -28 -6 55 -23 43 42 48 39 38 50 -24 49 -15 -34 44 -7 -46 -10 -31 -35 -22 -38 -50 -13 -54 -55 -32 58 -58 59 60 -17 -62
right_child=1 3 -4 6 8 18 -8 21 9 -11 13 52 15 19 -16 22 17 -19 -20 -21 23 32 36 -25 25 -27 28 -29 -30 47 31 -33 34 35 -36 -37 37 -39 -40 -41 -42 -43 -44 -45 45 -47 -48 -49 51 -51 -52 -53 53 54 -56 -57 57 -59 -60 -61 61 -63
leaf_value=0.01862107109689691 -0.073866341465282384 0.030801693149771339 -0.07822282490936118 0.040144492941288461 -0.069574526143931795 0.074468434962321584 0.078661610466893087 0.095968409606083119 -0.0076227660111728435 0.025171042042025575 0.086015110984770757 0.084893385797352436 0.12258557212552068 0.12755780196935954 -0.057899093579640182 -0.020094675103966723 -0.056658550706785389 0.07149333363966999 0.085424356045685421 0.072180094653910717 0.10866044619457212 -0.026419780071664116 -0.074015692695435245 -0.053775354852722355 -0.044550629985919306 0.027407452709556863 -0.07996646373764181 -0.075657434171202825 0.049194243160369251 0.051804715579400584 0.064424560382269999 -0.075175637811067855 0.0088825099455887135 0.075039325374722701 0.079967195784903952 0.089907734859837982 0.070496205528968361 -0.019425706299914726 0.13851414150790936 -0.0046843979894365013 0.082893841250448755 0.04686510239002549 0.088241472551136624 0.086709617462958161 -0.029077020931525956 0.085455039875824645 -0.059746173147636847 -0.029964392051555457 0.041208503511777898 -0.060231501889643123 0.0026463508253960848 -0.014211364298726901 0.032977311635983261 0.085516866517405005 0.032634258018724029 -0.026983257636706014 0.022794211231849687 0.083178247253151302 -0.017236551567281714 0.045383900266748094 -0.00060843791805701342 0.10732513101611274
leaf_weight=531.91198282409459 1850.3357548713684 1763.493797221221 40157.745225576218 290.36233120411634 4839.8732176148333 973.9666251805611 2062.067466060631 488.42316003656015 380.22892342181876 1464.6883061546832 1846.0852289251052 371.37475081998855 186.02220680564642 141.05291144177318 924.31281822593883 549.95146256685257 618.96481849765405 187.89678273862228 15417.886014171876 1577.7252736920491 34.213360318914056 232.36288780253381 236.09182977583259 643.71343833720312 1391.930841748137 429.93258176045492 214.13739099586383 126.73847603937611 618.68734657950699 222.99831652268767 90.387847249861807 587.59348520636559 658.27138996263966 300.62403197819367 573.49684864934534 345.55496549466625 264.37994370423257 507.43902532197535 134.32888599205762 1380.1814514943399 144.46351316664368 4988.4343590470962 175.04785714391619 2056.6600923552178 274.04098404850811 99.624403491616249 1357.4115649205633 253.64609384955838 516.38453932711855 134.27095228526741 451.43906592857093 428.32660074904561 3775.0232082298025 634.95428594946861 412.98024636507034 941.89523242367432 3890.6530069038272 855.23935623373836 1103.2335275276564 1579.2057985286228 494.94128728704527 201.66784115089104
leaf_count=29425 282228 13750 7399369 4389 751970 6614 17449 10237 27118 44373 14096 2614 1687 956 115745 3974 25441 1484 130664 10767 993 17686 6406 81735 88175 6779 2555 1317 3937 1316 4600 95864 20140 2058 8300 2481 2158 5447 727 15889 5355 33384 2062 14399 1376 692 164554 1304 2977 15118 3614 2271 25439 4178 2558 103538 36411 6457 12211 10710 3933 1392
internal_value=-0.00804946 0.04626 -0.0659993 0.0516782 -0.0289411 0.0667849 0.0281861 0.0179352 -0.0463283 -0.0147177 0.0449691 0.0227485 0.0151747 0.0532682 -0.0299487 0.0211422 0.0127151 -0.0268154 0.0802079 0.0458446 -0.0583143 0.0507091 0.0195222 -0.0282341 -0.0182611 -0.0275696 0.0395162 0.0460763 0.013184 -0.019068 -0.0619988 -0.0393641 0.0372232 0.064107 0.0477351 0.0432582 0.00156084 0.0210532 0.0452144 -0.0148117 0.0243026 0.049084 0.0255527 0.07385 0.0542247 0.00145882 -0.0483406 0.00829132 0.0303139 -0.0259354 0.027706 0.0160815 0.0430843 0.0398649 0.0646764 -0.0189795 0.0256796 0.0336758 0.016021 0.0290053 0.00825615 0.0306383
internal_weight=110387 56983.3 53403.7 54176.3 13245.9 32972.9 21203.4 3583.83 9662.08 3202.33 12559.9 19141.3 13947 9989.51 1456.22 11834.8 2570.36 806.862 20413.1 8143.42 2807 2127.6 11648.8 956.661 2112.23 1821.86 6565.69 5256.23 1309.47 690.782 6459.75 1619.88 1639.18 4995.18 1406.82 1590.89 2973.86 1357.59 850.148 1616.27 312.948 5129.49 833.319 3404.29 1347.63 373.665 1737.64 476.644 1245.34 168.484 715.819 944.711 5194.33 4822.96 1047.93 1032.28 8674.89 4745.89 3929 2825.77 1246.56 696.609
internal_count=9716846 921865 8794981 536436 1395612 273839 262597 203595 1192017 236045 110307 245148 210359 69632 145170 111016 40675 26925 163532 55536 385429 58425 109329 103201 99343 94954 44769 35657 9112 5175 955972 204002 48188 32868 30502 9787 34241 11946 6499 22295 21466 34340 22202 23081 8682 2068 191672 2620 7306 16111 5772 5248 34789 32175 6736 108138 75088 42868 32220 20009 9299 5325
is_linear=0
shrinkage=0.08


Tree=23
num_leaves=63
num_cat=0
split_feature=10 17 10 6 9 11 11 10 15 11 11 11 9 13 2 16 9 15 15 14 15 10 17 11 9 14 9 14 15 14 8 11 11 9 16 9 16 10 15 17 9 11 11 14 13 15 17 9 9 9 16 9 11 16 11 11 9 14 8 8 11 9
split_gain=50297 7240.93 3441.43 2569.16 2028.31 2011.06 993.367 821.6 805.874 1024.96 510.812 449.694 413.311 392.396 381.271 379.355 300.666 390.085 271.455 259.489 428.878 256.283 818.497 363.76 234.906 230.052 293.671 1022.66 814.316 271.281 227.337 341.419 277.633 239.256 217.753 216.557 193.637 303.56 175.356 174.501 172.777 313.568 162.519 161.63 204.321 161.361 192.274 156.797 176.818 156.774 154.388 143.538 140.024 136.299 135.39 132.145 133.865 132.025 130.918 128.511 129.929 140.817
threshold=0.81585493683815014 0.92236593365669262 0.99802371859550487 1.0000000180025095e-35 0.77849930524826061 0.89386734366416942 0.5108746886253358 0.52342718839645397 2.5000000000000004 0.45923791825771337 0.39250700175762182 0.99397590756416332 0.77015757560729992 1.0000000180025095e-35 1.0000000180025095e-35 10.500000000000002 0.64326763153076183 2.5000000000000004 4.5000000000000009 4.5000000000000009 5.5000000000000009 0.68010151386260997 0.95076024532318126 0.60397014021873485 0.95419579744339 2.5000000000000004 0.92805382609367382 3.5000000000000004 3.5000000000000004 4.5000000000000009 1.0000000180025095e-35 0.78086891770362865 0.76253134012222301 0.89386734366416942 10.500000000000002 0.76253134012222301 7.5000000000000009 0.97845596075057995 1.5000000000000002 0.60394704341888439 0.99350652098655712 0.83910790085792553 0.68020617961883556 3.5000000000000004 1.0000000180025095e-35 1.5000000000000002 0.68545380234718334 0.84660631418228161 0.52976614236831676 0.59299960732460033 7.5000000000000009 0.86526826024055492 0.72046515345573436 9.5000000000000018 0.81284341216087352 0.89699381589889537 0.54201978445053112 3.5000000000000004 1.0000000180025095e-35 1.0000000180025095e-35 0.82972848415374767 0.88273489475250255
decision_type=2 2 2 2 2 2 2 2 2 2 2 2 2 2 2 2 2 2 2 2 2 2 2 2 2 2 2 2 2 2 2 2 2 2 2 2 2 2 2 2 2 2 2 2 2 2 2 2 2 2 2 2 2 2 2 2 2 2 2 2 2 2
left_child=3 12 5 21 42 8 16 -6 10 49 38 13 45 -7 18 58 17 -4 25 35 24 -1 -23 -24 59 54 29 28 -28 30 31 -27 47 -33 -16 -20 37 -15 50 -14 41 -37 -5 44 -12 46 -2 48 -32 -10 -3 -8 -50 -41 -11 56 -25 -42 -9 -21 61 -61
right_child=1 2 6 4 7 11 51 15 9 14 43 -13 39 36 34 -17 -18 -19 19 20 -22 22 23 55 -26 26 27 -29 -30 -31 32 33 -34 -35 -36 40 -38 -39 -40 53 57 -43 -44 -45 -46 -47 -48 -49 52 -51 -52 -53 -54 -55 -56 -57 -58 -59 -60 60 -62 -63
leaf_value=-0.079069208572438654 -0.06041732107575995 0.098349690127513767 0.034754111196196161 -0.072702346654256997 -0.055242508745598898 0.078626441254914373 0.071801768820257114 0.0072586501757194487 -0.074336475422913106 -0.032710879812736078 0.08582570357637026 0.090178886398182223 -0.060611195787973575 0.0004705985053163218 0.056127456039419044 -0.04153466818062327 0.093066872502871725 -0.050135069641724435 -0.069564867044487888 0.06924225255420749 -0.037464540249397354 -0.077379082671082858 -0.055102243814378393 0.17280703950770357 0.14104594437578155 0.017128326911892058 0.11503198114337879 0.092507821858478598 -0.064390841417142491 -0.063245271966090616 0.19792817463376736 0.073794399115970716 -0.026397462082377358 -0.11737661637510309 0.022756962116190334 -0.0094035680217276381 0.054675710551349413 0.099508037032662214 -0.042014668327558992 0.13940061159108116 0.026892878959975823 0.094294739474540035 -0.019544112547968562 0.096296048066383477 0.034321131284017099 -0.072865222077277594 0.1069355009368301 0.055211264492900258 0.013575287109986008 0.021362329447473814 0.0073987005064047248 0.087810660812110655 -0.065528264953459425 -0.0055813554880578212 0.042571897156358486 0.13182323201434723 0.017857222036564754 -0.045620355832727867 0.049572382718648833 -0.01218886605754407 -0.051878088018279422 0.091119496155651
leaf_weight=35616.415931007825 114.84830069495365 157.68931885622442 1588.8744351407513 3764.8760461527854 921.9974680300802 2251.4452404342592 5016.89371710876 591.33055860362947 876.81032426841557 737.62510851584375 911.59548611147329 3415.4878441765904 80.754407666623592 1343.7843915298581 2530.6997992503457 410.57225694693625 388.37423353269696 443.04898655833676 449.74740630574524 400.19364130310714 518.15142708830535 2977.0327255157754 334.80219785310328 39.176691573578864 158.92956416122615 3138.0540573918261 216.97681777365506 1380.9845947856084 637.63946707639843 261.18272613082081 28.62830523122102 1177.3005046630278 1235.0863112444058 43.44472117908299 2475.7572106444277 813.03857805998996 1583.899632608518 232.31689155101776 331.84067084454 104.41435444913805 199.09533532895148 242.22483545541763 407.96606934955344 1091.84438090818 1073.3874418288469 3488.6914953594096 71.161563412752002 630.28101249691099 632.30899268854409 125.20141906989738 492.55039167357609 12554.152645718306 185.15197461238131 68.873402112629265 192.86307520419359 104.3484242935665 400.16609997116029 833.1511660432443 2243.1718361745588 180.44167514890432 156.94129765219986 158.72135961893946
leaf_count=7039965 16769 2496 10754 609206 84325 17654 37633 22806 100548 6827 7045 30770 8022 8332 19889 19846 3079 16431 17246 4318 5708 586732 47456 680 798 48594 1148 9178 5605 7625 191 6059 8081 257 16102 7582 8818 1289 20795 3759 2030 1394 29469 8629 7356 600080 6719 3784 4458 2156 7216 112265 1364 2756 1288 1873 15136 8090 27032 1264 1098 962
internal_value=-0.00781249 0.0426547 0.0503534 -0.0684241 -0.0280798 0.034679 0.0766213 0.0114001 0.0229561 0.0165413 0.0555394 0.0674502 -0.0621718 0.0531048 0.0205729 0.0303348 0.0285719 0.0162445 0.0140434 -0.00338395 0.0221408 -0.0769483 -0.0573559 0.0104987 0.0514089 0.0208676 0.024561 0.0499432 -0.0188375 0.0168211 0.0197788 0.0310931 0.00159062 0.0669909 0.0396253 -0.0192121 0.0349211 0.0150687 0.00530583 0.0365152 -0.00836372 0.0143993 -0.0675052 0.0715732 0.0579744 -0.0689943 0.00360664 0.0250046 0.00250262 -0.0623789 0.0294552 0.0832398 -0.00434138 0.0817774 -0.017107 0.0508955 0.0316743 -0.0316343 0.0407449 0.0355147 0.00830756 0.0361573
internal_weight=105234 57422.6 53493.8 47811.9 8339.91 33502.5 19991.3 4167.07 24675.5 20616.6 4058.91 8826.93 3928.74 5411.45 19614.6 3245.07 2420.3 2031.92 14608.2 4110.64 1573.38 39471.9 3855.53 878.493 1055.23 10497.5 9567.04 2235.6 854.616 7331.44 7070.26 4358.8 2711.46 1220.75 5006.46 2537.26 3160 1576.1 982.08 254.042 2087.51 1055.26 4172.84 3076.83 1984.98 3674.7 186.01 1476.37 846.089 1002.01 650.24 17571 817.461 173.288 930.488 543.691 439.343 1032.25 2834.5 896.298 496.104 339.163
internal_count=9716837 1232311 594206 8484526 792684 414044 180162 154009 347181 293644 53537 66863 638105 36093 190940 69684 30264 27185 154949 50490 14148 7691842 651877 65145 8440 104459 96344 15931 6753 80413 72788 54910 17878 6316 35991 36342 18439 9621 30507 14537 19096 8976 638675 23030 14401 623568 23488 9797 6013 102704 9712 149898 5822 6515 8115 17689 15816 10120 49838 7642 3324 2226
is_linear=0
shrinkage=0.08


Tree=24
num_leaves=63
num_cat=0
split_feature=10 17 10 18 10 11 16 11 15 11 11 11 9 14 15 9 14 15 14 15 11 15 9 9 9 9 11 15 3 15 12 11 14 9 14 3 11 9 6 9 3 11 12 9 0 9 12 11 3 16 11 8 14 12 16 9 15 11 9 11 11 15
split_gain=45249.2 6366.36 3297.76 2655.1 2565.77 1875.17 1187.54 1001.91 803.092 687.139 537.415 533.202 381.118 378.925 598.864 547.838 373.642 329.19 319.6 449.661 308.089 294.965 285.836 265.025 269.13 258.317 257.514 248.404 234.553 218.182 212.261 211.758 391.901 559.513 487.913 352.125 314.671 230.778 200.363 191.553 191.08 185.02 181.866 178.975 182.994 177.968 187.427 168.943 165.369 162.609 162.039 159.483 159.322 177.902 154.181 150.873 146.87 141.723 145.211 138.311 116.481 115.364
threshold=0.82018429040908825 0.90619257092475902 0.99802371859550487 1.5000000000000002 0.59381821751594555 0.92031747102737438 10.500000000000002 0.60397014021873485 3.5000000000000004 0.48610039055347448 0.41206791996955877 0.52419981360435497 0.68457102775573742 3.5000000000000004 4.5000000000000009 0.94392031431198131 4.5000000000000009 2.5000000000000004 4.5000000000000009 5.5000000000000009 0.99397590756416332 1.5000000000000002 0.75716623663902294 0.78830558061599743 0.99350652098655712 0.95419579744339 0.84074440598487865 2.5000000000000004 1.0000000180025095e-35 3.5000000000000004 1.0000000180025095e-35 0.84409722685813915 3.5000000000000004 0.94166260957717907 2.5000000000000004 1.0000000180025095e-35 0.69631093740463268 0.9807620942592622 1.0000000180025095e-35 0.51668518781661998 1.0000000180025095e-35 0.84409722685813915 1.0000000180025095e-35 0.68801230192184459 0.55393069982528698 0.89386734366416942 1.0000000180025095e-35 0.92718276381492626 1.0000000180025095e-35 7.5000000000000009 0.72255688905715953 1.0000000180025095e-35 3.5000000000000004 1.0000000180025095e-35 7.5000000000000009 0.62575301527977001 4.5000000000000009 0.43288287520408636 0.47140522301197058 0.78319627046585094 0.61143791675567638 5.5000000000000009
decision_type=2 2 2 2 2 2 2 2 2 2 2 2 2 2 2 2 2 2 2 2 2 2 2 2 2 2 2 2 2 2 2 2 2 2 2 2 2 2 2 2 2 2 2 2 2 2 2 2 2 2 2 2 2 2 2 2 2 2 2 2 2 2
left_child=3 22 5 4 38 8 11 12 10 -10 21 -6 27 41 15 16 42 52 23 25 30 54 -2 -16 26 51 -25 49 50 39 -7 32 34 -34 35 -19 43 55 -1 -13 -33 56 -15 -36 -45 -40 -47 -31 -21 -4 -26 60 53 59 -3 -38 -11 -29 -59 -12 -20 -52
right_child=1 2 7 -5 6 20 -8 -9 9 13 17 29 -14 14 18 -17 -18 31 19 48 -22 -23 -24 24 28 -27 -28 57 -30 47 -32 40 33 -35 36 -37 37 -39 45 -41 -42 -43 -44 44 -46 46 -48 -49 -50 -51 61 -53 -54 -55 -56 -57 -58 58 -60 -61 -62 -63
leaf_value=-0.076884540597763257 -0.070139417728989267 0.093984118807954403 0.0079083423969862707 -0.079179233034959426 -0.050360724472695129 0.037018850020867473 -0.06193789451169443 0.083076396640831163 -0.062658743615030682 -0.037538941373836308 0.011306616212568524 0.20850746009848603 0.081096391993860387 0.019417958236635887 -0.071215557736132612 0.090296107047088056 -0.066848358612330336 -0.037397750431649258 -0.037082040593887283 -0.039090633265654408 0.08906952248383887 -0.049731305315324069 0.017631448885083133 -0.0029435426562425772 0.042665439507225157 0.12484704303606627 0.080115657932329526 -0.061561846264412544 0.064744734532948864 0.010552654312588785 0.079680235158716348 0.082200240530158272 -0.055785840681638429 0.05592672882759353 0.03984414391313626 0.075719969323376893 0.14697426858733115 0.11032984381028245 -0.068615568073841421 0.056972620449938782 0.030269305754271603 0.021675543743222506 0.047082648762900955 0.23872090454470274 0.10491783376752381 -0.032692948730438251 0.078605759249874729 0.060778834070498534 0.092212972236717053 0.057383415792851625 -0.068405599316760185 0.0073742868393759254 0.093976060488008925 0.08339657376959074 0.0055539717433717647 0.010056188637941561 0.017158085304059895 0.073779573615950916 -0.016212370024865499 0.065916038721762868 0.079619202314853393 0.0038185231166583543
leaf_weight=4939.1129687009379 3241.6611887784675 168.43643952673301 705.41188860032707 32918.074007350951 509.67850571405143 1905.9465016685426 1277.6544602336362 15475.653976761736 757.00820464501157 1463.021908685565 666.37315082643181 55.818791636265814 891.21199288731441 3668.7714740480296 488.91999303689227 1009.9581839889288 260.76431198511273 660.56089106108993 61.835837515536696 679.97113456577063 3181.4426209051162 591.81180821126327 256.2334290612489 827.38019279995933 120.23763724137098 241.02994224429131 335.87174367159605 278.31650454970077 140.63907197862864 1793.0013032760471 1226.9005386568606 1009.7010330930352 735.40414369804785 470.52402525767684 246.608093787916 240.15413874387741 54.725385151803493 213.50043088942766 877.50795042701066 1225.9074175744317 823.1418732739985 731.99138149246573 2597.6345707080327 73.417698145378381 600.22282324172556 613.1688320483081 114.99534542998299 563.25093031628057 67.479849310591817 1070.1493021999486 807.35334572941065 650.83383081061766 1033.4670018157922 853.52793819690123 503.04500656900927 875.92075414489955 400.10907321050763 156.37798922834918 431.14004190918058 535.23891324549913 476.83157944167033 171.63204842247069
leaf_count=950782 592008 2619 5748 7127463 70869 11071 136712 140626 80791 15456 4654 1352 7498 37386 15817 6649 6787 5903 1863 6659 30635 50217 16113 6758 983 1383 1921 14087 914 46172 10460 7235 13968 3444 3673 1402 292 1343 112714 22446 5150 5128 19126 659 3423 36401 865 4812 491 6545 7281 4345 8233 6981 7436 5586 4860 2217 4432 3444 3107 1409
internal_value=-0.0078126 0.040738 0.0478132 -0.0674466 -0.0351815 0.0323826 0.00549894 0.0743012 0.0229882 0.0117304 0.0403377 0.0262723 0.0358589 0.0154346 0.021165 0.0354654 0.0269814 0.0471307 -9.40339e-05 0.0230513 0.0715338 -0.00855488 -0.0637099 -0.0175247 -0.00660115 0.0493266 0.0210386 0.0205957 -0.032533 0.0370086 0.0537261 0.0362129 0.0262534 -0.0121983 0.041892 -0.00723761 0.0633277 0.0353164 -0.0689036 0.0635719 0.0588777 -0.0124036 0.0308859 0.0981542 0.119501 -0.0443538 -0.0151161 0.022559 -0.0272365 0.0377275 -0.0449791 0.0340238 0.0683537 0.055469 0.0277361 0.0181075 -0.0257927 -0.0145362 0.00774053 0.0356315 0.0662226 -0.0557435
internal_weight=100024 55135.5 51637.6 44888.2 11970.1 32629.3 5425.31 19008.3 26315.1 15959.3 10355.8 4147.66 3532.61 15202.3 12607.1 7537.13 6527.17 9092.49 5070.02 2177.98 6314.29 1263.29 3497.89 2892.03 2403.11 1430.53 1163.25 2641.4 1239.86 3637.98 3132.85 6003.88 4171.04 1205.93 2965.11 900.715 2064.4 1144.15 6544.79 1281.73 1832.84 2595.12 6266.41 920.249 673.641 1605.67 728.164 2356.25 747.451 1775.56 1099.22 1189.5 3088.61 2055.14 671.481 930.646 1863.13 865.835 587.518 1201.61 538.667 978.985
internal_count=9716804 1206216 598095 8510588 1383125 416942 282363 181153 364776 229114 135662 145651 40527 148323 122879 69948 63299 75390 52931 17848 52166 60272 608121 35083 19266 10698 8679 33029 10587 74782 21531 52078 39693 17412 22281 7305 14976 7221 1100762 23798 12385 25444 56512 7755 4082 149980 37266 50984 7150 12293 9673 9315 23312 15079 10055 5878 20316 20736 6649 8098 4970 8690
is_linear=0
shrinkage=0.08


Tree=25
num_leaves=63
num_cat=0
split_feature=10 17 10 1 18 10 1 16 1 15 0 1 13 16 1 9 16 10 12 9 17 0 9 9 1 0 9 15 15 14 16 9 15 1 0 14 13 0 16 14 10 17 15 9 14 9 10 16 16 9 1 14 15 9 2 16 0 16 12 15 9 9
split_gain=41051.9 6768.33 3156.06 2549.58 1928.17 1892.62 1105.5 965.839 735.647 658.928 500.673 390.182 369.483 470.726 360.266 301.885 273.158 279.096 252.807 199.047 176.993 174.782 299.823 213.873 196.195 153.511 152.365 298.809 144.757 224.6 146.418 143.579 159.262 182.838 148.07 141.625 140.049 138.91 135.53 125.184 122.95 167.651 143.423 154.828 122.779 122.14 116.01 503.23 354.341 155.409 178.092 171.81 497.185 114.694 111.056 104.692 103.846 102.433 123.729 99.6237 98.6114 96.4919
threshold=0.79128783941268932 0.90619257092475902 0.99802371859550487 0.98542153835296642 1.5000000000000002 0.56916823983192455 0.044796863570809371 10.500000000000002 1.0000000180025095e-35 2.5000000000000004 0.78524649143219005 0.039196547120809562 1.0000000180025095e-35 7.5000000000000009 0.73157235980033886 0.75716623663902294 9.5000000000000018 0.90023696422576915 1.0000000180025095e-35 0.7320508360862733 0.63489040732383739 0.96347683668136608 0.99350652098655712 0.90521115064620983 0.72628778219223034 0.30316694080829626 0.58643680810928356 1.5000000000000002 4.5000000000000009 4.5000000000000009 6.5000000000000009 0.8589511811733247 2.5000000000000004 0.72038009762763988 0.052869001403450973 3.5000000000000004 1.0000000180025095e-35 0.35593459010124212 9.5000000000000018 3.5000000000000004 0.97845596075057995 0.68545380234718334 2.5000000000000004 0.44033896923065191 1.5000000000000002 0.7320508360862733 0.97845596075057995 7.5000000000000009 6.5000000000000009 0.95419579744339 0.74872356653213512 3.5000000000000004 4.5000000000000009 0.64326763153076183 1.0000000180025095e-35 9.5000000000000018 0.91171297430992138 4.5000000000000009 1.0000000180025095e-35 2.5000000000000004 0.56562757492065441 0.88493067026138317
decision_type=2 2 2 2 2 2 2 2 2 2 2 2 2 2 2 2 2 2 2 2 2 2 2 2 2 2 2 2 2 2 2 2 2 2 2 2 2 2 2 2 2 2 2 2 2 2 2 2 2 2 2 2 2 2 2 2 2 2 2 2 2 2
left_child=4 15 3 8 5 37 19 11 10 14 16 -7 13 -11 36 40 26 -18 31 28 -17 22 23 24 -15 -20 27 -3 30 -30 -4 32 33 -13 -35 -28 -10 -1 -24 -38 -2 -42 43 -43 -16 59 48 -48 49 50 -14 -51 -53 -26 -27 -22 -50 58 -39 -19 -36 -8
right_child=1 2 6 -5 -6 7 61 -9 9 12 -12 18 46 21 44 20 17 45 25 -21 55 -23 38 -25 53 54 35 -29 29 -31 -32 -33 -34 34 60 -37 39 57 -40 -41 41 42 -44 -45 -46 -47 47 -49 56 51 -52 52 -54 -55 -56 -57 -58 -59 -60 -61 -62 -63
leaf_value=-0.076093477581245933 -0.074639895489436253 0.067685643597794401 -0.0026216116970457421 0.085415530896038677 -0.079278253254616474 -0.047440616718519582 0.070893145328144086 -0.067300022141102409 0.064172800416810394 0.06776328142425643 0.056717976729097758 -0.0087742685567149172 -0.0085357140646913597 0.026946370431732848 -0.057005670414724076 -0.062506754286124802 -0.063710709838595697 0.0090533012509446988 0.15046506180819202 0.077583730967465264 0.1112313980386381 0.051389398413769126 0.026564613531543171 0.064623727767156358 0.1397359982061229 0.022838525269085516 0.1640694758298529 -0.041069052450206554 -0.098803195413624215 0.07233276545099504 0.039404072187534292 0.029285927833969976 -0.032044359195466575 0.043017487968263393 0.4919204565620387 0.034139753766130113 -0.0029344031553607793 -0.024550921434235255 -0.0363314245593232 0.06724979060870058 -0.068425464762797858 0.11359738773091584 -0.016386675988173047 0.57299118307930474 0.092593491502895003 0.032964350503306747 0.098046882337095659 0.0021205622679103999 0.016459413410512193 -0.017162202485263418 -0.062433600788134723 0.12672523492254703 -0.012856521294110655 -0.039753723625371128 0.08673703552906227 -0.013475037525589952 0.044217313995324074 -0.051843597178423226 0.17109501922377571 -0.035248281511667666 0.18797349240422837 0.085513201390701024
leaf_weight=4692.4660533592105 3330.9297058819793 237.41951889032498 724.01169458497316 4648.1024774676189 29749.641016928013 499.71378485439345 3954.3804353671148 1104.2897616839036 589.18566257553175 2127.5315662925132 670.03255484299734 102.08220524853095 1073.5354459593073 2459.5723214447498 35.946885950863361 119.53684188378975 1060.0954154566862 469.70323141478002 119.94585275417194 503.73951121931896 111.08939013443887 1194.3739932477474 300.79970105551183 804.19884180650115 24.057571060955524 374.85303772613406 63.755615573842078 506.89580263290554 142.14813982369378 74.963513459078968 1985.8576554339379 1527.0476218340918 605.07394146453589 31.121622669044882 10.339800499845298 340.1154678533785 677.72022139187902 69.301280047278851 808.91967354528606 214.01038098102435 177.13063553906977 38.320217573083937 67.104776726104319 5.3508899956941596 1510.3723650737666 317.41017118562013 522.53606081753969 1060.020315236412 6696.0217080689035 881.85077857319266 618.35201226593927 249.83266509883106 471.64206166565418 430.61339668277651 325.00470717949793 70.379803861957043 990.12424618937075 925.99094472685829 29.491191395092756 1053.5301918592304 20.133419345133007 10725.444201461971
leaf_count=961908 679479 3854 11785 46185 6981266 66449 33222 143967 4559 16473 5549 8378 12805 13437 191 13913 97129 9906 1602 3705 4878 8167 1621 5500 109 3866 930 57484 4667 995 17504 25373 50283 916 151 6883 4319 4839 3919 2182 31671 2627 8506 135 12300 2208 2706 6248 58319 7680 5949 1151 4512 1947 2575 3535 6238 77686 371 50899 425 109660
internal_value=-0.0074038 0.0374155 0.0451694 0.030482 -0.068899 -0.0393135 0.0720198 -0.00181815 0.0215103 0.0272446 -0.00733893 0.0181831 0.0221495 0.0354154 0.0621077 -0.0639017 -0.0179393 -0.0310124 0.0287086 0.0311341 0.0130775 0.0239882 0.0172098 0.0281005 0.0180218 0.0668437 0.0150881 -0.0063788 0.02314 -0.039714 0.0281758 0.015091 -0.013106 0.0569047 0.165755 0.0546506 0.0339068 -0.070266 -0.0192829 0.0139094 -0.0703047 -0.0201481 0.0570473 0.169886 0.0891158 -0.0121803 0.0135441 0.033794 0.0106258 -0.0113217 -0.0282343 0.00652514 0.0354779 -0.0302566 0.0525122 0.0628661 0.0200352 -0.0435822 0.0338526 -0.0215875 0.291105 0.0815749
internal_weight=95325.2 55138.7 51218.8 33108.3 40186.5 10436.9 18110.5 4719.61 28460.2 23741.2 4718.96 3615.32 20714 8150.07 3027.24 3919.84 4048.93 2900.74 3115.6 3430.72 301.006 6022.54 4828.16 3718.44 2914.24 819.804 1148.19 744.315 2926.98 217.112 2709.87 2295.8 768.751 163.677 61.5948 403.871 1480.92 5717.25 1109.72 891.731 3618.84 287.907 110.776 43.6711 1546.32 1840.64 12563.9 1582.56 10981.4 3295.21 1691.89 1603.33 721.475 454.671 699.858 181.469 7686.15 1024.78 98.7925 1523.23 30.4732 14679.8
internal_count=9717696 1387641 642897 461359 8330055 1348789 181538 303985 415174 180332 234842 160018 156781 51173 23551 744744 229293 160142 93569 38656 22326 34700 26533 20993 15493 8043 69151 61338 34951 5662 29289 85526 60153 9870 1492 7813 11060 1044804 5540 6501 722418 42939 11268 2762 12491 63013 105608 8954 96654 32097 18754 13343 5663 2056 6441 8413 64557 82896 5210 60805 576 142882
is_linear=0
shrinkage=0.08


Tree=26
num_leaves=63
num_cat=0
split_feature=10 17 10 1 6 1 9 11 13 16 10 11 9 16 0 9 11 10 10 16 16 1 11 9 0 9 14 0 1 18 10 11 1 17 11 9 9 8 14 0 9 9 9 11 10 17 1 12 16 3 11 2 12 16 0 11 9 9 9 11 14 9
split_gain=36910.7 6855 3054.66 2439.6 1493.45 1136.08 1070.05 856.825 570.717 632.079 450.971 289.995 243.249 238.015 222.615 263.199 230.473 196.639 180.528 472.067 343.413 278.264 229.653 209.091 167.046 149.871 199.083 188.976 149.736 148.323 437.302 292.252 144.152 139.378 135.723 166.605 129.762 127.01 124.464 124.006 123.141 118.915 113.3 110.446 98.397 129.201 117.122 98.2889 97.8532 96.0897 94.4268 92.4589 90.1833 116.782 88.583 90.802 89.5448 88.2347 103.584 147.605 201.687 88.5081
threshold=0.76718232035636913 0.8813900649547578 0.99802371859550487 0.98542153835296642 1.0000000180025095e-35 0.044796863570809371 0.78979855775833141 0.4654348492622376 1.0000000180025095e-35 8.5000000000000018 0.52342718839645397 0.7065996825695039 0.77015757560729992 10.500000000000002 0.96347683668136608 0.99350652098655712 0.82413583993911754 0.91442927718162548 0.97845596075057995 7.5000000000000009 6.5000000000000009 1.0000000180025095e-35 0.72438782453536998 0.56562757492065441 0.71112373471260082 0.95419579744339 2.5000000000000004 0.64604702591896068 0.39257830381393438 1.5000000000000002 0.60887455940246593 0.85540068149566661 0.72038009762763988 0.63877022266387951 0.8713812828063966 0.90366768836975109 0.71010190248489391 1.0000000180025095e-35 2.5000000000000004 0.91171297430992138 0.49089704453945165 0.88493067026138317 0.84660631418228161 0.63859337568283092 0.97375312447547924 0.60394704341888439 1.0000000180025095e-35 1.0000000180025095e-35 8.5000000000000018 1.0000000180025095e-35 0.92718276381492626 1.0000000180025095e-35 1.0000000180025095e-35 5.5000000000000009 0.91171297430992138 0.62115561962127697 0.65345367789268505 0.78979855775833141 0.26138715445995336 0.42644809186458593 2.5000000000000004 0.48050631582736975
decision_type=2 2 2 2 2 2 2 2 2 2 2 2 2 2 2 2 2 2 2 2 2 2 2 2 2 2 2 2 2 2 2 2 2 2 2 2 2 2 2 2 2 2 2 2 2 2 2 2 2 2 2 2 2 2 2 2 2 2 2 2 2 2
left_child=4 12 3 7 29 11 -6 17 9 51 52 57 44 37 15 16 40 48 20 -20 25 22 24 28 38 27 -27 -10 43 30 -1 32 -32 -14 39 -36 -34 -12 -22 -25 -11 -7 -24 -23 -2 -46 -47 -39 -3 50 -17 -9 -8 -54 55 -42 -57 58 -4 -60 -61 -62
right_child=1 2 5 -5 6 41 10 8 18 14 13 -13 33 -15 -16 49 -18 -19 19 -21 21 23 42 34 -26 26 -28 -29 -30 -31 31 -33 36 -35 35 -37 -38 47 -40 -41 54 -43 -44 -45 45 46 -48 -49 -50 -51 -52 -53 53 -55 -56 56 -58 -59 59 60 61 -63
leaf_value=-0.075550065344828943 -0.075121180958377012 -0.013792979138720992 0.036383039243537398 0.082952399817691605 -0.06808984238929966 0.067692885593238813 -0.060297388281390224 0.052089080924323107 -0.0072277386781352954 0.06916691894826503 -0.0099306319592323989 0.082136520046831196 -0.057601603051654647 -0.053581631659654065 0.054112779976727525 -0.037633402305392576 0.053721866918056742 -0.0046251774612591492 0.093419411170361649 0.0089366431612861539 0.16298004790398182 -0.0077330967930816065 0.067157878749786779 0.0112551615988705 0.035750247111128293 -0.040795218664634224 0.022060672669309521 -0.058617242932176836 0.13558875470340209 -0.079704952636356061 -0.053721502837919106 0.080897542730307193 0.12755594961897807 0.058301968233957557 0.086876613583384832 0.028390339226024585 -0.024036084491057208 0.028758930775580546 -0.053352392882907607 0.044527371093315768 -0.022316601437452066 0.084389484929829867 -0.058995627824876974 0.17731076879793811 -0.074880718484107128 0.010147535674149147 0.28196678920610108 0.076145374459512874 -0.065822368603054196 0.030891270337418789 0.090078862107154989 0.077606603959186005 0.13421466545017682 -0.053384772924567434 0.045639950273639186 0.048207437392243604 0.0052889033750688234 0.095695724074670516 -0.024076746183311588 0.13658427617841779 0.060990429923325408 0.00057823670208069782
leaf_weight=4364.0453697321936 3482.8543049618602 325.2100616786629 996.52413245430216 4482.2249546549283 2778.5276165879332 3753.9007691936567 696.42696983832866 1795.0778594058938 1405.8902145051397 242.82911578612402 403.88671974278986 539.66644017770886 118.68352290429175 247.32350307237357 1279.1832718811929 785.35479685105383 1307.9908851026557 1239.1207987745292 634.4186354461126 1272.0196508248337 17.381599582731724 115.31677131261677 256.11965584009886 5450.7945891432464 181.74800959695131 419.80673865135759 1391.2370105474256 679.23397075105458 180.11367877479643 25138.925032682018 603.13149895332754 166.7912113876082 57.938585842493922 150.73787291161716 383.66359842428938 1662.2395271654241 96.047951475251466 1116.8738392419182 819.89961430802941 825.46997510548681 606.75819359300658 10008.723202165216 55.422312622424215 25.144722260534763 155.17008281871676 115.36171135585755 11.123318418394772 373.93260910175741 801.51503356499597 194.60802902281284 38.88647086173296 1840.5516639486887 36.851179980672896 50.121435014531016 392.77207559905946 375.66331551177427 1810.8884061337449 91.13745491951704 711.8293922948651 91.335310085210949 192.73389609297737 797.15046652918682
leaf_count=970504 777864 34378 8263 47233 533233 33082 78618 15305 18668 3746 18657 4198 15305 16204 9444 3710 8861 61123 3722 8188 450 3161 1836 49517 2127 3378 11695 6358 1448 6434452 81601 6029 1581 8516 1955 9415 5150 18335 59050 5506 9809 109290 375 236 29987 14234 560 2671 101049 1268 294 19574 607 1915 1985 3235 10453 579 16831 639 2749 6967
internal_value=-0.00739557 0.0341663 0.0421861 0.0280482 -0.070101 0.0695804 -0.0325356 0.019507 0.0236332 0.0379228 0.00123333 0.0283175 -0.0661876 0.0202288 0.0239256 0.0172167 0.0251506 -0.0266181 0.013968 0.0370506 0.0107952 0.0186632 -0.0153937 0.0239064 -0.0337706 -0.00934526 0.00749044 -0.023968 0.0873058 -0.0771432 -0.0649647 -0.014965 -0.0360833 0.00724498 0.0214642 0.0393581 0.0330016 0.0298637 -0.0488614 0.0156312 0.0142519 0.0798353 0.0447156 0.0253925 -0.0714431 -0.0259616 0.0340518 0.0406447 -0.050805 -0.0196703 -0.0316081 0.0650074 -0.0507053 0.026103 0.0100665 0.00506446 0.0126626 0.0182352 0.0157045 0.00421199 0.0228361 0.0123407
internal_weight=90642.3 54511.5 50477.6 33294.6 36130.8 17183 5703.94 28812.3 26446.5 10670.6 2925.42 3420.38 4033.93 2142.02 7034.93 5755.75 4736.9 2365.85 15775.9 1906.44 13869.5 9973.31 1330.57 8642.74 1019.03 3896.17 1811.04 2085.12 320.575 30426.9 5287.95 923.909 757.118 269.421 8322.17 2045.9 153.987 1894.69 837.281 6276.26 3428.91 13762.6 311.542 140.461 3764.51 281.655 126.485 1490.81 1126.73 1018.85 824.241 3635.63 783.4 86.9726 3186.08 2793.31 2186.55 2880.71 2789.57 1793.05 1081.22 989.884
internal_count=9717173 1547616 701150 518552 8169557 182598 670240 471319 274769 87684 137007 40226 846466 55867 52805 43361 38089 196550 187085 11910 175175 135076 63838 71238 61627 40099 15073 25026 4845 7499317 1064865 94361 88332 23821 66393 11370 6731 39663 59500 55023 29228 142372 2211 3397 822645 44781 14794 21006 135427 5272 4004 34879 81140 2522 25482 23497 13688 36028 35449 27186 10355 9716
is_linear=0
shrinkage=0.08


Tree=27
num_leaves=63
num_cat=0
split_feature=10 17 10 1 6 1 9 11 15 15 11 10 2 1 13 11 13 9 16 16 15 15 1 9 18 10 11 1 9 11 1 9 11 0 9 11 16 4 16 9 9 9 11 9 1 11 9 9 11 9 3 9 11 13 11 1 15 11 15 9 15 12
split_gain=33405.4 6436.22 2997.25 2364.07 1367.37 1130.02 973.781 830.369 826.849 536.638 404.997 345.52 287.854 284.655 273.857 268.343 205.328 199.076 196.936 192.608 187.602 167.595 146.428 159.472 144.756 393.32 249.25 140.793 204.422 229.989 155.868 149.869 142.369 134.066 129.89 127.063 125.02 122.883 122.362 205.03 119.172 118.733 137.745 115.616 114.625 112.418 210.872 112.986 112.285 111.893 110.537 107.765 105.252 104.98 99.6363 96.8438 95.8432 226.277 155.79 112.489 94.8583 94.226
threshold=0.75959178805351268 0.83641386032104503 0.99802371859550487 0.98542153835296642 1.0000000180025095e-35 0.044796863570809371 0.81872946023941051 0.4654348492622376 2.5000000000000004 1.5000000000000002 0.89386734366416942 0.51225519180297863 1.0000000180025095e-35 0.73157235980033886 1.0000000180025095e-35 0.68208554387092601 1.0000000180025095e-35 0.58380150794982921 9.5000000000000018 10.500000000000002 4.5000000000000009 4.5000000000000009 0.70411264896392833 0.96922346949577343 1.5000000000000002 0.59953919053077709 0.82413583993911754 0.79422575235366832 0.73746865987777721 0.68020617961883556 0.26711896061897283 0.60922586917877208 0.71503761410713207 0.64604702591896068 0.77015757560729992 0.82972848415374767 7.5000000000000009 1.0000000180025095e-35 9.5000000000000018 0.95419579744339 0.66287875175476085 0.99350652098655712 0.81872946023941051 0.47140522301197058 0.79422575235366832 0.85540068149566661 0.89386734366416942 0.92031747102737438 0.78629973530769359 0.89022752642631542 1.0000000180025095e-35 0.86706823110580455 0.52704679965972911 1.0000000180025095e-35 0.82972848415374767 0.22036809474229815 1.5000000000000002 0.43288287520408636 2.5000000000000004 0.58643680810928356 5.5000000000000009 1.0000000180025095e-35
decision_type=2 2 2 2 2 2 2 2 2 2 2 2 2 2 2 2 2 2 2 2 2 2 2 2 2 2 2 2 2 2 2 2 2 2 2 2 2 2 2 2 2 2 2 2 2 2 2 2 2 2 2 2 2 2 2 2 2 2 2 2 2 2
left_child=4 34 3 7 24 15 37 9 13 36 12 61 20 16 -12 21 -9 55 -13 35 27 56 23 -16 25 -1 44 28 29 43 -30 -31 -32 -22 -2 -14 -3 -6 39 -24 -29 51 -43 52 -27 47 -47 -34 -33 -7 -18 54 -10 -37 -35 -11 -4 59 -59 -58 -40 -8
right_child=1 2 5 -5 6 49 11 8 10 17 14 18 19 -15 22 -17 50 -19 -20 -21 33 -23 38 -25 -26 26 -28 40 30 31 32 48 45 41 -36 53 -38 -39 60 -41 -42 42 -44 -45 -46 46 -48 -49 -50 -51 -52 -53 -54 -55 -56 -57 57 58 -60 -61 -62 -63
leaf_value=-0.075558914302594316 -0.073784263303761921 0.084498342752604039 0.039234833980189981 0.081671321155270843 -0.068663102149318464 0.066840108186962316 -0.059216099408635411 0.074777740498339698 -0.017931947399012178 -0.065090138903168476 0.067999585699960646 0.030732943455374515 0.058726861464531765 0.086715808363218141 0.069184996561720113 0.073659029695222616 0.021999641789663817 0.02385416846511506 -0.035622937997594105 0.012475089287215673 -0.026491915165960906 -0.056085644211979722 -0.047503748285435819 -0.026295212656497181 -0.07965753861670076 -0.052816285218757496 0.056001911527581327 0.20391198477201256 0.045937468317465396 0.11716635913906931 0.036473646478321284 0.008839806477035396 -0.014678714043847685 -0.011856005135931491 -0.011341404170509002 0.053877480451689115 0.010228052120144356 0.075556043042029189 0.059997136046811186 0.019871402683317833 -0.008974474324357112 0.012049787071801798 -0.043986360347725698 -0.025689978853295169 0.0446578412675449 0.073498662625760922 -0.0440823228991526 0.024427978530519895 0.10651951183296811 0.083253522811653685 -0.080853730200663582 0.040114420200594469 0.11217881197263893 -0.0019161319362744208 0.066285459010175782 0.05046471994500662 -0.034948255425380784 0.12193790935096757 0.021207904893789049 0.17156215033461991 -0.038395389840131994 0.035879449847386877
leaf_weight=3975.6448083939031 3451.3931483305059 196.4276076965034 1092.6826703269035 4252.3040394815616 2632.1482936162502 3732.1731578074396 578.21037457836792 575.446442931192 81.136390845291317 1459.5851325877011 1423.9741472401656 1609.3350512729958 1548.1000911549199 1469.131228886079 674.90967753832228 632.37705728178844 857.58016518363729 198.27860240242444 348.18116539018229 2265.8420894262381 1535.1975848183502 192.64227564213797 404.21661361772567 134.21704973326996 23086.254041732987 632.79830133216456 222.13708889018744 16.97746406821534 1657.0269036011305 111.03738707629964 1516.5153264733963 771.61590336146764 1465.7759104610886 784.02390889031813 227.23793114046566 364.52084210468456 554.60864083934575 38.362728429492563 444.59286075178534 1014.7194320871495 1924.406725004781 542.66477539762855 581.68800451233983 1559.0800427559298 87.941761405207217 348.65354168554768 135.57552692759782 697.97932957438752 83.463488552253693 9237.2995755113661 72.528869195608422 714.80049818195403 78.085767456330359 529.13654152769595 120.48026537150145 47.941419293638319 596.86251520365477 113.19437974551693 745.08306350791827 17.372635696548969 73.006677858531475 75.378797635436058
leaf_count=956771 823696 3933 5853 47606 530693 34565 66928 4892 7060 204876 12633 32864 16602 13010 3546 4930 6838 5133 18075 16181 41601 6047 2968 711 6396405 92030 9678 100 12044 866 11581 6949 10541 7984 23579 2853 11670 2978 2301 5918 14274 4998 5782 62123 4064 2013 963 5358 491 108050 368 4994 1790 3315 725 1432 17200 728 7400 119 388 1834
internal_value=-0.00707667 0.0321765 0.039742 0.0259618 -0.0699612 0.0677806 -0.0326247 0.0178029 0.0219162 -0.0266949 0.016907 0.00211464 0.012053 0.0616635 0.0395304 0.0266569 0.0372174 -0.0515038 0.0189303 0.0292734 0.00654803 0.0158792 0.0247655 0.0533468 -0.0770027 -0.0645418 -0.0180879 0.0123267 0.0167635 -0.00150007 0.0251852 0.0297286 0.016928 -0.00756117 -0.069927 0.0448614 0.0296529 -0.0665913 0.0128236 0.000678039 -0.00711278 0.00303141 -0.0169407 -0.0190584 -0.0409229 0.00573402 0.0405781 -0.00206376 0.0183742 0.0785303 0.0139793 0.0168989 0.045877 0.020842 -0.00144754 -0.0614153 0.0212837 0.00796293 0.0344927 -0.0291074 0.046119 -0.0482487
internal_weight=86612 53325.6 49646.9 33287.3 33286.4 16359.7 5281.62 29034.9 26578.1 2456.84 23603.4 2611.11 19433.8 2974.69 4169.64 3390.21 1505.56 1705.81 1957.52 4707.6 14726.2 2757.84 2745.66 809.127 28004.8 4918.52 942.877 10447.3 8505.95 2684.42 5821.53 966.117 4164.5 4278.86 3678.63 2441.76 751.036 2670.51 1936.54 1418.94 1941.38 2743.66 1124.35 1718.3 720.74 2647.98 484.229 2163.76 855.079 12969.5 930.109 1619.3 159.222 893.657 904.504 1507.53 2565.2 1472.51 858.277 614.235 517.6 653.589
internal_count=9713898 1601578 754303 569411 8112320 184892 653372 521805 294761 227044 269653 119701 241188 25108 28465 42277 12098 211441 50939 38951 202237 37347 15832 4257 7458948 1062543 105772 136153 121779 79279 42500 8306 30456 66084 847275 22770 15603 533671 11575 8886 14374 24483 10780 70973 96094 18875 2976 15899 7440 142615 7206 13703 8850 6168 8709 206308 31300 25447 8128 17319 2689 68762
is_linear=0
shrinkage=0.08


Tree=28
num_leaves=63
num_cat=0
split_feature=6 10 17 1 10 17 1 10 13 16 1 1 10 10 11 11 15 0 11 9 0 1 11 0 15 15 16 10 10 17 10 9 10 16 9 16 11 9 14 15 11 16 15 2 14 11 9 15 1 11 15 15 16 18 10 11 1 1 9 15 11 14
split_gain=30413.8 4554.87 3097.24 2189.08 1111.88 1241.05 993.521 911.841 552.629 615.848 485.743 454.609 313.932 253.499 229.096 219.293 231.739 189.709 165.123 161.186 156.999 151.236 263.48 166.669 144.006 136.654 132.13 808.033 152.164 123.96 119.472 119.321 182.952 136.469 116.85 115.477 110.533 107.081 126.658 257.561 103.173 102.316 100.24 95.967 94.7059 93.8501 138.757 97.7455 187.965 92.4212 93.7416 92.048 91.7583 91.7057 254.851 184.914 91.3829 91.2109 102.047 90.6786 211.168 155.058
threshold=1.0000000180025095e-35 0.99802371859550487 0.9297890067100526 0.98542153835296642 0.72470417618751537 0.86925867199897777 0.044796863570809371 0.6765437424182893 1.0000000180025095e-35 7.5000000000000009 1.0000000180025095e-35 1.0000000180025095e-35 0.90952175855636608 0.74164745211601268 0.68020617961883556 0.89386734366416942 2.5000000000000004 0.30022829771041876 0.42947559058666235 0.80229884386062633 0.96347683668136608 0.47506056725978857 0.75513625144958507 0.86439567804336559 4.5000000000000009 1.5000000000000002 6.5000000000000009 0.97375312447547924 0.91442927718162548 0.74014180898666393 0.51521766185760509 0.68457102775573742 0.63502785563468944 9.5000000000000018 0.91024166345596325 9.5000000000000018 0.71834933757781994 0.95101961493492138 2.5000000000000004 3.5000000000000004 0.69631093740463268 9.5000000000000018 1.5000000000000002 1.0000000180025095e-35 4.5000000000000009 0.8713812828063966 0.90366768836975109 2.5000000000000004 0.65528607368469249 0.6569296419620515 1.5000000000000002 2.5000000000000004 10.500000000000002 1.5000000000000002 0.59381821751594555 0.81530213356018078 0.74295812845230114 0.78012987971305858 0.73746865987777721 1.5000000000000002 0.42644809186458593 4.5000000000000009
decision_type=2 2 2 2 2 2 2 2 2 2 2 2 2 2 2 2 2 2 2 2 2 2 2 2 2 2 2 2 2 2 2 2 2 2 2 2 2 2 2 2 2 2 2 2 2 2 2 2 2 2 2 2 2 2 2 2 2 2 2 2 2 2
left_child=4 2 29 7 53 -6 14 19 9 43 12 40 36 41 24 16 18 51 -11 -4 21 22 23 52 59 -12 27 28 -27 -2 -21 42 -33 -34 -8 -32 -10 -30 -39 -40 -7 -5 -31 -9 -26 47 -47 48 -28 50 -14 -13 -18 54 -1 57 -19 -56 -59 -3 -61 -62
right_child=1 6 3 13 5 11 34 8 10 15 25 17 49 -15 -16 -17 20 56 -20 30 -22 -23 -24 -25 44 26 45 -29 37 31 35 32 33 -35 -36 -37 -38 38 39 -41 -42 -43 -44 -45 -46 46 -48 -49 -50 -51 -52 -53 -54 -55 55 -57 -58 58 -60 60 61 -63
leaf_value=-0.075749481057360651 -0.075848194698242874 0.040347216201791325 -0.066987279181195125 0.039642204463633611 -0.073422080428981906 -0.05019293218904846 0.065846782667075138 0.049279521371737578 -0.062663361508677323 0.0078274199410748278 0.10831958854831665 0.078401243391245684 0.034755120332018746 0.080385098604457569 0.072326512441751881 0.057488748729403759 0.018828379491107182 -0.040113725600963858 0.073678273421414989 -0.053979442450718874 0.039508321481023387 -0.012375143674398249 0.048204974465799709 0.050103245333432946 -0.085201968777191897 0.0090612577351489847 0.0036012795460505865 0.089499542673766433 -0.041117723918069837 0.10424185505819637 0.019136548668834623 -0.07671429659976832 0.1364826107256073 -0.015295752710680947 0.082699681599661651 -0.064474574225820799 0.016518894928323601 -0.054207541983308349 0.096284955290810811 -0.01311089400216158 0.039663183989429446 -0.049929556350980467 -0.06884374515386936 0.078935490501909802 0.046776514153073344 0.073394140396568427 0.022959367592974095 0.011018875344820682 0.084729134206935119 0.030476485120657291 -0.028483188568384221 0.030797450541005834 -0.023270037381490916 -0.079799667077970426 -0.058363608317154272 0.04785068055021606 0.036704266434008974 0.14704471261338409 -0.048701692421911628 -0.027569913251067106 0.044542707396810467 -0.091353246165697774
leaf_weight=3659.9951168890111 2074.3234725145157 1031.3689252389595 825.8104289798066 551.69922964624129 2723.3234710590914 768.90256463037804 3878.6983085777611 1447.0019978655037 1060.9926913564559 380.9279171647504 97.167541465256363 438.79839921509847 196.23867075378075 3960.245200923644 590.49627746455371 889.56942096911371 455.31487357290462 276.72458386141807 676.52336586080492 399.89646205678582 938.14519473910332 2135.9578442445491 1034.0482187140733 333.8306687772274 135.71866476815194 1388.9302139573265 388.94240005454049 579.05051594227552 1198.3474808046594 22.451055249432102 507.94675068953075 100.58245494449511 77.693776730913669 74.047606186941266 8198.7518598493189 133.50300200190395 126.25396946910769 280.57055743597448 169.3151224181056 738.58775101974607 91.51436003181152 95.787726401118562 463.63015997339971 1349.8045466847252 46.796009099110961 429.64982240600511 1862.6436653616838 6924.4277168782428 344.81281907204539 480.14343579672277 636.98284262092784 637.8561870562844 1217.095473773079 20793.291770549025 498.12813863577321 173.96095316344872 154.41492028301582 31.14192553376779 37.653979108668864 586.87227840023115 773.76804974954575 57.745689671020955
leaf_count=950031 533119 5983 148208 9784 711881 94993 38704 18588 141417 6634 763 5321 2529 47208 4980 7886 10276 9118 6544 43211 6597 10135 5982 1921 6415 15892 3462 3540 11303 3570 13484 21917 4871 6424 103120 8035 1457 2330 952 6856 1135 2643 112749 16007 1067 2161 10640 66144 2702 3543 43617 15350 25978 6240215 83655 10456 1828 1286 3086 24302 7991 969
internal_value=-0.00687962 0.0300358 0.0148711 0.0215011 -0.0706883 -0.0365905 0.0667567 0.0135236 0.0171633 0.0312461 0.00811669 0.00576393 -0.0244299 0.0727978 0.0272925 0.020024 0.015377 0.0322417 0.0499567 -0.0405923 0.00939668 0.00393924 0.0154009 -0.00150681 0.01719 0.0137676 0.0131253 0.00150335 -0.0119918 -0.065828 -0.0196605 -0.0376793 0.00695584 0.062417 0.0772873 0.00173482 -0.054243 -0.0242429 -0.00722783 0.00729038 -0.0406358 0.0263912 -0.0608493 0.0635922 -0.0513632 0.0182117 0.0324125 0.013961 0.0417256 0.00252031 -0.0135894 0.0501987 -0.0118087 -0.0775792 -0.0670879 -0.0242993 -0.012601 -0.0464385 0.0399071 0.0222975 0.00917271 0.0351052
internal_weight=82634.8 52349.1 37048.9 34236.2 30285.7 5091.53 15300.2 29628.4 27761.3 10858.2 16903.1 2368.21 2500.61 4607.73 3222.77 8061.41 7171.84 1507.79 1057.45 1867.16 6114.39 5176.25 3040.29 2006.24 2632.27 14402.4 14305.3 4354.8 3775.75 2812.73 1041.35 738.405 252.324 151.741 12077.5 641.45 1187.25 2386.82 1188.47 907.903 860.417 647.487 486.081 2796.81 182.515 9950.48 2292.29 7658.18 733.755 1313.36 833.222 1076.65 1672.41 25194.2 4400.88 740.885 431.14 566.924 68.7959 2449.75 1418.39 831.514
internal_count=9712965 1584610 1391079 708429 8128355 839626 193531 648794 435856 116548 319308 127745 192563 59635 51707 81953 74067 31617 13178 212938 60889 54292 44157 38175 46727 126745 125982 40873 37333 682650 64730 149531 33212 11295 141824 21519 142874 21441 10138 7808 96128 12427 116319 34595 7482 85109 12801 72308 6164 49689 46146 20671 36254 7288729 1048514 98483 10946 88027 4372 39245 33262 8960
is_linear=0
shrinkage=0.08


Tree=29
num_leaves=63
num_cat=0
split_feature=6 10 17 1 10 17 1 10 13 16 1 11 10 9 15 11 11 0 15 1 11 10 15 9 0 15 17 14 16 9 10 16 9 12 9 11 11 1 9 11 1 11 11 1 9 16 10 14 9 14 11 14 11 2 10 15 1 1 14 11 9 11
split_gain=27552.6 4128.07 2776.15 1942.9 1118.9 1286.67 982.712 767.537 485.333 552.974 481.083 364.034 270.51 244.222 211.144 207.585 200.645 179.48 173.82 212.121 173.763 173.278 171.363 145.305 137.338 132.975 132.297 117.881 116.419 114.806 148.091 137.519 113.005 112.608 112.507 190.839 127.571 109.693 170.434 164.771 117.355 114.278 174.986 148.151 204.051 162.37 194.653 145.516 137.257 123.17 108.439 107.403 100.424 98.9695 98.6591 96.0388 133.667 132.968 105.571 96.6731 93.7631 108.888
threshold=1.0000000180025095e-35 0.99802371859550487 0.9297890067100526 0.98542153835296642 0.70497700572013866 0.84841391444206249 0.044796863570809371 0.72021508216857921 1.0000000180025095e-35 7.5000000000000009 0.021542506292462352 0.4654348492622376 0.76718232035636913 0.73746865987777721 4.5000000000000009 0.86240702867507946 0.71834933757781994 0.30022829771041876 2.5000000000000004 0.82482829689979564 0.92718276381492626 0.51225519180297863 2.5000000000000004 0.88493067026138317 0.96347683668136608 4.5000000000000009 0.76455190777778637 4.5000000000000009 10.500000000000002 0.66287875175476085 0.62169164419174205 10.500000000000002 0.51668518781661998 1.0000000180025095e-35 0.7320508360862733 0.76506900787353527 0.7065996825695039 0.14980195462703708 0.84660631418228161 0.80217391252517711 0.46247030794620519 0.77836257219314586 0.87895435094833385 0.68967381119728099 0.96590471267700206 9.5000000000000018 0.97845596075057995 4.5000000000000009 0.95803993940353405 3.5000000000000004 0.93419912457466137 2.5000000000000004 0.7454303801059724 1.0000000180025095e-35 0.97845596075057995 2.5000000000000004 0.82482829689979564 0.58890721201896679 4.5000000000000009 0.40936473011970526 0.86295148730278026 0.78086891770362865
decision_type=2 2 2 2 2 2 2 2 2 2 2 2 2 2 2 2 2 2 2 2 2 2 2 2 2 2 2 2 2 2 2 2 2 2 2 2 2 2 2 2 2 2 2 2 2 2 2 2 2 2 2 2 2 2 2 2 2 2 2 2 2 2
left_child=4 2 26 7 -1 -6 16 13 9 -9 52 22 33 -4 15 24 25 -12 19 32 -16 -15 54 -8 55 -3 -2 -27 -23 -28 -31 -32 -13 -5 35 -20 51 60 39 -39 -41 49 -43 44 -44 46 48 -47 -45 53 -49 -36 -7 -40 -10 57 58 -11 59 -57 61 -38
right_child=1 6 3 12 5 10 23 8 11 14 17 18 -14 21 20 -17 -18 -19 34 -21 -22 28 -24 -25 -26 27 29 -29 -30 30 31 -33 -34 -35 36 -37 37 38 41 40 -42 42 43 45 -46 47 -48 50 -50 -51 -52 -53 -54 -55 -56 56 -58 -59 -60 -61 -62 -63
leaf_value=-0.077700229451403188 -0.075026574547866029 0.022075927367354857 -0.066864890247324726 0.0092833300995153311 -0.07466408559560446 -0.04788726287692982 0.06107480202712736 0.062118043104300698 -0.013713062160980248 0.017864697784683903 0.047445739297426182 0.10087772963143672 0.079101042877315217 -0.055351120453655166 -0.0095327109899033119 0.061093953101761862 0.076952632226442677 -0.011965700603731451 -0.015103739708483752 0.087805928044292311 0.082768094715873652 0.0143022295628756 -0.065274991130068113 0.081208371849741376 0.053415843672803075 -0.088721219352658962 -0.060263546858643394 0.046739084410643734 -0.064058118942902725 -0.075074484075958028 0.11515109774623045 -0.035534297918856039 0.0094735719011402927 0.084582952417403892 -0.018329366791634584 0.096311092591984518 0.019139627279921575 -0.041414345197400539 -0.016348806458452873 0.063908598826241211 -0.016254583390862644 -0.0073546895622743844 0.066078140580260125 -0.047956167504188296 -0.028935125355422191 0.058859430255987964 0.079505654589441963 -0.077192985648037254 0.002854621116757492 0.049409346430399029 0.090297534222802817 0.037614202080711506 0.072926543005726305 0.069070797715793233 0.10435463096965591 -0.065455117410126704 -0.037322937139430218 0.086354599086328476 -0.075068460876612397 0.019573118391404576 -0.022588515766468548 0.090423778830761276
leaf_weight=22918.268231004477 1999.9171968200244 2544.6406127449591 801.86495479661971 574.221159911016 2758.2528706230223 873.83515372988768 3187.844180339016 2605.0212059312034 451.73385933740065 580.53245465760119 1156.1348200808279 95.990568481385708 3627.0999000295997 431.71388903376646 1841.3569504299667 966.52562924474478 414.47097941115499 452.91604340053163 1846.9069015218411 396.72566491411999 140.49411714076996 963.78445544652641 597.58281984226778 8183.22007945925 698.47023952007294 133.08034463692456 389.17132271896116 59.496536557562649 138.82006868603639 86.46974380989559 96.584858518792316 64.745138964615762 881.68027320806868 163.23867072816938 252.50216427166015 103.9287870163098 285.48505414952524 869.09963473491371 432.43566395435482 199.35718213161454 282.49996505538002 3298.5463270219043 706.43403612403199 496.58813907112926 181.91170778963715 562.36518781539053 159.84414786472917 97.745549187064171 1080.8032887969166 870.04645378235728 33.122337639331818 1687.1783828292973 46.370069497963414 108.6127668172121 50.343421942088753 88.212630272842944 355.14410477504134 263.87710529752076 81.85883044055663 2864.7145749891642 128.23498703865334 263.93512855004519
leaf_count=7184458 551878 39856 156017 11829 791422 116244 32608 31445 26679 7973 26960 864 46527 52281 15970 8345 3881 13592 70831 3437 1377 24370 95151 109301 5798 6472 98171 1121 10580 20647 6375 6365 5833 1341 2569 584 2090 7379 4188 1128 2109 26809 3649 3722 1046 3002 942 564 6550 6269 176 15788 455 590 485 9443 1678 2825 2906 22772 841 1358
internal_value=-0.00665176 0.0285693 0.0141293 0.0203309 -0.0700469 -0.0368741 0.064608 0.0129 0.0167189 0.0301642 0.00433734 0.00813329 0.0701205 -0.0310852 0.0196022 0.0271918 0.0250798 0.0307226 0.0113243 0.0384684 -0.00298947 -0.012386 -0.0363279 0.075564 0.0205491 0.0172252 -0.0649137 -0.0468708 0.00443651 -0.0331622 0.00940077 0.0546779 0.0184479 0.0259511 0.00864948 -0.00916823 0.0115469 0.00792392 0.00567818 -0.0206109 0.0169111 0.0101019 0.00569439 0.0186638 0.0466217 0.00844505 -0.00461691 0.0411782 -0.0131414 0.0307709 -0.0348016 0.0303316 -0.0417993 0.000798752 -0.00187438 0.0151276 0.00911446 0.0392677 0.0145488 0.0170331 0.0390072 0.0533837
internal_weight=78974 50768.2 36245.5 33608.6 28205.8 5287.51 14522.8 29244 26907.8 10486.2 2529.26 16421.6 4364.56 2336.18 7881.19 5899.34 3151.69 1609.05 15322 1374.4 1981.85 1534.32 1099.66 11371.1 4932.81 2737.22 2636.89 192.577 1102.6 636.971 247.8 161.33 977.671 737.46 13947.6 1950.84 11996.7 10057.1 9379.41 1350.96 481.857 8028.46 6617.36 3318.81 888.346 2430.47 1737.24 693.233 1577.39 1411.09 130.868 1939.68 920.205 541.048 502.077 4234.34 3389.93 844.41 3034.79 2952.93 677.655 549.42
internal_count=9717916 1584785 1391546 708110 8133131 948673 193239 648413 405165 110532 157251 294633 59697 243248 79087 61740 51330 40552 172318 10134 17347 87231 122315 141909 53395 47449 683436 7593 34950 131558 33387 12740 6697 13170 162184 71415 90769 72412 68123 10616 3237 57507 46460 19651 4695 14956 11214 3742 10272 11047 740 18357 116699 4778 27164 47597 36799 10798 35121 32215 4289 3448
is_linear=0
shrinkage=0.08


Tree=30
num_leaves=63
num_cat=0
split_feature=10 17 1 10 18 10 1 16 11 13 16 11 11 11 10 9 4 0 9 11 12 1 9 10 11 17 11 1 9 9 14 11 1 3 9 0 16 11 9 0 10 16 16 9 14 0 13 0 10 16 17 11 16 0 0 1 16 11 2 11 11 16
split_gain=24853.8 4492.98 2601.01 2162.99 1365.33 1067.62 828.121 607.461 590.005 390.123 533.047 370.431 231.721 177.008 169.01 155.248 154.716 132.856 145.648 127.163 152.011 125.538 254.201 174.324 160.944 114.847 107.83 144.275 115.655 118.645 111.99 106.911 101.234 98.261 96.3446 109.555 96.0762 94.3735 93.3945 92.167 155.832 348.593 190.678 146.246 154.531 130.57 89.1767 79.0392 78.4201 78.1207 74.106 73.2404 73.1528 95.3644 77.3434 70.5264 68.9217 65.7457 103.89 65.1526 60.6861 60.0569
threshold=0.75959178805351268 0.83641386032104503 0.98542153835296642 0.99802371859550487 1.5000000000000002 0.55391839146614086 0.050634842365980155 10.500000000000002 0.4654348492622376 1.0000000180025095e-35 7.5000000000000009 0.54923507571220409 0.7065996825695039 0.90443575382232677 0.91442927718162548 0.7320508360862733 1.0000000180025095e-35 0.96347683668136608 0.99350652098655712 0.89386734366416942 1.0000000180025095e-35 1.0000000180025095e-35 0.58204835653305065 0.89672946929931652 0.60397014021873485 0.5780121684074403 0.78629973530769359 0.27244260907173162 0.49089704453945165 0.90219989418983471 3.5000000000000004 0.88273489475250255 0.39257830381393438 1.0000000180025095e-35 0.47690120339393621 0.080401308834552779 9.5000000000000018 0.24283373355865481 0.98484501242637645 0.91171297430992138 0.97845596075057995 7.5000000000000009 6.5000000000000009 0.95101961493492138 2.5000000000000004 0.67949557304382335 1.0000000180025095e-35 0.91171297430992138 0.97845596075057995 10.500000000000002 0.95867770910263073 0.86240702867507946 6.5000000000000009 0.82525211572647106 0.49369765818119055 0.5955123007297517 3.5000000000000004 0.8521554470062257 1.0000000180025095e-35 0.69631093740463268 0.5604878067970277 11.500000000000002
decision_type=2 2 2 2 2 2 2 2 2 2 2 2 2 2 2 2 2 2 2 2 2 2 2 2 2 2 2 2 2 2 2 2 2 2 2 2 2 2 2 2 2 2 2 2 2 2 2 2 2 2 2 2 2 2 2 2 2 2 2 2 2 2
left_child=4 15 3 8 5 19 12 11 14 10 50 -7 52 17 36 -2 31 18 26 -1 56 23 24 -11 32 -17 28 -28 60 47 -29 34 -23 -20 35 -13 37 -3 -8 40 42 -42 43 45 -45 -24 49 61 -41 -27 -10 -32 53 -5 -54 -49 -21 58 -46 -25 -12 -30
right_child=1 2 -4 6 -6 7 38 -9 9 21 13 16 -14 -15 -16 25 -18 -19 33 20 -22 22 39 59 -26 46 27 30 29 -31 51 -33 -34 -35 -36 -37 -38 -39 -40 48 41 -43 -44 44 57 -47 -48 55 -50 -51 -52 -53 54 -55 -56 -57 -58 -59 -60 -61 -62 -63
leaf_value=-0.07313719875762284 -0.072846518148007022 0.059190792006808435 0.081327908994134432 -0.012998221960951913 -0.078947105900410625 -0.059040114660990996 0.062364026875686138 -0.069394087584132902 0.15544165787123332 -0.04936686418636449 0.021464110646494713 0.0092992533545723215 0.074236130613704529 0.057704986388704159 -0.0041620420364272288 -0.06726764140141539 0.10487170974401167 0.041260563982238867 -0.028567066291984401 0.28476372907698477 0.11893393181390603 -0.014666593452933094 -0.01292519875748044 -0.0095574961335053703 0.11247452229365607 0.17856801242923712 0.070427877413140327 0.061038793228500053 0.010659350920116993 0.067862559423320368 -0.019786378723823075 0.04286914246089394 0.090458026844111278 0.031648830926314805 0.0028328766659537524 0.35116460077586725 -0.065985468519336815 -0.036659984563872955 0.079878384104087236 0.040332680582472663 0.082752244590042989 -0.0020439472678368854 0.012469868088544247 -0.037208779588317434 0.022440126911965317 -0.060948584788189306 -0.0080405339634997096 0.07005591999738911 -0.0026553987577826628 -0.04630768840274347 0.059409456178412139 0.036749449284960857 0.06477461585714385 0.14079409593859038 0.015955680645882108 -0.0076240755037276925 -0.045907530846204976 0.0055162539649828224 0.10820316533521934 0.031954377462758914 0.10196684207455452 -0.015270638836577302
leaf_weight=3394.7938877535053 2729.9245062384289 83.552599868737161 6386.2281838064082 732.00654886825942 19622.700422389666 414.86437241081148 4527.3765100082383 777.31567135010846 52.48530986555852 520.60727353510447 119.92981273238547 13.283583312295379 471.70062627643347 692.86197146773338 1216.2804493610747 118.48517180350609 138.84523179219104 1054.60846093297 849.65376475825906 4.0709637482650569 40.489338204730302 164.58663278329186 1395.5658808578737 579.82669260678813 256.47675121598877 39.367453577462584 482.56761931581423 258.79698886396363 937.87324551353231 174.18608324136585 442.10563233867288 730.02901026024483 91.064908169442788 217.91861118003726 1457.0823493294884 10.940411387244238 677.87053985358216 308.39341417956166 3420.8868613317609 1074.5009502917528 547.32344841770828 716.39463009592146 7373.7454418791458 404.51611131476238 414.70859977835789 489.41067025391385 93.903570809634402 180.60321561060846 363.45458821579814 13.202718454878775 2552.939787174575 219.44071685150266 233.94333932176232 26.747481796890497 1851.1329306070693 127.68733611702919 445.11879214737564 885.47660183161497 115.59297001967207 415.2758516240865 119.79244934162125 1464.0272156835999
leaf_count=921531 811477 7195 90890 16242 6806117 83146 51442 145495 2801 50674 3294 716 4444 6775 67572 22538 3308 8479 4087 409 521 5321 16750 25054 2344 1519 3104 1930 10114 925 2281 9964 1363 1529 65462 386 110481 42247 47837 6913 3489 4265 61828 3391 4738 4866 11800 1038 2106 498 27533 1374 4384 181 17428 592 80188 6450 752 2733 1164 14291
internal_value=-0.00640601 0.0277531 0.033975 0.0262813 -0.0678897 -0.0386746 0.0558922 -0.00691204 0.0143874 0.0178445 0.0302565 0.010653 0.0223065 0.0192247 -0.0245624 -0.067172 0.0229556 0.0152149 0.0103052 -0.0676399 -0.0295285 0.0100343 0.0123559 -0.0118575 0.0676993 -0.00870653 0.0165735 0.0349983 0.0082997 0.0038622 0.0164214 0.0178123 0.0227795 -0.0162755 0.00546352 0.163698 -0.0477556 -0.0162271 0.0699021 0.0102992 0.00806607 0.0346818 0.00503017 -0.00977533 0.0063982 -0.0253939 0.0386646 -0.000251157 0.0294671 0.122092 0.061344 -0.00103295 0.0136931 -0.00757676 0.0214331 0.0378825 -0.0429107 0.0188576 0.0411344 0.00776622 0.0616924 -0.00514572
internal_weight=75736.5 48687 45692.1 39305.9 27049.5 7426.83 11263.8 3542.36 28042.1 25756 9947.48 2765.04 3315.53 7342.05 2286.1 2994.88 2350.18 6649.19 5594.58 3884.47 489.679 15808.5 14292.8 1515.71 512.128 264.959 4527.01 1402.91 3124.1 2884.38 920.343 2211.34 255.652 1067.57 1481.31 24.224 1069.82 391.946 7948.26 13780.7 12342.7 1263.72 11079 3705.27 1820.29 1884.98 146.474 2710.19 1437.96 52.5702 2605.43 661.546 2843.83 758.754 2085.08 308.291 449.19 1415.78 530.302 995.103 239.722 2401.9
internal_count=9719766 1602523 754691 663801 8117243 1311126 141958 308477 521843 294348 91311 162982 42679 60977 227495 847832 79836 54202 45723 1002649 81118 203037 124576 78461 9028 36355 40107 8689 31418 26960 5585 76528 6684 5616 66564 1102 159923 49442 99279 115548 106529 7754 98775 36947 15331 21616 13817 26035 9019 2017 30334 3655 38235 16423 21812 1630 80597 11940 5490 27787 4458 24405
is_linear=0
shrinkage=0.08


Tree=31
num_leaves=63
num_cat=0
split_feature=6 10 17 1 10 17 1 10 11 15 1 15 11 10 13 2 11 1 14 1 16 11 15 14 15 1 14 15 12 1 1 1 14 15 17 14 11 14 15 14 11 1 12 1 13 15 14 10 15 11 10 14 10 16 18 10 11 11 15 11 11 14
split_gain=22686.8 3518.96 2225.66 1678.47 1128.38 1139.05 950.249 583.801 453.982 491.915 378.961 371.47 284.126 268.714 240.342 231.38 205.005 193.225 174.694 165.875 152.601 179.526 145.287 209.676 287.408 201.727 197.928 142.479 140.563 134.162 131.635 125.43 116.901 112.118 110.838 105.885 104.046 258.635 159.4 106.447 102.94 102.772 101.508 98.6946 98.3891 95.2265 93.7295 93.5218 92.8482 155.273 134.409 88.3557 84.5324 86.5057 82.2767 184.884 138.261 82.0617 80.9451 123.495 83.5812 80.8829
threshold=1.0000000180025095e-35 0.99802371859550487 0.9297890067100526 0.98542153835296642 0.70497700572013866 0.86479124426841747 0.050634842365980155 0.56916823983192455 0.42644809186458593 2.5000000000000004 0.021542506292462352 1.5000000000000002 0.89386734366416942 0.79128783941268932 1.0000000180025095e-35 1.0000000180025095e-35 0.71834933757781994 0.65528607368469249 1.5000000000000002 0.097014971077442183 10.500000000000002 0.80735492706298839 4.5000000000000009 4.5000000000000009 5.5000000000000009 0.13908451050519946 4.5000000000000009 5.5000000000000009 1.0000000180025095e-35 0.68967381119728099 0.79422575235366832 0.85703435540199291 3.5000000000000004 4.5000000000000009 0.7128606140613557 4.5000000000000009 0.78910300135612499 3.5000000000000004 3.5000000000000004 2.5000000000000004 0.78910300135612499 0.72038009762763988 1.0000000180025095e-35 0.52133962512016307 1.0000000180025095e-35 3.5000000000000004 2.5000000000000004 0.97845596075057995 2.5000000000000004 0.53144779801368724 0.64654055237770092 5.5000000000000009 0.97845596075057995 8.5000000000000018 1.5000000000000002 0.59381821751594555 0.85540068149566661 0.12632978707551959 2.5000000000000004 0.48313757777214056 0.75905716419219982 3.5000000000000004
decision_type=2 2 2 2 2 2 2 2 2 2 2 2 2 2 2 2 2 2 2 2 2 2 2 2 2 2 2 2 2 2 2 2 2 2 2 2 2 2 2 2 2 2 2 2 2 2 2 2 2 2 2 2 2 2 2 2 2 2 2 2 2 2
left_child=4 2 34 7 54 -6 16 -4 11 17 58 57 15 42 -14 22 33 19 -19 -10 21 -17 26 25 -25 -24 30 32 41 -16 46 -8 40 -3 -2 -35 37 -32 -39 45 -27 -12 -5 -28 -23 -38 -11 -46 49 -36 -51 -26 53 -31 55 -1 -57 -9 59 -7 -60 -22
right_child=1 6 3 13 5 10 31 8 9 12 28 -13 14 -15 29 20 -18 18 -20 -21 61 44 23 24 51 27 43 -29 -30 52 36 -33 -34 35 48 -37 39 38 -40 -41 -42 -43 -44 -45 47 -47 -48 -49 -50 50 -52 -53 -54 -55 -56 56 -58 -59 60 -61 -62 -63
leaf_value=-0.074088381931075323 -0.075112840012936458 0.019578276381403376 -0.052952190080608419 0.010585929940974464 -0.072775927637499307 -0.010581618261380413 0.065117619670884627 -0.042760894625801175 0.085484776996606726 -0.015808305233530703 -0.011049042661732027 -0.05601107809747629 0.061427483437525916 0.07776179488502559 0.047366230540871308 0.060487028499700494 0.076617592543015922 -0.06698233912141395 0.076634672642450233 0.011366177510493829 0.029762269636476293 0.045166301202079422 -0.072664524007181458 0.037018478344924798 -0.050387110277604119 -0.0022168902242467739 -0.085241159616923953 0.026761618946850425 0.061250210086736652 -0.008925570886479944 -0.0393032392327788 0.083119285793542566 -0.030902921279946372 -0.085579303232958412 -0.022737976781563231 0.041164799329853501 0.012666128142277321 -0.043369029577482933 0.068390323931439248 -0.038097708060198868 0.11087038668801162 0.03936465910986283 0.078904493895688252 -0.0028969444162536247 -0.014283164823343518 0.2289734362185866 0.017432853715994553 0.086444750128116865 -0.049847510683841099 -0.04003611662967007 0.33142853787436288 0.029808852611233668 0.058470031302594594 0.028866369963402378 -0.079618936628896853 -0.042657690953287142 0.060525323298502624 0.033759945340757547 -0.061448082531341729 0.29139178491824785 0.072812700366941208 -0.0022671056829780671
leaf_weight=2938.1443251776509 1593.0270430657547 2598.2861797958612 880.48809971404262 623.604642650811 2434.6897440329194 223.78339729923755 5645.4664564179257 107.63595514046028 241.64009277173318 584.12874233396724 597.57029999024235 1056.8669978899416 1210.5061402297579 3103.3005639016628 759.87856425158679 1176.4852161493618 397.78919658996165 56.631136576179415 1265.748708975967 964.86151975602843 787.12819877290167 427.70289335492998 426.34164617629722 1119.7087615868077 430.32801001914777 215.56323711550795 207.9056669853162 465.93862698785961 531.25572434416972 1268.3790707630105 376.71294654184021 4414.004053004086 1617.7368653689045 128.2965976591222 88.502340515377 62.85113414702937 168.69308320712298 100.68936165887862 432.56650936277583 825.76321524009109 67.69257445493713 456.49773564143106 179.18234557332471 168.7792066228576 588.29022047715262 14.115446541458367 7687.8201398982201 65.56683474779129 602.58717994671315 9.7877467300277221 17.170268543995917 110.50218041217886 191.67183618620038 558.24763835361227 16182.958841874264 454.40061715710908 101.71657006652094 538.06833161320537 569.47038336051628 9.0167290642857534 31.306312288157642 1405.7556586617138
leaf_count=949813 513637 40356 148327 12255 801903 17393 72496 2521 2925 8035 26570 158040 12757 45719 4184 10228 4134 321 13543 9143 4963 3750 30420 12197 5931 3945 14321 6011 5148 8230 3319 69369 18553 6412 22803 1159 1315 849 2666 6627 664 6747 1745 1937 3965 94 122333 339 144075 2471 752 1557 1198 3072 6144515 82189 6720 10051 89646 214 295 10468
internal_value=-0.00609932 0.0258659 0.0125048 0.0179024 -0.0686938 -0.0341467 0.0609559 0.0111782 0.0132172 0.015839 0.00473474 -0.0268028 0.0122254 0.0670896 0.0316775 0.00824082 0.0228899 0.0493619 0.0704843 0.0262108 0.0242612 0.0388589 0.00349376 -0.00862527 0.0138876 -0.0220087 0.00860165 -0.0128843 0.0276958 0.0187149 0.0107067 0.0730166 -0.0226017 0.0152281 -0.0633505 -0.0439047 -0.00817309 0.0114405 0.0472879 -0.0258692 0.0248087 0.0107842 0.0258347 -0.0483456 0.0153325 0.0293682 0.0150855 -0.00418247 -0.0372552 0.0284642 0.196559 -0.0340015 0.00792778 0.00262428 -0.0772152 -0.0660825 -0.023785 0.0210043 -0.0389334 0.0011143 -0.0544518 0.00922973
internal_weight=72567.2 48036.4 34789.7 32478.6 24530.8 4853.59 13246.7 28572.5 27692.1 25989.5 2418.9 1702.57 23460.6 3906.09 3988.68 19471.9 3187.22 2528.88 1322.38 1206.5 4450.93 2258.05 15021 4453.81 1660.54 2793.27 10567.2 2366.93 1585.32 2778.18 10190.5 10059.5 1900.99 2789.43 2311.07 191.148 1918.54 909.969 533.256 1008.57 283.256 1054.07 802.787 376.685 1081.56 182.809 8271.95 653.857 718.048 115.46 26.958 540.83 2018.3 1826.63 19677.2 3494.26 556.117 645.704 833.577 232.8 600.777 2192.88
internal_count=9717335 1586182 1392256 708518 8131153 947916 193926 648799 500472 329860 146013 170612 303928 59719 29441 274487 52061 25932 13864 12068 33713 18282 240774 79278 19685 59593 161496 29173 38465 16684 145238 141865 23162 47927 683738 7571 14870 6834 3515 8036 4609 33317 14000 16258 8054 1409 130368 4304 170101 26026 3223 7488 12500 11302 7183237 1038722 88909 12572 107548 17607 89941 15431
is_linear=0
shrinkage=0.08


Tree=32
num_leaves=63
num_cat=0
split_feature=10 17 1 10 18 10 1 11 15 15 16 11 11 1 11 13 15 14 15 9 1 14 15 13 16 1 13 17 9 9 11 9 11 11 6 3 9 16 4 3 14 11 15 11 14 9 14 11 9 17 9 1 0 12 1 9 16 9 9 11 11 1
split_gain=20516.6 3978.65 2375.4 1832.88 1123.4 790.22 760.751 508.84 654.657 480.889 460.738 288.939 279.051 227.616 186.285 173.988 168.416 243.23 266.266 268.69 250.19 223.733 226.262 198.955 257.898 166.123 164.813 228.065 210.988 142.691 136.664 132.568 246.239 129.146 129.081 128.291 123.464 118.282 114.754 111.365 115.571 111.388 109.836 148.895 112.111 109.298 108.54 105.157 104.593 100.09 99.6015 97.0073 134.418 96.2377 95.2847 109.8 94.1045 92.077 98.8322 91.152 89.0868 106.868
threshold=0.74164745211601268 0.78811821341514599 0.98542153835296642 0.99802371859550487 1.5000000000000002 0.55255886912345897 0.044796863570809371 0.44033896923065191 2.5000000000000004 1.5000000000000002 10.500000000000002 0.89386734366416942 0.57735043764114391 0.73727309703826915 0.71834933757781994 1.0000000180025095e-35 4.5000000000000009 4.5000000000000009 5.5000000000000009 0.93643951416015636 0.13908451050519946 4.5000000000000009 3.5000000000000004 1.0000000180025095e-35 8.5000000000000018 0.40700641274452215 1.0000000180025095e-35 0.98331823945045482 0.69282051920890819 0.58380150794982921 0.65261757373809826 0.99350652098655712 0.82972848415374767 0.82972848415374767 1.0000000180025095e-35 1.0000000180025095e-35 0.91024166345596325 8.5000000000000018 1.0000000180025095e-35 1.0000000180025095e-35 3.5000000000000004 0.72255688905715953 3.5000000000000004 0.56691542267799389 3.5000000000000004 0.99350652098655712 1.5000000000000002 0.71010190248489391 0.98484501242637645 0.95867770910263073 0.89699381589889537 0.73727309703826915 0.78524649143219005 1.0000000180025095e-35 0.69941651821136486 0.99350652098655712 7.5000000000000009 0.84660631418228161 0.69614067673683178 0.91024166345596325 0.51899951696395885 0.23051880300045016
decision_type=2 2 2 2 2 2 2 2 2 2 2 2 2 2 2 2 2 2 2 2 2 2 2 2 2 2 2 2 2 2 2 2 2 2 2 2 2 2 2 2 2 2 2 2 2 2 2 2 2 2 2 2 2 2 2 2 2 2 2 2 2 2
left_child=4 -2 3 7 5 34 14 9 13 37 12 16 -7 26 42 -13 21 20 19 25 -18 23 45 24 49 30 27 28 -9 -11 -19 32 36 -27 -1 -20 47 -3 59 40 -33 -42 43 56 -44 -23 -15 -22 60 -10 -36 52 -26 -52 55 -17 -5 58 -53 -14 61 -8
right_child=1 2 -4 6 -6 10 48 8 11 29 -12 15 38 46 -16 54 17 18 35 -21 31 22 -24 -25 51 33 -28 -29 -30 -31 -32 39 -34 -35 50 -37 -38 -39 -40 -41 41 -43 44 -45 -46 -47 -48 -49 -50 -51 53 57 -54 -55 -56 -57 -58 -59 -60 -61 -62 -63
leaf_value=-0.075333532705658179 -0.070413204441821253 0.071126995300793819 0.078651692017638844 -0.0051360617542556995 -0.079010021615844986 -0.053144977949487651 -0.046151194850935162 0.84241389254403887 0.16351800428161795 -0.061848395199165289 -0.069305383457285361 0.057400801094174836 0.0042046595239598203 -0.060166274148600436 0.073597544270915513 0.052491612762485249 -0.070834168463249039 -0.028262877387949574 -0.035900213240699544 0.10674017716212789 0.011385475731396149 -0.039215716014620587 -0.074642324627160486 0.0060353634431860584 0.0036974510005719878 0.015271585654417401 0.012400890477557602 0.059526273322704409 0.14939013963308789 0.029790969178720303 0.073895001991537701 0.011746313993127169 0.064060449682863632 -0.064418821093927311 -0.066815903685529421 0.10477290135779262 0.074145923556680607 0.0037774458921022119 0.10334803270571584 0.046546002090994264 0.022598858230328582 -0.058615320772773177 -0.077680130363761105 0.10205138621566706 0.001814111501662429 0.097771990486399368 0.082947904639641676 -0.041465287551227144 0.07774380276859455 0.049126606774715358 -0.029794118332791737 0.092251832504099282 0.038816983783723197 0.070401612136328687 0.010480111913267474 -0.062258126333170294 0.032842283370109152 0.0019075237390124746 -0.099712144452419021 0.044184125385253251 0.060875852753985528 0.067250723988184338
leaf_weight=2484.2934056071099 2665.8710839909036 247.17804091563448 5652.4915839943569 693.49732977314852 16499.335341833765 407.4403636760544 111.83238640706986 4.5401609092950803 50.551228843163699 1237.7563216928393 645.6431397581473 1144.3346999180503 1331.6452623058576 34.93567505851388 364.27569187432528 710.63744407147169 494.29854963207617 105.81643131980672 592.41840427811258 278.06300601153634 406.59487403021194 63.457171136280522 360.49404444708489 8252.8874855260365 1380.9139664974064 423.29563206667081 974.4878814057447 536.95595177612267 7.3843174688518047 119.22008388675749 402.97259302111343 267.35564972879365 368.71043674391694 187.93551975185983 450.40137753845192 44.61589887086302 98.046645750757307 513.78960597398691 99.564821758074686 118.67708340566605 124.58213832159527 816.10034416243434 130.72401795745827 145.19282549852505 863.86533134127967 90.34887696406804 1161.8326424984261 591.39923306927085 3008.8160668127239 1549.0236950879917 385.42399464943446 20.244560946244746 1409.3386318115517 72.96651915460825 1897.0001262426376 57.701236551860347 1049.4265237415675 722.2325004665181 112.83161764848046 502.7888381134253 3918.8585990453139 101.41581561788917
leaf_count=870257 896173 5607 91686 10566 6699231 87064 825 279 3546 228995 137451 12679 59029 194 3876 4015 36600 5630 8194 1794 7200 3258 16178 129406 17174 3374 9260 5063 140 4052 2842 2482 2375 1389 93892 348 898 12686 2334 788 1033 8096 6988 996 12876 640 12989 5671 47839 16911 32403 100 8948 619 11852 344 8963 4464 564 7208 49929 871
internal_value=-0.00592573 0.0244878 0.0302348 0.0231021 -0.0679866 -0.0394796 0.051799 0.0124484 0.0155356 -0.0252508 -0.0094727 0.011172 0.00702594 0.0526609 0.0196931 0.0313089 0.00720397 -0.00491296 0.0168206 0.0363536 -0.0183742 0.0118051 -0.0399826 0.0137783 0.0259614 0.0188789 0.0321494 0.067211 0.413254 -0.0537972 0.0526485 -0.00908481 0.00750725 -0.00923086 -0.0658961 -0.0260479 -0.0115174 0.025654 0.0197023 -0.0274032 -0.0346679 -0.0478595 0.0128814 0.0242151 -0.00863423 0.0412537 0.0787702 -0.0199332 0.0663975 0.0527417 -0.0400976 0.0142109 0.0214361 -0.013845 0.0201066 0.0438741 0.017731 -0.00935967 -0.0705091 0.0151624 0.0581357 0.00778008
internal_weight=69566.7 46687.2 44021.4 38368.9 22879.5 6380.17 10387.9 27981 25863 2117.94 2987.08 23142.9 2341.44 2720.14 3246.98 3809.67 19333.2 5320.88 2035.12 1398.08 3285.76 14012.3 514.3 13498 5245.14 1120.02 1523.37 548.88 11.9245 1356.98 508.789 2791.47 1464.75 611.231 3393.09 637.034 1096.04 760.968 1934 1326.72 1208.04 940.682 2882.71 1888.12 994.589 153.806 1196.77 997.994 7140.92 1599.57 908.792 3645.56 2790.25 458.391 2665.34 768.339 1742.92 855.309 133.076 1834.43 4132.11 213.248
internal_count=9719134 1729646 833473 741787 7989488 1290257 143729 598058 346718 251340 293086 318793 155635 27925 44265 28890 289903 88714 23571 15029 65143 201189 20076 181113 51707 13235 14742 5482 419 233047 8472 28543 16144 4763 997171 8542 13769 18293 68571 12399 11611 9129 40389 20525 19864 3898 13183 12871 99464 20457 126914 31250 26122 33022 16211 4359 19529 5128 664 66237 51625 1696
is_linear=0
shrinkage=0.08


Tree=33
num_leaves=63
num_cat=0
split_feature=6 10 17 1 10 17 9 10 13 16 11 11 11 10 15 15 11 15 11 1 0 15 15 15 1 15 17 9 10 16 0 1 11 1 1 9 12 10 10 16 16 1 0 11 9 0 9 16 0 15 0 11 9 0 9 0 9 9 9 11 16 12
split_gain=18544.5 2906.87 1777.17 1483.36 1070.5 1007.57 952.336 460.776 356.645 417.323 337.479 330.483 280.442 225.101 192.692 178.129 164.332 158.298 157.132 155.91 135.055 123.542 122.71 113.426 142.15 104.234 97.5964 99.9232 116.401 116.538 91.221 93.068 114.523 110.407 92.0717 90.241 86.4444 84.7228 83.2099 321.779 186.803 144.011 136.178 129.129 89.051 119.836 85.1582 80.7281 114.183 98.915 93.9824 78.4455 131.599 77.1187 76.8604 99.7467 73.9956 106.136 73.7444 73.1692 72.5638 93.7721
threshold=1.0000000180025095e-35 0.99802371859550487 0.90619257092475902 0.98542153835296642 0.68360891938209545 0.82409781217575084 0.78979855775833141 0.56916823983192455 1.0000000180025095e-35 6.5000000000000009 0.53889366984367382 0.4654348492622376 0.71834933757781994 0.79128783941268932 2.5000000000000004 4.5000000000000009 0.86240702867507946 2.5000000000000004 0.92718276381492626 0.43617010116577154 0.3584111630916596 2.5000000000000004 1.5000000000000002 2.5000000000000004 0.62582537531852733 4.5000000000000009 0.67361241579055797 0.70320320129394542 0.64654055237770092 9.5000000000000018 0.91171297430992138 0.82482829689979564 0.62316370010375988 0.32008902728557592 0.66329416632652294 0.99350652098655712 1.0000000180025095e-35 0.91442927718162548 0.97845596075057995 7.5000000000000009 6.5000000000000009 1.0000000180025095e-35 0.64604702591896068 0.73375529050827037 0.95803993940353405 0.67949557304382335 0.51316699385643016 6.5000000000000009 0.86439567804336559 1.5000000000000002 0.49369765818119055 0.75513625144958507 0.86295148730278026 0.30913574993610388 0.68457102775573742 0.061489565297961242 0.99350652098655712 0.92422503232955944 0.81872946023941051 0.74115687608718883 4.5000000000000009 1.0000000180025095e-35
decision_type=2 2 2 2 2 2 2 2 2 2 2 2 2 2 2 2 2 2 2 2 2 2 2 2 2 2 2 2 2 2 2 2 2 2 2 2 2 2 2 2 2 2 2 2 2 2 2 2 2 2 2 2 2 2 2 2 2 2 2 2 2 2
left_child=4 2 26 7 -1 -6 12 60 9 -9 21 17 19 36 54 16 23 37 56 25 59 53 -13 24 -11 47 -2 -28 -29 -30 31 32 -25 51 -32 -8 -5 -10 40 -40 44 42 43 -42 45 -24 -43 48 49 -3 -49 -34 -53 -7 55 -12 57 -17 -36 -16 61 -4
right_child=1 6 3 13 5 10 35 8 11 15 14 22 -14 -15 20 18 -18 -19 -20 -21 -22 -23 38 30 -26 -27 27 28 29 -31 34 -33 33 -35 58 -37 -38 -39 39 -41 41 46 -44 -45 -46 -47 -48 50 -50 -51 -52 52 -54 -55 -56 -57 -58 -59 -60 -61 -62 -63
leaf_value=-0.077120743917332299 -0.076444788423864291 0.019761504990545204 -0.029883049727150029 0.012404875015923227 -0.0735736752447817 0.024872984839943317 0.062266102433626576 0.05671120491453549 -0.04390710878833616 0.019809783161282599 0.0047766983139497536 0.10952601291626587 0.06877444090960437 0.075452901501308317 -0.0071896735329627552 -0.0061540585774118662 0.05246924548881781 -0.065902719184663436 0.078570108955894599 0.072291596945520176 -0.044817760442457319 -0.070808504637816891 -0.010882405717341821 -0.01668906517701273 0.084396429050256697 -0.040298109546791444 -0.060333330910048957 -0.070348608083700304 0.11944498417845935 -0.030855706326073977 0.061134814300059084 -0.039903856981842935 0.016555958751017834 -0.0041361630134091158 -0.10420680179538333 0.080186557788917728 0.077061674093922228 0.021442625573830618 0.075796015938973102 0.00083278251221491904 -0.049335119575172462 0.076168693597227929 0.020572568307058125 0.03197824207829543 0.0019157414335460329 -0.055852666753751133 0.012709325935392547 0.075236157403983275 0.11337312989139382 -0.038288972573737062 0.018229138510846798 0.066147822781614699 -0.12346260031072451 -0.052918799231541545 0.026357155625652957 0.11969320885168612 -0.031845715248962202 0.077768138445148363 0.018607975221886078 0.035566281383213029 -0.057454970331419414 0.17572325358703356
leaf_weight=16534.045042432379 1284.6153124095872 328.72719691554084 50.957967697409913 605.01473708427511 2246.7113807594869 198.942626837641 2861.0731541132554 1896.5452288582455 217.39469519513659 675.28912982507609 63.931906587211415 74.22005296102725 814.39639854431152 2711.0618488378823 457.23309350130148 1190.1412696302868 956.03701991308481 602.6534726889804 135.07675174809992 294.72739582695067 291.91020042728633 458.59668470616452 1501.4676844726782 839.01211292343214 322.12666779942811 230.85003503458574 434.52161667123437 79.029907591175288 73.739175140159205 59.783827265258878 405.47871115244925 280.91598065709695 738.88085290160961 842.24672023905441 33.086162008345127 4841.8814774034545 169.3914366774261 305.24089782801457 518.02567938901484 1252.6417549578473 674.51599678373896 137.46441801497713 445.85803602309898 153.42047819308937 1900.7545153582469 507.39970460464247 8742.7879889621399 204.66803101892583 48.324763629585505 438.38057398167439 1934.3184142629616 493.76295671937987 24.593371290480718 138.22684303577989 205.89048573747277 198.22295925556682 686.23732946603559 104.95185174793005 576.43228409066796 582.51053546485491 742.68251787824556 19.678868246031925
leaf_count=7061091 482400 2011 8954 12271 876305 14842 41273 31633 27371 10879 1100 612 10242 45560 29339 15833 9919 127144 1643 3606 16073 104206 24613 30866 4448 8088 144277 24344 4665 6329 2940 1527 5836 5016 174 85737 1753 8227 3529 8162 66330 3275 5522 1437 16770 5157 85965 3738 548 16940 20772 3221 175 12123 3333 2448 3736 608 4021 10923 144175 772
internal_value=-0.00597922 0.0229157 0.0108036 0.0153665 -0.0674324 -0.0343507 0.0567012 0.00924991 0.0110219 0.0228519 -0.000398163 0.00393738 0.0265142 0.0645871 0.018784 0.0151191 0.0219714 -0.0379605 -0.00491541 0.0166243 0.00326482 -0.0437805 0.00690102 0.0163983 0.0406688 0.0114735 -0.0636825 -0.0383459 0.00660287 0.0521491 0.0106814 0.0040884 0.00829399 0.0182779 0.0315935 0.0735304 0.0265477 -0.00574015 0.00641999 0.022764 0.00436222 0.0100833 -0.0150721 -0.0342674 -0.0104966 -0.022241 0.0136917 0.0155188 -0.00589904 -0.0134127 0.0236838 0.0332935 0.0571518 -0.00701873 0.0629384 0.0916684 -0.010607 0.000646835 0.0119413 0.0167641 -0.0500855 0.0273973
internal_weight=66838.7 45462.5 33465.1 31533.4 21376.2 4842.18 11997.3 28048 27234.7 10200.8 2595.47 17033.8 4294.39 3485.47 1799.7 8304.27 6187.86 1125.29 2116.41 3480 1331.65 795.766 15908.6 5231.82 997.416 3185.27 1931.69 647.075 212.553 133.523 4234.41 3219.41 2938.5 2099.48 1015 7702.95 774.406 522.636 15834.3 1770.67 14063.7 10154 1273.79 827.936 3909.62 2008.87 8880.25 2954.42 815.433 767.108 2138.99 1257.24 518.356 337.169 468.045 262.155 1981.33 1295.09 609.518 1039.74 813.319 70.6368
internal_count=9716827 1585044 1392089 730074 8131783 1070692 192955 670490 516589 132475 194387 384114 65945 59584 63216 100842 79022 162742 21820 55703 56335 131171 221372 69103 15327 52097 662015 179615 35338 10994 53776 46641 45114 14248 7135 127010 14024 35598 220760 11691 209069 162529 73289 67767 46540 29770 89240 44009 19499 18951 24510 9232 3396 26965 6881 3548 20177 16441 4195 40262 153901 9726
is_linear=0
shrinkage=0.08


Tree=34
num_leaves=63
num_cat=0
split_feature=6 10 17 1 10 17 9 10 1 13 16 10 11 11 12 11 15 15 11 11 15 11 16 17 15 11 10 9 15 12 11 15 15 11 1 10 16 9 11 14 10 2 1 11 14 9 16 10 10 9 10 14 15 9 9 10 16 11 15 15 2 9
split_gain=16893.1 2610 1583.22 1281.01 1062.09 1055.56 947.968 445.138 319.466 272.206 393.898 268.87 259.643 234.417 210.242 206.794 154.069 134.176 176.9 168.205 123.943 141.509 122.052 121.187 120.884 119.057 98.3959 92.4582 91.042 89.7461 88.3056 93.9161 87.5756 141.469 87.0612 83.7509 136.548 80.2821 82.4805 79.6271 79.5945 79.2717 78.5948 123.41 106.161 108.455 98.5229 219.187 125.936 114.203 109.935 89.4104 402.341 78.0323 75.5705 91.8041 96.4872 74.2795 314.844 74.0626 72.1738 71.7223
threshold=1.0000000180025095e-35 0.99802371859550487 0.87306693196296703 0.98542153835296642 0.66257530450820934 0.82409781217575084 0.78979855775833141 0.72021508216857921 0.021542506292462352 1.0000000180025095e-35 7.5000000000000009 0.79128783941268932 0.6789083480834962 0.42644809186458593 1.0000000180025095e-35 0.57735043764114391 1.5000000000000002 2.5000000000000004 0.43288287520408636 0.43534001708030706 4.5000000000000009 0.8713812828063966 9.5000000000000018 0.99999865889549266 1.5000000000000002 0.92718276381492626 0.45910002291202551 0.98484501242637645 1.5000000000000002 1.0000000180025095e-35 0.7454303801059724 1.5000000000000002 2.5000000000000004 0.57307058572769176 0.671605944633484 0.98369517922401439 9.5000000000000018 0.47140522301197058 0.50944742560386669 1.5000000000000002 0.8337790071964265 1.0000000180025095e-35 1.0000000180025095e-35 0.7065996825695039 2.5000000000000004 0.7927781641483308 7.5000000000000009 0.97845596075057995 0.90952175855636608 0.95419579744339 0.9573054611682893 3.5000000000000004 4.5000000000000009 0.84889996051788341 0.7065996825695039 0.72470417618751537 8.5000000000000018 0.77836257219314586 3.5000000000000004 2.5000000000000004 1.0000000180025095e-35 0.71010190248489391
decision_type=2 2 2 2 2 2 2 2 2 2 2 2 2 2 2 2 2 2 2 2 2 2 2 2 2 2 2 2 2 2 2 2 2 2 2 2 2 2 2 2 2 2 2 2 2 2 2 2 2 2 2 2 2 2 2 2 2 2 2 2 2 2
left_child=4 2 54 7 -1 -6 12 15 30 10 41 29 17 16 34 -4 -11 18 28 -19 21 32 26 60 -15 -22 -17 -8 -3 -5 31 -7 33 -12 -10 39 -37 38 -21 -26 -16 -9 43 44 -41 -46 47 48 -44 -50 -48 59 -53 -45 -2 -56 -57 58 -13 -51 -20 -36
right_child=1 6 3 11 5 8 27 9 14 13 20 57 -14 24 40 22 -18 19 23 37 25 -23 -24 -25 35 -27 -28 -29 -30 -31 -32 -33 -34 -35 61 36 -38 -39 -40 42 -42 -43 46 53 45 -47 50 -49 49 51 -52 52 -54 -55 55 56 -58 -59 -60 -61 -62 -63
leaf_value=-0.077358111329693224 -0.073213830013755865 0.028422597114933345 -0.068131830979847305 0.0062154509450186779 -0.074225515474811335 0.011756547788358249 0.060724307128895316 0.037799680523890808 -0.020295680865299121 0.010484511669315388 0.0090113604544617264 0.070147964088022263 0.058456730606077659 0.10961148470056874 0.10752276865175242 -0.050594336552103041 -0.06118879781334071 -0.061258110548808288 0.50740997606739047 -0.0069428987722849897 -0.0088038874664264164 0.053000922020915033 -0.056008876742730626 0.0695481776854176 -0.07949405978565742 0.078169550512589947 0.010450229540613445 0.079384718088968742 -0.016448738808734722 0.073891642297026841 0.066623086798521775 -0.057254336928438121 0.0094835001690517558 0.073670076384155236 0.064419390839182661 0.075874103067862034 0.0096858307272902622 -0.00074892355636375267 0.10439491763406539 0.090905353574960227 0.040569868685823372 0.067689048340736233 0.012759545223877219 0.035992809666700001 -0.042056717476697585 0.073940411040715623 0.020596978489856657 0.073153637650620662 -0.030444246664638106 0.079470633540564897 0.0012461876397085792 0.11598041405949523 -0.022196708135427103 -0.061629852707669283 -0.070199951134361907 0.08881728916296304 -0.037858108752152536 0.076020638667706045 -0.45102927729373327 -0.022663876391873981 0.09362179857121998 0.0045120642638336195
leaf_weight=14933.326182931196 1355.9629047440831 957.49055113922805 560.2848257846199 611.17070585209876 2332.2568480020855 153.41582594439387 2719.8019395740703 1238.6918515914585 620.81060998840258 297.92038779589348 492.13099244586192 42.317825693637133 1084.5908027449623 74.237580499378964 162.14723055623472 203.06866872543469 539.61487861652859 276.21104866941459 6.5699058619793487 72.853575452463701 1814.0715588037856 708.7378587257117 310.63929121219553 349.35043074376881 69.758572808932513 106.65232575312257 1007.0089550986886 4529.2618269277737 414.7406663724687 157.78359683416784 47.854883603751659 711.62714041699655 3859.4298975579441 386.75769036123529 181.33937992341816 291.94510512985289 629.8457502280362 956.55533642997034 102.49189553735778 45.201136695919558 379.84905499126762 1048.6595179073047 1630.5265980800614 383.22514074551873 825.21187615580857 55.026028306223452 5122.70436929469 241.99297507852316 1490.1685061310418 48.433795299381018 2967.3571201669984 204.04985323175788 397.77022596821189 60.703241912880912 180.33632116043009 64.324116699863225 95.790417928947136 2500.7702075950801 8.9951325953006727 735.01575888320804 4.5773117316421121 434.02448266209103
leaf_count=6915795 549170 5771 147688 12416 993883 7669 41294 17038 45149 8346 7776 685 13295 599 2777 35375 110560 22161 172 2074 16667 7648 38800 3574 397 1364 43032 86005 8217 1732 581 146331 43622 5116 3067 2007 4003 10036 740 1114 3489 15646 17098 3129 74484 832 45390 1701 14182 485 20328 998 3903 448 62532 6420 16981 44925 87 6708 100 11716
internal_value=-0.00553148 0.0219795 0.0105106 0.014607 -0.0666541 -0.0348334 0.0548279 0.00900609 -0.000693616 0.0118806 0.0225023 0.0615709 0.0247099 0.00551501 0.0190563 -0.0265845 -0.0356938 0.0130565 0.0279624 -0.00528561 0.013499 0.0196605 -0.0112771 0.0778337 0.00777478 -0.0039745 0.000206061 0.0723835 0.0148608 0.0201021 -0.039163 -0.0450152 0.0146736 0.0374646 0.000841584 0.00727737 0.0306487 0.00837302 0.0581356 0.00576843 0.0605999 0.0515028 0.00618707 -0.0120317 -0.0286653 -0.0348054 0.00813037 -0.00101776 -0.00500113 -0.0150724 0.0134993 0.00146351 0.0246529 0.0226438 -0.0647532 -0.0310557 0.0130322 0.0740656 -0.0212141 -0.0163498 0.337499 0.0221659
internal_weight=64295.4 44338.8 32864.3 31167.9 19956.7 5023.33 11474.5 27846.8 2691.07 25765.8 9655.13 3321.04 4225.43 16110.7 1778.17 2081 837.535 3140.84 1732.73 1408.11 7367.78 5447.06 1520.72 360.498 15273.2 1920.72 1210.08 7249.06 1372.23 768.954 912.898 865.043 4738.32 878.889 1236.17 15198.9 921.791 1131.9 175.345 14277.1 541.996 2287.35 14207.4 1369.37 925.439 880.238 12838 4747.96 4505.96 2875.44 8090.06 1385.27 601.82 443.928 1696.41 340.451 160.115 2552.08 51.313 783.45 11.1472 615.364
internal_count=9715328 1584871 1391432 756329 8130457 1214662 193439 696484 220779 431589 114877 59845 66140 316712 66198 264895 118906 52845 17834 35011 82193 64162 117207 3846 197806 18031 78407 127299 13988 14148 154581 154000 56514 12892 59932 197207 6010 12850 2814 191197 6266 32684 190800 80007 76430 75316 110793 45075 43374 26276 65718 12094 4901 3577 635103 85933 23401 45697 772 7193 272 14783
is_linear=0
shrinkage=0.08


Tree=35
num_leaves=63
num_cat=0
split_feature=6 10 17 1 10 17 9 10 11 16 10 11 13 16 10 11 11 9 0 1 11 9 9 11 0 9 1 12 17 10 11 0 10 0 9 16 0 16 12 10 9 4 9 9 11 0 0 17 11 10 14 9 16 18 10 11 12 16 1 0 16 9
split_gain=15176.5 2369.83 1398.47 1213.89 1076.68 997.769 905.454 393.606 306.421 298.251 267.471 264.253 223.822 342.655 215.212 177.562 129.094 123.085 126.187 98.7868 188.529 96.381 90.4428 101.765 90.237 104.274 112.163 81.3897 117.447 138.268 814.624 78.8341 127.544 97.6551 76.3594 79.6163 74.5547 95.4484 73.346 73.65 72.8608 72.5209 69.8005 68.6967 93.7493 67.2129 83.2994 64.9527 76.3081 83.4319 133.326 203.939 77.9596 61.4687 123.529 122.862 180.655 88.5045 61.0926 60.9484 60.9091 60.8591
threshold=1.0000000180025095e-35 0.99802371859550487 0.84841391444206249 0.98542153835296642 0.66257530450820934 0.82409781217575084 0.83438819646835338 0.56916823983192455 0.4654348492622376 11.500000000000002 0.79128783941268932 0.57735043764114391 1.0000000180025095e-35 6.5000000000000009 0.89198908209800731 0.53889366984367382 0.90443575382232677 0.49089704453945165 0.96347683668136608 0.39053583145141607 0.78086891770362865 0.49089704453945165 0.50287353992462169 0.76506900787353527 0.91171297430992138 0.27812939882278448 0.39053583145141607 1.0000000180025095e-35 0.99999865889549266 0.79525119066238414 0.73375529050827037 0.91171297430992138 0.98369517922401439 0.71112373471260082 0.60495716333389293 9.5000000000000018 0.86439567804336559 11.500000000000002 1.0000000180025095e-35 0.49418526887893682 0.99350652098655712 1.0000000180025095e-35 0.82807880640029918 0.47478812932968145 0.53889366984367382 0.3358751386404038 0.061489565297961242 0.62719374895095836 0.54923507571220409 0.73247623443603527 2.5000000000000004 0.7065996825695039 9.5000000000000018 1.5000000000000002 0.56916823983192455 0.68457102775573742 1.0000000180025095e-35 6.5000000000000009 0.70411264896392833 0.78524649143219005 9.5000000000000018 0.99350652098655712
decision_type=2 2 2 2 2 2 2 2 2 2 2 2 2 2 2 2 2 2 2 2 2 2 2 2 2 2 2 2 2 2 2 2 2 2 2 2 2 2 2 2 2 2 2 2 2 2 2 2 2 2 2 2 2 2 2 2 2 2 2 2 2 2
left_child=4 2 47 7 53 -6 11 42 14 15 38 24 13 -10 41 -7 17 -15 19 20 36 -17 -13 -24 25 -3 -27 45 29 30 -29 32 43 -34 -21 -36 37 -19 39 -5 -8 -9 -4 44 -14 46 -23 -2 -49 -50 51 -51 -52 54 -1 -56 -57 -58 -11 -16 -43 -37
right_child=1 6 3 10 5 9 40 8 12 58 -12 22 31 16 59 21 -18 18 -20 34 -22 27 23 -25 -26 26 -28 28 -30 -31 -32 -33 33 -35 35 61 -38 -39 -40 -41 -42 60 -44 -45 -46 -47 -48 48 49 50 52 -53 -54 -55 55 56 57 -59 -60 -61 -62 -63
leaf_value=-0.073367713618305755 -0.076978202233067713 0.02327147551562362 -0.072454595519159698 -0.048746980202489916 -0.073484078835917496 -0.027516986858162201 0.060215517861718165 -0.06226996793195539 0.055100981903791285 -0.070965083496094941 0.073429530953341121 0.097446894351940566 -0.0061498347439344651 0.068648541747987984 -0.0068894006549387659 0.097892582448052184 0.048992328831627283 0.018672809263776832 0.036013127830513816 0.067394350879963982 0.052343396436945307 -0.044581350590305588 0.027788547046808984 0.065026622515501009 0.090954496514470393 -0.017307142673029439 0.081135564289625109 0.062328436468051106 0.030600734156754981 0.1091808920177449 2.5577233764435987 0.024065955204447431 0.071320878462983225 0.011980435355342276 0.011997216350932266 -0.0057616146999406991 0.041530047734869562 -0.01983013726607943 0.069315795205276753 0.020756204994200354 0.078508402969979837 0.11009596102145765 -0.024496596387544606 0.0020264155877282599 0.10634725389069312 -0.037207203493841351 0.027385442067256488 -0.067565936312848143 -0.059631281653223935 1.30089974030467 0.1033163937162931 0.13209505222010595 -0.036127106202746936 -0.079599714798777324 -0.061531002479812129 -0.0045021645433383521 0.44114086902095301 0.11449262868758356 0.022138676527857212 0.048824674113734402 -0.066264312253242322 -0.034935413216189835
leaf_weight=2068.9772551220376 1017.2719944452401 1017.8387081834953 383.52479011705145 120.98997347359546 2166.4463475440862 553.40617579896934 2080.0287830131128 679.94728546752594 1637.3523775502108 391.5888996256981 2396.4722947850823 194.72684133471921 94.126953540137038 232.65827338141389 1050.0212739021517 108.0068902138155 641.7327014869079 734.26336692576297 974.68205365911126 90.039396558888257 681.4155479692854 122.5030624193605 1381.7583108369727 711.54859059117734 79.443212262820452 1183.1125734527595 79.021126549690962 4.4860212781932196 525.48551704967394 58.929505695123225 1.0293762388173489 1439.9117046385072 307.60417485865764 419.60495167970657 920.77009672229178 1242.605373453116 282.01184532791376 939.03704353072681 151.69770301878452 504.21777614764869 4222.0715003227815 29.914211542345583 393.52396988868713 13490.73308711173 95.521273426245898 190.4831376853399 644.35850949608721 295.81675107008778 92.481878179358318 1.3251322347205121 45.564774367259815 3.4245175865944475 58.738181680906564 11378.474715136457 227.10385816637427 134.1861474364996 8.6675885992590356 13.698790905764325 50.977953214431182 142.74820955307223 21.570611466653645 724.435106477933
leaf_count=907837 444097 12956 113808 6938 994057 89406 34431 153544 21308 75546 45677 2376 10817 4657 67108 1955 7972 10494 8635 1010 4933 3698 14539 10267 814 31123 868 1518 7617 2451 123 9107 2184 2686 6966 7190 1735 11583 1733 5727 86008 1939 52392 205413 2074 9608 26520 119628 33922 188 4815 174 13081 5901231 76359 30576 126 740 2328 2251 2259 3766
internal_value=-0.00544538 0.0205471 0.00965505 0.0133429 -0.0657788 -0.033209 0.0527152 0.00796448 0.00958757 -0.000298546 0.0602054 0.025926 0.01196 0.021959 -0.0211727 0.0117124 0.0146884 0.0114614 0.00944225 0.00482958 0.0161067 0.0248279 0.0452975 0.0404464 0.00714052 0.00422011 -0.0111437 0.0197276 0.0431012 0.14503 0.528061 0.00621776 0.00443399 0.037081 -0.00515574 -0.00741779 0.00347847 -0.0029346 0.0194139 0.00730597 0.0724708 -0.0553383 -0.048167 0.00269856 0.0505123 0.00532446 0.015889 -0.0653944 -0.0417013 -0.00373653 0.0436649 0.458187 0.0247888 -0.0771236 -0.0656364 -0.0239433 0.0305834 0.241078 -0.0602407 -0.000221654 0.0362062 -0.0165059
internal_weight=61936.1 43287.3 32337.8 30823.1 18648.8 4817.7 10949.5 27649.8 26872.7 2651.26 3173.38 4647.45 24948.5 9101 1924.2 2208.69 7463.65 6821.92 6589.26 5614.58 2636.73 1655.28 2288.03 2093.31 2359.42 2279.97 1262.13 1547.28 589.93 64.4449 5.5154 15847.5 14407.6 727.209 2977.85 2887.81 1955.31 1673.3 776.905 625.208 6302.1 731.432 777.049 13680.4 189.648 957.345 766.862 1514.62 497.351 201.534 109.053 4.74965 104.303 13831.1 2452.63 383.656 156.553 22.3664 442.567 1192.77 51.4848 1967.04
internal_count=9716889 1585193 1391811 775906 8131696 1214827 193382 715831 549631 220770 60075 72943 322530 90249 227101 142896 68941 60969 56312 47677 28745 53490 27182 24806 45761 44947 31991 51535 11709 4092 1641 232281 223174 4870 18932 17922 23812 22077 14398 12665 120439 157742 166200 218304 12891 39826 30218 615905 171808 52180 18258 362 17896 6916869 1015638 107801 31442 866 77874 69359 4198 10956
is_linear=0
shrinkage=0.08


Tree=36
num_leaves=63
num_cat=0
split_feature=6 10 17 1 10 17 9 11 10 15 11 10 11 2 11 15 14 15 9 9 13 15 9 11 1 3 1 9 14 15 1 9 9 11 1 11 11 9 1 9 11 1 1 11 9 11 15 14 14 14 11 3 11 9 14 15 15 14 9 9 11 9
split_gain=13762.7 2197.4 1247.97 1087.85 1036.31 897.136 894.296 358.7 326.891 324.103 259.068 248.332 234.446 194.482 169.092 193.296 185.638 310.555 289.864 178.868 162.335 159.8 158.574 236.214 151.953 168.04 150.974 146.271 141.584 191.279 130.17 204.412 172.805 207.958 197.048 155.269 171.997 265.823 135.332 194.555 296.842 128.242 114.329 109.795 158.669 144.954 107.818 104.332 102.062 100.766 284.844 179.714 166.675 99.8653 195.846 177.846 166.056 128.586 99.1897 98.8613 129.105 96.888
threshold=1.0000000180025095e-35 0.99802371859550487 0.84841391444206249 0.98542153835296642 0.66257530450820934 0.79621154069900524 0.78979855775833141 0.54923507571220409 0.89198908209800731 2.5000000000000004 0.58380150794982921 0.79128783941268932 0.6789083480834962 1.5000000000000002 0.92403846979141246 4.5000000000000009 4.5000000000000009 5.5000000000000009 0.95419579744339 0.75905716419219982 1.0000000180025095e-35 2.5000000000000004 0.99350652098655712 0.84409722685813915 0.85703435540199291 1.0000000180025095e-35 0.29433797299861914 0.47478812932968145 4.5000000000000009 3.5000000000000004 0.74295812845230114 0.90521115064620983 0.77015757560729992 0.71834933757781994 0.23601711541414264 0.72046515345573436 0.85540068149566661 0.92422503232955944 0.19525992870330813 0.8521554470062257 0.77015757560729992 0.78700488805770885 0.4283952414989472 0.77303031086921703 0.83438819646835338 0.87895435094833385 2.5000000000000004 2.5000000000000004 3.5000000000000004 3.5000000000000004 0.79784947633743297 1.0000000180025095e-35 0.86582550406456005 0.92031747102737438 3.5000000000000004 3.5000000000000004 3.5000000000000004 2.5000000000000004 0.99350652098655712 0.91024166345596325 0.72046515345573436 0.63224515318870556
decision_type=2 2 2 2 2 2 2 2 2 2 2 2 2 2 2 2 2 2 2 2 2 2 2 2 2 2 2 2 2 2 2 2 2 2 2 2 2 2 2 2 2 2 2 2 2 2 2 2 2 2 2 2 2 2 2 2 2 2 2 2 2 2
left_child=4 2 -2 7 -1 -6 12 8 -4 20 21 -5 42 14 15 27 19 18 26 -17 -9 -7 23 59 -16 -26 -18 -11 30 -30 32 43 33 -29 -35 47 38 -38 39 40 -37 -22 -3 44 61 48 -12 -34 -45 51 -51 52 -33 -40 55 57 -56 -55 -8 60 -21 -32
right_child=1 6 3 11 5 10 58 9 -10 13 46 -13 -14 -15 24 16 17 -19 -20 22 41 -23 -24 -25 25 -27 -28 28 29 -31 31 49 35 34 -36 36 37 -39 53 -41 -42 -43 -44 45 -46 -47 -48 -49 -50 50 -52 -53 -54 54 56 -57 -58 -59 -60 -61 -62 -63
leaf_value=-0.076854134314688419 -0.06439496988914073 0.0066787727756958881 -0.048826704340311194 0.018422257746577981 -0.073855191366967929 0.0037978521763753215 0.057179632112258398 0.070657408465256602 0.0024999069519539415 0.11101186724538624 0.050522409298216539 0.07143561574579238 0.05540416310726038 0.065194743958927714 0.049664373341784529 -0.070284151912370224 0.058356250849393707 -0.030486534982260411 0.11538045497444931 0.019120705663765863 0.004500854844399731 -0.063423621842477837 -0.029960736886543833 0.063917942650468115 0.050257717577861474 -0.026321709522263436 -0.0021629953057944453 -0.013539361330110626 0.048812130970406202 -0.064579694460775355 0.14629761050066697 -0.037164875938928012 -0.022198486208672232 0.051138076516119242 -0.026921743012039173 -0.13283789479123287 0.05752175079601405 -0.060203646143860888 -0.015959545093814229 -0.057178924340348873 0.072409911553319772 0.058692483795931477 0.06887666647248622 -0.019826515701731807 0.023026763867149209 0.024082253491072007 0.0043251627316298457 0.049817296456882661 -0.087320138893919208 0.093155956748367699 0.0024635198344651029 0.027491538354010144 0.02892877683006553 -0.039907176290920013 -0.12898234780821782 -0.06640852244642162 0.085666473338867552 0.09332012400397971 0.07763329848875862 0.055114625860244973 -0.040575489636550922 -0.073388777244810494
leaf_weight=12807.422443583375 1421.3541326718405 2861.3813608523924 1288.5662113558501 756.38139435835183 1956.220235836925 378.95886723115109 2469.7472803536803 762.07207014597952 2069.6781550096348 90.831307488493621 430.17211050260812 2241.0440938789397 999.83984141610563 373.19535452220589 1069.638910088921 387.92620806139894 385.31502422876656 771.76429306296632 226.89512388384901 356.73878599354066 792.01883981144056 561.94326444424223 1627.3729530419223 347.47583795594983 298.0579654655885 476.66563062858768 836.62221037759446 2072.5433278309647 131.04536336613819 348.17567914747633 13.725366990780456 879.38069729995914 139.70949090551585 769.04148016334511 283.17235333821736 49.247388826217502 968.40548428334296 140.5718624193687 1490.7575090148021 118.82820492447354 535.1124746974092 431.87002075114287 202.52735911123455 225.27875279984437 493.48991773766465 153.36039190227166 1301.7397119632224 1641.0656019560993 394.46792032057419 329.83187634707429 675.66910762432963 959.07646023132838 338.06921187276021 77.703769098734483 25.098798270570114 213.65535554010421 284.83815987082198 114.9584535502363 3935.2093986058608 127.22354438970797 662.37398651964031 201.05047240108252
leaf_count=6917025 616084 49862 274121 14220 970296 35277 41459 11800 87232 1498 7350 45600 13232 4584 9739 25866 5592 10412 1612 9042 10243 145767 19702 2755 2898 4164 8979 68381 3219 14108 162 9948 2135 5724 3983 459 7946 1487 17271 1147 3534 6851 2720 2751 4896 1509 56548 20930 4725 2873 7069 9360 3143 780 338 2201 2737 1004 86011 2305 9861 2805
internal_value=-0.00531279 0.0193224 0.00887637 0.0122969 -0.0651289 -0.0326882 0.0511217 0.00729989 -0.0171942 0.0107143 -0.00255823 0.058058 0.0217669 0.00793305 0.00694973 0.00480077 -0.00759704 0.0105047 0.03234 -0.019052 0.0416717 -0.0363494 -0.0126845 0.00613649 0.0301221 0.00314055 0.0169206 0.00981807 0.00916468 -0.0335721 0.0106719 -0.00016017 0.016332 0.00116582 0.0301306 0.0245028 0.01579 0.0425991 0.00557401 0.0361369 0.0551125 0.0236233 0.0107901 -0.0247079 -0.0019532 -0.0455541 0.0157996 0.0441673 -0.0627861 0.0112679 0.0322131 0.00159168 -0.0188116 -0.00416381 0.0203869 -0.0161488 0.0682841 0.0395874 0.0697464 -0.0113781 -0.0196789 -0.0593496
internal_weight=59773.6 42337.1 31868.4 30447.1 17436.5 4629.03 10468.7 27449.6 3358.24 24091.4 2672.81 2997.43 4063.75 22105.4 21732.2 19887.9 5729.71 2220.6 1448.83 3509.11 1985.96 940.902 3121.19 1493.81 1844.36 774.724 1221.94 14158.2 14067.3 479.221 13588.1 4663.4 8924.71 3124.76 1052.21 5799.95 4019.18 1108.98 2910.2 703.188 584.36 1223.89 3063.91 1481.37 708.266 773.107 1731.91 1780.78 619.747 3182.03 1005.5 2176.53 1217.45 2207.01 716.255 406.318 309.937 192.662 6404.96 1146.34 1019.11 214.776
internal_count=9717332 1585069 1391785 775701 8132263 1215238 193284 715881 361353 354528 244942 59820 65814 325634 321050 304249 96126 26595 16183 69531 28894 181044 43665 23963 16801 7062 14571 208123 206625 17327 189298 49241 140057 78088 9707 61969 38904 9433 29471 5140 3993 17094 52582 16848 7863 8985 63898 23065 7476 32393 9942 22451 13091 24331 7060 3985 3075 1784 127470 21208 18903 2967
is_linear=0
shrinkage=0.08


Tree=37
num_leaves=63
num_cat=0
split_feature=10 17 1 10 18 9 10 15 11 1 11 11 9 1 9 11 11 11 14 11 3 13 13 10 9 1 13 10 11 11 9 11 9 9 9 11 9 12 1 14 15 15 14 15 12 0 13 2 9 1 14 0 0 14 11 14 0 9 11 11 9 11
split_gain=12610.7 2505.28 1855.14 1137.05 944.618 612.484 525.485 386.324 680.564 369.752 309.143 213.453 199.868 242.763 253.429 237.354 162.027 149.221 288.932 231.208 199.766 140.667 137.867 137.643 134.519 132.322 112.25 125.51 106.28 190.925 162.606 466.996 221.185 124.322 113.399 241.47 222.617 104.501 99.1574 96.3696 96.1434 91.4076 164.551 86.0444 84.9522 150.129 102.31 146.305 86.4686 83.4838 83.1156 84.7 83.0723 81.9831 80.2682 79.5591 79.4585 78.8329 178.739 78.114 77.2381 88.4586
threshold=0.72021508216857921 0.74014180898666393 0.98542153835296642 0.99802371859550487 1.5000000000000002 0.78979855775833141 0.52342718839645397 2.5000000000000004 0.44920891523361212 0.74295812845230114 0.55848154425621044 0.71834933757781994 0.75134408473968517 0.46471899747848516 0.84660631418228161 0.78629973530769359 0.71010190248489391 0.77836257219314586 3.5000000000000004 0.89386734366416942 1.0000000180025095e-35 1.0000000180025095e-35 1.0000000180025095e-35 0.90952175855636608 0.58643680810928356 0.44018043577671057 1.0000000180025095e-35 0.97845596075057995 0.69282051920890819 0.78086891770362865 0.84889996051788341 0.84889996051788341 0.93127065896987926 0.92422503232955944 0.78319627046585094 0.75147059559822094 0.84292763471603405 1.0000000180025095e-35 0.49065750837326055 2.5000000000000004 3.5000000000000004 4.5000000000000009 4.5000000000000009 4.5000000000000009 1.0000000180025095e-35 0.91171297430992138 1.0000000180025095e-35 1.0000000180025095e-35 0.98484501242637645 1.0000000180025095e-35 4.5000000000000009 0.55393069982528698 0.30468566715717321 2.5000000000000004 0.80735492706298839 2.5000000000000004 0.48453648388385778 0.88273489475250255 0.88273489475250255 0.89699381589889537 0.47690120339393621 0.50944742560386669
decision_type=2 2 2 2 2 2 2 2 2 2 2 2 2 2 2 2 2 2 2 2 2 2 2 2 2 2 2 2 2 2 2 2 2 2 2 2 2 2 2 2 2 2 2 2 2 2 2 2 2 2 2 2 2 2 2 2 2 2 2 2 2 2
left_child=4 -2 3 7 6 11 59 9 24 26 -8 25 15 28 16 23 -15 18 20 53 -16 -4 -21 49 -9 41 55 -28 50 33 -31 32 43 34 35 -30 -36 -12 -39 -11 -22 -5 -43 -32 45 -7 47 -47 -46 -10 51 -14 -40 -19 -18 -3 -57 -33 -59 -1 61 -25
right_child=1 2 21 5 -6 44 10 8 12 39 37 -13 13 14 17 -17 54 19 -20 22 40 -23 -24 60 -26 -27 27 -29 29 30 31 57 -34 -35 36 -37 -38 38 52 -41 -42 42 -44 -45 48 46 -48 -49 -50 -51 -52 -53 -54 -55 -56 56 -58 58 -60 -61 -62 -63
leaf_value=-0.071470725534529683 -0.070688095088668232 0.067704761605526145 0.082415103271054196 0.011576212453452337 -0.078695130724990403 0.058985886777398785 -0.066543083011611576 -0.074541415491658977 -0.046072264371445196 0.01592380817314511 -0.0076626159652745168 0.060264098122913307 0.099892374995334571 0.0097977209636242926 -0.018246265709770299 0.085291000127728417 -0.059450005878296963 0.020262455774763679 0.043722792628405713 0.049430458973965842 0.092058549011430596 0.05060830531825939 0.01130721571018177 -0.02597215833898317 0.021945381101060663 0.067130762185419177 -0.0049844889818013828 0.069333193457999556 -0.11366090857954117 0.057346234588189944 -0.15073074255323829 0.075285075296039367 0.026286151212128548 0.05014980948192909 -0.096359443861308153 0.038581114559500931 0.0058947595646190263 -0.0089906119672669687 0.17332569057484729 0.083334945640562846 -0.0081428572377004824 -0.093642047727424904 0.04224235654500378 -0.048289210410149719 0.055350098561996151 -0.31422725044640776 0.004603696375883615 0.03760320129640473 0.080715583679028965 -0.0098416427387678813 -0.023896247313848151 0.043100532040823321 0.04820265846862979 -0.010397494242243356 -0.014417216029355407 0.054902103157772511 0.00059204806434665688 -0.085010888812378116 0.044817915567995928 -0.028123205052304413 -0.0039116902435228475 0.085885612549850901
leaf_weight=1859.358174654888 1943.4973542630905 350.80846076563466 2908.6078010122292 3039.6555529073812 11024.23134667112 684.10446787392721 531.12023933872115 799.67811112932395 883.94544618471991 160.46840798133053 1632.5024236690952 709.69281797297299 207.64131397381425 601.95059891382698 1144.0376852803165 170.34139790409245 657.14163272897713 638.49896028242074 1983.8679246468237 808.27842710027471 179.93340819270816 1282.1600918460172 2439.166167448042 68.840045024175197 104.56854362040758 259.95446010306478 1387.3998947859509 162.4675720478408 80.813711526570842 1019.5448918358888 139.63984856021125 333.00949432048947 110.07581369986292 211.99931773217395 255.72108021215536 381.15486138116103 291.69091009709518 188.02613409003243 39.852557563688606 880.17739413515665 92.939600749872625 144.0950387979392 94.399577469564974 84.065380798885599 1640.9518070109189 16.618879854679108 176.21233661100268 13.883757915347816 1807.5196890495718 754.42841137631331 95.540266426163726 881.91969966352917 229.65734103368595 4436.24304019392 412.22324293165002 279.07177874341141 451.08886026707478 79.462212682934478 465.07897327910177 310.48932231147774 2640.9869663785212 132.02027156995609
leaf_count=823246 950372 5365 68878 39656 6571720 9394 183643 229774 111612 1565 176035 10425 6590 5522 10048 1190 6413 4608 15324 10928 1407 23625 15310 5819 4717 3710 65751 1390 1017 6997 1130 2270 925 1744 2662 2711 2721 11255 850 12118 622 5909 1365 784 30272 296 2245 334 42414 30939 1819 6067 1937 36984 3369 12139 6696 656 3910 70571 44000 2074
internal_value=-0.00492324 0.0180137 0.0223197 0.0164314 -0.0658061 0.0418171 -0.0361482 0.00843412 0.00467654 0.0325737 -0.0120422 0.0202227 0.00738982 0.0112036 0.00574174 -0.0073973 -0.0234022 0.00989672 0.0240161 0.00412698 -0.00357595 0.0726839 0.020796 -0.0109214 -0.0633835 0.012191 0.0166065 0.00280599 0.0269792 0.0198834 0.0338039 0.013989 -0.0665526 -0.00554287 -0.01724 0.0119489 -0.0418728 0.00180755 0.0355974 0.0729401 0.0579303 0.0078343 -0.0398571 -0.112235 0.0629563 0.0409328 -0.0188124 -0.154086 0.0686454 -0.029389 0.0476499 0.0539235 0.0667047 -0.00653989 -0.0420906 0.0363934 0.0213497 0.0446235 0.0258726 -0.065268 -0.000274471 0.0475491
internal_weight=57794.5 41979.3 40035.8 35845 15815.2 8587.09 4791.01 27257.9 23586.4 3671.48 2621.16 4247.8 22682.2 18031.6 13394.3 4650.56 1671.32 11723 3400.78 8322.19 1416.91 4190.77 3247.44 4480.22 904.247 3538.1 2630.84 1549.87 4637.36 3452.26 2230.88 1211.33 333.781 1221.38 1009.38 461.969 547.412 2090.04 457.536 1040.65 272.873 3278.15 238.495 223.705 4339.29 890.819 206.715 30.5026 3448.47 1638.37 1185.1 1089.56 269.51 5074.74 1069.36 1080.97 730.161 877.551 544.541 2169.85 2841.85 200.86
internal_count=9715839 1876582 926210 833707 7839257 146020 1267537 687687 582663 105024 373720 61065 348172 152538 110535 195634 15304 95231 27401 67830 12077 92503 26238 194444 234491 50640 91341 67141 42003 27527 16672 9675 2839 10855 9111 3728 5383 190077 14042 13683 2029 46930 7274 1914 84955 12269 2875 630 72686 142551 14476 12657 2787 41592 9782 24200 18835 6836 4566 893817 51893 7893
is_linear=0
shrinkage=0.08


Tree=38
num_leaves=63
num_cat=0
split_feature=10 17 1 10 18 9 10 11 15 15 11 1 1 9 11 1 9 13 2 11 1 1 11 11 14 11 15 14 3 9 9 2 9 10 14 15 15 15 15 14 9 14 9 9 14 14 9 11 0 10 0 12 0 0 11 15 15 14 9 13 3 9
split_gain=11329.5 2217.5 1750.49 1023.5 960.794 567.806 484.239 311.679 397.109 370.796 279.322 218.048 209.279 175.191 217.344 175.768 184.026 154.965 141.997 141.492 137.686 133.643 118.37 113.51 271.932 204.45 174.82 179.007 199.238 118.925 111.578 107.013 99.6785 99.205 99.6166 194.397 98.1968 97.2645 144.219 142.567 98.2822 95.7418 94.5214 102.67 105.988 92.3622 91.935 123.67 139.728 109.542 198.468 89.7492 147.426 98.6967 89.2594 149.583 87.4345 95.6012 86.0367 84.9438 84.9415 84.3367
threshold=0.72021508216857921 0.74014180898666393 0.98542153835296642 0.99802371859550487 1.5000000000000002 0.78979855775833141 0.52342718839645397 0.44033896923065191 2.5000000000000004 1.5000000000000002 0.63686314225196849 0.53745666146278392 0.74295812845230114 0.77015757560729992 0.73746865987777721 0.46033254265785223 0.84660631418228161 1.0000000180025095e-35 1.5000000000000002 0.71010190248489391 0.069412618875503554 0.14980195462703708 0.69282051920890819 0.77836257219314586 3.5000000000000004 0.89386734366416942 3.5000000000000004 2.5000000000000004 1.0000000180025095e-35 0.89512962102890026 0.5673658847808839 1.0000000180025095e-35 0.11882352828979494 0.90023696422576915 3.5000000000000004 3.5000000000000004 3.5000000000000004 3.5000000000000004 4.5000000000000009 4.5000000000000009 0.92031747102737438 3.5000000000000004 0.49366684257984167 0.99350652098655712 1.5000000000000002 2.5000000000000004 0.66287875175476085 0.5912291705608369 0.52508750557899486 0.77539554238319408 0.34906657040119177 1.0000000180025095e-35 0.91171297430992138 0.78524649143219005 0.79784947633743297 3.5000000000000004 5.5000000000000009 4.5000000000000009 0.91715687513351452 1.0000000180025095e-35 1.0000000180025095e-35 0.66287875175476085
decision_type=2 2 2 2 2 2 2 2 2 2 2 2 2 2 2 2 2 2 2 2 2 2 2 2 2 2 2 2 2 2 2 2 2 2 2 2 2 2 2 2 2 2 2 2 2 2 2 2 2 2 2 2 2 2 2 2 2 2 2 2 2 2
left_child=4 -2 3 7 6 11 58 9 12 32 -8 22 20 14 33 31 19 -4 23 -17 -9 -16 36 24 26 -25 27 28 -18 -29 -11 -15 -3 34 35 46 -5 -26 40 -40 -39 -38 -22 60 -45 -14 -10 48 49 50 -48 52 -7 -53 55 -19 59 -58 -1 -27 -44 -23
right_child=1 2 17 5 -6 51 10 8 13 30 -12 -13 45 15 21 16 18 54 -20 -21 42 61 -24 25 37 56 -28 29 -30 -31 -32 -33 -34 -35 -36 -37 41 38 39 -41 -42 -43 43 44 -46 -47 47 -49 -50 -51 -52 53 -54 -55 -56 -57 57 -59 -60 -61 -62 -63
leaf_value=-0.073896496581286997 -0.069709501630418155 -0.051648578903167895 0.082136732146111641 0.016802638885874788 -0.07850283598321324 0.056601957634904596 -0.052493270646106531 0.080803162132624631 0.0022054099815593396 -0.059366959082569101 0.0053787975656501355 0.074856672949849101 0.01308091851792363 0.018779585241604387 0.054010639235688586 0.012293976101473616 -0.052975834730984356 0.016314931912561541 0.063710442526949282 -0.037974053623674411 0.075346028464691683 0.091127223830432452 0.045300382760889352 -0.0071875051703381146 -0.01275937023782828 0.049638892496986456 -0.034632328668539943 0.0051046842370226003 0.085764559624310871 0.10227412114436671 0.021166489625791051 0.051590380090337007 0.031324423512543047 -0.0054873774387048649 -0.042400547546002913 -0.059201303764785107 -0.070466571813416756 0.043499010718855556 -0.013859648657207194 0.058600782016945394 0.092965941612683387 -0.0029695803534959542 -0.00027205132571937908 -0.062358917074482476 0.095123252045471965 0.080119202475324974 0.26225526595149051 0.063769033331663186 0.18176851921158269 0.41707136158314972 2.1323120650609444 0.043538958860093908 -0.020635208324849254 0.075209571125103708 0.05211874001679985 -0.3287742829336836 0.10026914540760629 -0.035731886683228235 -0.037313974077229091 0.016105275419636609 -0.10511007834444953 -0.018186195163764188
leaf_weight=1469.6678545816103 1811.8072088699555 107.47606126766186 2706.1831713747233 2113.9350477801636 10192.616784379003 651.91181227192283 753.81548843183555 214.97682723868638 62.711352352751419 1068.6377750801621 1828.440429554088 404.18693310767412 156.68596844584681 3302.8325517487247 550.45675315381959 561.94252169097308 262.03223205683753 35.709491340443492 301.94878384098411 989.21938015357591 132.95827440486755 51.195508201024495 610.51182232005522 4919.9312782221241 202.96452725771815 622.02765278914012 702.7221777838422 133.5571614963701 88.657071253051981 203.34115463448688 122.75201110565104 787.95752148691099 672.33070898044389 2910.4948907931102 1096.0651161733549 131.21873215434607 158.04514266178012 605.41028116457164 398.08070049318485 308.41364205186255 446.73639448056929 902.69017197354697 911.87370019720402 34.570013136835769 130.97698905365542 819.28587722452357 0.69939421990420914 56.122676175786182 20.954877379816025 3.7976935754995793 0.75562924926634878 853.39146611373872 208.82574893161654 2403.0914736762643 1180.0344077355694 10.374498463235794 37.352256351150572 289.18031829502434 571.42641473503318 2170.0231966075953 52.297615578747354 383.78200613695662
leaf_count=737692 949891 3758 69013 24371 6572171 9350 238440 2997 4581 272473 135209 7023 1546 29746 3929 4900 2278 509 4089 9132 1612 390 7706 40188 1738 8465 6422 1020 576 1539 6287 6618 17604 61186 119672 16874 7853 4030 3535 2350 3524 14017 9921 225 1664 11933 138 1195 155 230 82 16452 2863 56406 22855 105 300 2030 156807 13650 316 3504
internal_value=-0.00480951 0.0168213 0.020814 0.0151791 -0.0647822 0.0397391 -0.0345336 0.00763079 0.0100404 -0.0229983 -0.0115153 0.019004 0.0406081 0.00672214 -0.00605363 0.010605 0.00612774 0.0714469 0.00956257 -0.0197634 0.02162 0.0278215 0.01304 0.00812716 0.0204946 0.00297018 -0.00657144 0.0221071 -0.0179011 0.0637531 -0.0510694 0.0250995 0.0198888 -0.013848 -0.0315795 0.011353 0.00683604 0.0396779 0.0457297 0.0177723 0.0645024 -0.0130264 0.0115437 0.00403475 0.0622374 0.0693566 0.0751832 0.130771 0.274253 0.643204 1.23342 0.0608375 0.0378633 0.06691 0.0478532 -0.0613721 0.0189951 -0.0201746 -0.0636548 0.0235761 -0.00595857 -0.00532034
internal_weight=55894.1 41078.1 39266.3 35334 14816 8306.59 4623.35 27027.4 25056.2 1971.2 2582.26 4189.37 2453.63 22602.6 5268.25 17334.3 13243.5 3932.3 11692.4 1551.16 1477.65 985.434 3785.18 11390.4 3351.92 8038.51 1390.31 687.588 350.689 336.898 1191.39 4090.79 779.807 4282.82 1372.33 276.26 3174.67 1961.61 1758.64 706.494 1052.15 1060.74 1262.68 1129.72 165.547 975.972 145.042 82.3303 26.2076 5.25272 1.45502 4117.22 860.738 3256.48 1226.12 46.084 3118.58 326.533 2041.09 2792.05 964.171 434.978
internal_count=9717135 1876816 926925 834443 7840319 146041 1268148 688402 388280 300122 373649 60970 30214 358066 211936 146130 109766 92482 95734 14032 16735 7823 53947 91645 27012 64633 11835 5413 2854 2559 278760 36364 21362 204113 142927 23255 46241 15177 13439 5885 7554 21870 13738 12126 1889 13479 6381 1800 605 450 220 85071 12213 72858 23469 614 24445 2330 894499 22115 10237 3894
is_linear=0
shrinkage=0.08


Tree=39
num_leaves=63
num_cat=0
split_feature=6 0 17 10 17 10 1 9 11 16 15 9 11 9 1 10 10 16 15 13 16 11 1 10 14 14 15 14 11 17 1 15 0 9 11 9 15 0 14 15 15 14 15 3 18 10 11 16 1 9 16 11 2 9 3 11 14 11 14 9 9 14
split_gain=10395.8 1613.12 1004.71 957.322 720.411 707.207 451.312 369.583 262.104 231.875 230.29 254.783 205.561 203.114 173.345 162.842 155.799 137.741 125.927 146.683 330.013 135.955 168.181 118.816 117.163 236.83 115.087 217.934 114.016 105.866 100.855 94.0624 92.1811 112.024 88.8415 126.915 100.504 85.46 147.794 152.647 82.7248 80.4164 99.8349 80.38 77.4097 131.081 127.795 99.8651 80.6121 109.538 84.9531 75.8802 74.4705 73.4886 108.667 80.5175 133.533 83.6946 73.7396 71.8271 70.82 175.38
threshold=1.0000000180025095e-35 0.96347683668136608 0.74014180898666393 0.66257530450820934 0.80843728780746471 0.98369517922401439 0.98542153835296642 0.88493067026138317 0.5108746886253358 11.500000000000002 2.5000000000000004 0.61620295047760021 0.77836257219314586 0.49089704453945165 0.95155650377273571 0.81585493683815014 0.51225519180297863 10.500000000000002 4.5000000000000009 1.0000000180025095e-35 8.5000000000000018 0.93788582086563121 0.8991893231868745 0.99802371859550487 2.5000000000000004 3.5000000000000004 4.5000000000000009 4.5000000000000009 0.49770641326904302 0.99999865889549266 0.044796863570809371 3.5000000000000004 0.061489565297961242 0.64565756916999828 0.53889366984367382 0.50287353992462169 1.5000000000000002 0.52508750557899486 4.5000000000000009 5.5000000000000009 2.5000000000000004 4.5000000000000009 2.5000000000000004 1.0000000180025095e-35 1.5000000000000002 0.56916823983192455 0.84889996051788341 8.5000000000000018 0.72628778219223034 0.60736891627311718 9.5000000000000018 0.78629973530769359 1.0000000180025095e-35 0.99350652098655712 1.0000000180025095e-35 0.81872946023941051 3.5000000000000004 0.92403846979141246 4.5000000000000009 0.95803993940353405 0.93127065896987926 3.5000000000000004
decision_type=2 2 2 2 2 2 2 2 2 2 2 2 2 2 2 2 2 2 2 2 2 2 2 2 2 2 2 2 2 2 2 2 2 2 2 2 2 2 2 2 2 2 2 2 2 2 2 2 2 2 2 2 2 2 2 2 2 2 2 2 2 2
left_child=3 2 -2 44 -5 6 8 12 10 28 -4 -12 26 -10 23 -8 -15 -9 19 20 29 37 -23 -3 -13 30 34 -28 40 -18 -26 32 -30 -34 36 -36 -7 38 -20 -40 -6 -37 -43 -24 45 -1 48 -48 -47 50 -50 -33 -31 59 55 58 -57 -58 -55 -39 -21 -62
right_child=1 14 5 4 9 7 15 17 13 -11 11 24 -14 16 -16 -17 18 -19 21 60 -22 22 43 -25 25 -27 27 -29 31 52 -32 51 33 -35 35 41 -38 53 39 -41 -42 42 -44 -45 -46 46 47 -49 49 -51 -52 -53 -54 54 -56 56 57 -59 -60 -61 61 -63
leaf_value=-0.07116887731441654 -0.068203446355874636 0.032278506884790302 0.0048170609788524268 -0.072529493286706992 0.0027095259861884269 0.02510802578709851 0.015538407137221242 0.070711720405789893 0.068844198349376898 -0.05954951812516928 -0.065167558259926567 -0.06675714283059242 0.052835235000792208 -0.045846068998838752 0.079960173588864522 0.06242665717075236 0.14623638713686468 0.033072485547402185 -0.049358255198844785 -0.00040027541369901841 0.0051977324180301036 0.089057778211224056 0.066411118543175052 0.068994552407472973 0.33175421298928592 -0.0253051741196107 -0.076464838260608861 0.037544761841723111 -0.025525582143063406 0.029840285241243103 0.10380253579905482 -0.020444183603544802 0.098610234767463237 0.025883201111245792 0.089472118333135425 0.02700891297557545 -0.010086333831853684 0.0055020282517743522 0.049463184438001066 -0.060405993999933218 -0.067384807832643015 0.083713906085563519 -0.12254470028081998 -0.059388351419321896 -0.079411578602065588 -0.060046617719776776 0.1682702612192063 -0.03197694632769655 0.52305098843601205 0.0010166183593166274 -0.04848778936749893 0.024528492422981274 0.062150345824423948 -0.014591054273257889 0.031541435525333381 0.10925838111439784 -0.051598623293623525 0.03420193236372545 0.053710476013165885 0.12281297708658113 0.00092414124275326623 0.03710388504988462
leaf_weight=1574.3267843310023 999.72780818515457 1335.6125353740063 1142.4397735405946 1601.1304774621967 229.63740219699685 996.25397410057485 795.06888532603625 1781.1529003102332 328.87122389080469 404.6619463089155 960.94010803941637 79.662100177491084 1087.2855731742457 371.74940279230941 1997.4744794238359 1174.0501957684755 66.886557072284631 956.34039696119726 688.14079715858679 6481.4897860187339 3100.5163993416354 213.81865438190289 46.878565308637917 976.49566104635596 14.37988227047026 134.1960076445248 238.28169189440086 195.21810121554881 123.55658642528579 1056.9372744774446 91.233610529219732 541.32795006840024 203.92822882975452 404.25270870956592 208.7707592851948 1668.8585270994809 1084.7029895703308 2360.1101850420237 247.11285638436675 120.34577108873054 203.03093440132216 21.568923201411963 49.456499539315701 106.02914949366823 8321.550899851718 222.25938421639148 38.013554918346927 27.44775106315501 5.0779575165361157 36.478969668853097 2.476021871319972 431.5100400588708 803.72403566399589 465.902937365463 280.05098770326003 38.036062852712348 803.51563522289507 80.005466275149956 129.22053323127329 33.883023612201214 2496.2772737246705 1306.1655101494398
leaf_count=906989 548125 11948 75393 980009 19146 5783 15766 39773 11280 83361 271994 6380 17332 90697 54506 27528 3335 16339 35239 124659 29853 1933 380 24217 627 10428 6064 2319 2984 12532 2866 37198 6693 10921 2343 17436 21244 24135 7010 3199 65421 396 466 660 5899663 87434 3476 6868 434 8817 710 8068 11302 4707 1981 317 7980 610 1051 225 22012 10154
internal_value=-0.00465189 0.0164923 0.0108521 -0.0629389 -0.0304968 0.0131559 0.00667304 0.0335073 0.00365805 -0.00402069 -0.0212939 -0.0445912 0.0216431 0.00645356 0.0626982 0.0434946 0.00549011 0.0575625 0.00640213 0.0101596 0.0213577 -0.00384805 0.0432436 0.0477852 0.0173004 0.0452235 0.0140442 -0.0251229 0.00649304 0.0473515 0.134839 0.0158023 0.037471 0.0502692 0.0182577 0.030533 0.0067629 -0.00713983 -0.027484 0.0134801 -0.0301825 0.0234608 -0.0599083 -0.0208207 -0.0760806 -0.0615384 -0.0158371 0.0843071 -0.040455 0.0584349 0.335714 -0.000496195 0.0437968 -0.00201537 -0.0142439 -0.0226981 -0.0375106 -0.0438291 0.000239415 0.00716237 0.00468462 0.0133521
internal_weight=53985.5 39614.8 35305.3 14370.7 4143.04 34305.5 26017.6 8287.89 24048.5 2541.91 2422.85 1280.41 5550.4 21625.7 4309.58 1969.12 21296.8 2737.49 20925 15312 5028.06 5613.05 366.726 2312.11 319.472 239.81 4463.11 433.5 2137.24 1927.55 105.613 1704.58 731.738 608.181 4029.61 1948.65 2080.96 5246.32 1055.6 367.459 432.668 1739.88 71.0254 152.908 10227.6 1906.08 331.754 65.4613 266.292 44.0329 7.55398 972.838 1860.66 4190.72 1796.73 1516.68 921.557 883.521 595.123 2393.99 10283.9 3802.44
internal_count=9712716 1584524 1493853 8128192 1213801 945728 816233 129495 772939 233792 367688 292295 73383 405251 90671 43294 393971 56112 303274 213847 57022 89427 2973 36165 20301 13921 56051 8383 150431 27169 3493 65864 20598 17614 47668 20641 27027 86454 45448 10209 84567 18298 862 1040 6914391 1014728 107739 10344 97395 9961 1144 45266 23834 41006 16646 14665 8907 8590 5758 24360 156825 32166
is_linear=0
shrinkage=0.08


Tree=40
num_leaves=63
num_cat=0
split_feature=17 10 1 10 10 9 17 15 13 15 11 1 9 11 16 12 9 11 1 11 15 17 9 11 1 2 11 14 11 1 10 16 10 1 0 0 3 10 9 12 2 16 0 0 14 9 11 10 16 1 12 16 13 2 15 14 1 9 1 3 15 15
split_gain=9292.71 1929.2 1419.34 828.858 645.142 540.51 353.747 312.82 270.978 232.467 409.168 347.479 214.304 189.424 180.68 156.779 152.122 159.028 153.418 149.876 164.405 143.309 142.984 161.41 140.444 138.961 125.85 217.795 173.067 126.609 121.178 123.168 120.593 117.25 110.755 107.368 103.739 103.408 303.178 106.953 101.359 99.4968 105.89 96.2696 95.6706 95.4217 90.3482 89.002 102.205 87.3446 83.977 120.204 222.307 106.985 116.299 79.2687 92.4787 142.802 84.1661 78.9161 116.959 78.0332
threshold=0.97900259494781505 0.56916823983192455 0.98542153835296642 0.99802371859550487 0.89198908209800731 0.84660631418228161 0.60394704341888439 2.5000000000000004 1.0000000180025095e-35 2.5000000000000004 0.42644809186458593 0.73157235980033886 0.61938297748565685 0.73375529050827037 4.5000000000000009 1.0000000180025095e-35 0.77015757560729992 0.74115687608718883 0.4053169190883637 0.42163743078708654 1.5000000000000002 0.77238956093788158 0.84660631418228161 0.70299971103668224 0.26711896061897283 1.5000000000000002 0.76506900787353527 2.5000000000000004 0.92718276381492626 0.8991893231868745 0.89198908209800731 11.500000000000002 0.82018429040908825 0.36592352390289312 0.86439567804336559 0.43835045397281652 1.0000000180025095e-35 0.72470417618751537 0.78979855775833141 1.0000000180025095e-35 1.0000000180025095e-35 6.5000000000000009 0.55393069982528698 0.35349497199058538 1.5000000000000002 0.49089704453945165 0.80735492706298839 0.46080690622329717 3.5000000000000004 0.37715315818786627 1.0000000180025095e-35 8.5000000000000018 1.0000000180025095e-35 1.0000000180025095e-35 4.5000000000000009 2.5000000000000004 0.54511049389839183 0.60736891627311718 0.3239699006080628 1.0000000180025095e-35 3.5000000000000004 4.5000000000000009
decision_type=2 2 2 2 2 2 2 2 2 2 2 2 2 2 2 2 2 2 2 2 2 2 2 2 2 2 2 2 2 2 2 2 2 2 2 2 2 2 2 2 2 2 2 2 2 2 2 2 2 2 2 2 2 2 2 2 2 2 2 2 2 2
left_child=4 14 3 9 37 13 -6 19 -4 11 -11 55 -9 33 15 47 17 30 40 20 35 -21 23 -20 -19 26 27 59 -28 -30 31 -12 -10 34 41 -8 -31 -1 -39 -40 -18 -5 -43 -16 -13 49 -25 -2 -49 -32 51 -7 53 54 -53 58 57 -57 -3 -24 -61 -44
right_child=1 2 8 5 6 50 7 12 32 10 16 44 -14 -15 43 -17 18 24 22 21 -22 -23 25 46 -26 -27 28 -29 29 36 45 -33 -34 -35 -36 -37 -38 38 39 -41 -42 42 61 -45 -46 -47 -48 48 -50 -51 -52 52 -54 -55 -56 56 -58 -59 -60 60 -62 -63
leaf_value=-0.078573499366363472 -0.051614735959995807 0.050722957682393259 0.079888692713937268 -0.024149217638503161 -0.071373678581566319 0.080132883795208998 0.24074129642417877 -0.063547327383507546 0.0066673909478662452 -0.063232165262748108 -0.015091561567897505 -0.061102214617518316 0.041219709322203028 0.051262854977457036 -0.071503196258657586 0.19002034037300994 0.016997981605339579 0.044460659491326208 0.016883681860773023 0.57280935191908944 -0.041924450242859707 0.16993007634842958 -0.038370222065982264 -0.051043452413535952 -0.023047258091063651 0.06220701834312263 -0.0033845327436352319 0.029952442763731452 0.042063549427065972 0.049446468893951594 0.023077973828087139 -0.064828302391836318 0.054222975266210893 0.050126254525577341 0.056252206212172848 0.064040097391142595 -0.028740952633093717 -0.069462430263515937 0.0076990362890903144 0.15654986619556269 0.05255079308007992 0.041782878317178279 0.004394379515620374 -0.033446076026128653 0.068426979741818467 -0.009129571164988734 -0.0064090439025420234 0.50818396679195332 0.052806312470919554 0.1595058979212777 0.067896430001911021 -0.15030790349137615 0.025910424908877877 0.024318091113100557 -0.53760512401406979 0.00051807145994141183 0.03933911880289024 -0.071382113124825577 0.0039389092016284552 0.093689548608591744 -0.079202705753138092 -0.060989913115773613
leaf_weight=8573.0537339647999 90.104105791077018 479.13117409031838 2421.5670627393993 791.1808565100655 396.66629769001156 244.31650249287486 34.526243705651723 252.17793567909393 550.59581742004957 580.66639584756922 881.96249330183491 37.863948862068355 247.68979084119201 870.57003419101238 1688.0470199732808 30.73152437293902 2779.1960002037231 627.08412270690314 623.59503699257039 6.3469466359820208 58.908676972496323 51.513131366576999 472.72452542104293 726.80509019468445 287.72634658718016 292.71438675746322 7542.6698113387683 2615.5868985661073 1037.9976786478655 152.95673681353219 260.73900567623787 498.91505479346961 897.65015877224505 405.01752656325698 243.14288488402963 60.697668747510761 374.53921839536633 1383.2155126343714 156.71459509024862 38.479414365720004 629.44567283638753 488.15084793441929 1491.1950501655228 568.72149114811327 1008.7645056629553 2724.5378265702166 483.2044400323648 3.6182662084465873 24.602436400949955 33.943591066636145 2494.8115339018404 12.854501012712719 380.02618775516748 9.4629281982779521 8.0818953625857812 1057.9500847908203 279.40048131719232 212.25823476258665 506.02500586456154 75.199313135934062 37.543821445666254 126.74811623292044
leaf_count=6461648 39230 10824 69952 12026 217644 4640 3058 91062 11469 171755 88735 264 13028 15436 1024713 1645 28117 4408 8908 712 16987 1009 5414 11057 4697 4262 70170 26172 10265 1357 10538 79257 21130 6484 2586 3176 2568 801717 28764 1944 5916 5639 12448 85818 17962 37616 5601 1003 7564 196 65373 212 5242 242 131 53866 6380 6673 6664 565 447 1864
internal_value=-0.00438136 0.0132352 0.0175503 0.0124514 -0.0687811 0.0358845 -0.0108329 0.0229019 0.0635173 0.0059625 0.00309629 0.0249616 -0.0116341 0.017826 -0.0562782 0.0290281 0.00475934 -0.00712093 0.00829789 0.104336 0.0631227 0.214124 0.00469331 -0.0161796 0.0232281 0.00773035 0.00643489 0.0200798 0.00163941 0.0258452 -0.0134307 -0.0330616 0.0361432 0.00961569 0.00439107 0.128108 -0.00606913 -0.075109 -0.0562915 0.0370426 0.0235632 3.8819e-05 0.00912536 -0.0619125 0.063741 -0.00445225 -0.0332192 -0.0127851 0.111192 0.0387927 0.0612043 0.035705 0.0092581 -0.198915 -0.299813 0.00894922 -0.0023309 -0.0114968 0.0266924 -0.0240265 0.0361159 -0.000727763
internal_weight=52422.3 41162.3 38756.5 34886.7 11260 7565.56 1108.53 711.86 3869.81 27321.1 23739.8 3581.39 499.868 4416.01 2405.82 149.056 23159.1 5314.91 17844.2 211.993 154.133 57.8601 14435.5 1833.6 914.81 12601.9 12309.2 3201.05 9108.16 1565.49 4400.1 1380.88 1448.25 3545.44 3140.42 95.2239 527.496 10151.5 1578.41 195.194 3408.64 2897.27 2106.09 2256.77 1046.63 3019.22 1210.01 118.325 28.2207 294.683 3149.55 654.742 410.426 30.3993 20.9364 2534.76 1549.61 1270.21 985.156 585.468 112.743 1617.94
internal_count=9716250 2075501 915528 812977 7640749 132323 346676 129032 102551 680654 578021 102633 104090 56483 1159973 49442 406266 225447 180819 24942 23221 1721 146786 25566 9105 121220 116958 32598 84360 14190 216342 167992 32599 41047 34563 6234 3925 7294073 832425 30708 34033 31977 19951 1110531 18226 48350 16658 47797 8567 10734 75840 10467 5827 585 343 84407 66919 60539 17488 6426 1012 14312
is_linear=0
shrinkage=0.08


Tree=41
num_leaves=63
num_cat=0
split_feature=6 1 10 10 17 17 9 10 16 10 7 15 11 1 11 11 2 12 15 17 15 11 1 11 1 14 16 10 11 9 14 9 1 9 9 11 9 11 14 1 14 9 1 9 11 11 9 14 11 17 16 15 11 9 9 10 8 11 3 15 15 11
split_gain=8524.15 1340.05 972.122 920.644 701.329 697.426 465.645 338.622 253.678 223.493 173.271 168.31 318.539 194.166 141.237 133.648 110.73 110.518 140.717 113.144 93.7823 114.923 147.004 101.608 130.608 241.18 162.226 160.116 136.611 205.002 192.401 153.12 100.943 105.586 119.14 104.41 94.2561 90.4499 162.009 139.678 89.3081 86.5278 102.164 119.741 185.582 116.288 100.817 97.3909 93.0531 84.0684 83.93 83.7791 81.9899 133.132 82.2513 81.4769 79.4707 79.2939 77.8445 90.8538 76.9032 149.466
threshold=1.0000000180025095e-35 0.98542153835296642 0.63502785563468944 0.99802371859550487 0.73198950290679943 0.76455190777778637 0.84660631418228161 0.82437592744827282 11.500000000000002 0.55391839146614086 1.0000000180025095e-35 2.5000000000000004 0.40778532624244695 0.73157235980033886 0.77836257219314586 0.48313757777214056 1.5000000000000002 1.0000000180025095e-35 2.5000000000000004 0.99999865889549266 4.5000000000000009 0.93788582086563121 0.8991893231868745 0.8713812828063966 0.25691661238670355 4.5000000000000009 9.5000000000000018 0.89672946929931652 0.75513625144958507 0.78611558675766002 2.5000000000000004 0.91331183910369884 1.0000000180025095e-35 0.99350652098655712 0.89512962102890026 0.85540068149566661 0.48331479728221899 0.81872946023941051 4.5000000000000009 0.84029078483581554 2.5000000000000004 0.91715687513351452 0.79422575235366832 0.87298336625099193 0.80982515215873729 0.79118216037750255 0.86706823110580455 3.5000000000000004 0.81284341216087352 0.98754072189331066 13.500000000000002 1.5000000000000002 0.63453346490859996 0.73746865987777721 0.68801230192184459 0.72021508216857921 1.0000000180025095e-35 0.8521554470062257 1.0000000180025095e-35 3.5000000000000004 2.5000000000000004 0.42644809186458593
decision_type=2 2 2 2 2 2 2 2 2 2 2 2 2 2 2 2 2 2 2 2 2 2 2 2 2 2 2 2 2 2 2 2 2 2 2 2 2 2 2 2 2 2 2 2 2 2 2 2 2 2 2 2 2 2 2 2 2 2 2 2 2 2
left_child=2 3 -1 5 -4 -2 14 -3 15 -7 -11 13 -13 -12 60 51 20 -17 19 -19 23 32 -23 24 25 26 -14 50 29 36 58 -32 -22 34 35 -34 -26 38 -35 -39 -15 42 43 44 -30 46 -44 -47 -45 -20 -28 -6 53 -38 -54 -42 -25 -36 -31 -60 -5 -62
right_child=1 7 4 6 8 9 -8 -9 -10 10 11 12 16 40 -16 17 -18 18 49 -21 21 22 -24 56 28 -27 27 -29 41 30 31 -33 33 37 57 -37 52 39 -40 -41 55 -43 45 48 -46 47 -48 -49 -50 -51 -52 -53 54 -55 -56 -57 -58 -59 59 -61 61 -63
leaf_value=-0.076285647856977459 -0.067746154552100299 0.014714553388389904 -0.074303908509282743 0.02504754358843992 0.017891048154434489 -0.043536763815127125 0.059609345155718529 0.073468249464976043 -0.059802774417959607 -0.027356077402782373 0.013819906557017217 -0.066715038614494168 0.05091392399049318 -0.00047158492766375494 0.056390163631842384 0.00035508931437482983 0.053885884860892602 0.40633652273576693 0.10182104176506065 0.10026806676579846 -0.045769066665365017 0.085461155009195475 -0.017077341316191472 0.051367664635975301 0.11730003608216022 -0.092314854607693453 0.0030422152621902717 0.020866553485400556 -0.033468336451226093 -0.039328285812289289 0.014994367751362219 0.055841782269696147 -0.0093845927057286983 -0.014002735827527677 0.052749390306253086 0.040732775039797428 -0.030245862221242679 -0.052934948398476386 0.068038388326643218 -0.0028752784043050042 -0.01836789945199243 0.0015360053216254661 -0.073570779007249495 -0.018984960569836288 0.033174171934018649 -0.013346933410864344 0.052300200204233718 -0.098797488305741463 -0.10645716730534602 0.012094181491780161 -0.060574355809625911 -0.056295123509748066 0.010533081747308499 0.065975155583145331 -0.063623805879394313 0.082678837105761377 0.016719841964502321 0.0043829216471192043 0.096739862462618037 -0.072946719591392276 -0.057526377334764602 0.010190311879010769
leaf_weight=8529.6811959929764 859.01818771392573 802.41650095058139 1440.5874897304457 1776.240598564269 141.48304245830514 581.69564388692379 2966.543859587051 2885.0479274578393 455.36699061712716 926.86804935929831 2169.6197185814381 384.35154884308577 909.14789649250451 125.37860714830458 548.28216691035777 1154.2569202965824 314.4499966755975 8.3533702014246938 77.789964264025912 103.5730581660755 364.31654770823661 207.69092561351135 157.2176241632551 508.00251206499524 30.504473779117689 123.37658913899213 276.66343500511721 2498.7730940025067 496.06730091036297 410.35281803377438 1623.8332309464458 920.1434326118324 1942.7887169842143 660.28990307613276 508.12690434325486 308.25142039335333 284.46698671078775 707.43854458804708 200.92429036577232 719.55620408593677 56.144253631471656 1968.2701756829629 65.507133172126487 201.8146080293227 580.24216224718839 121.23519970476627 107.6501987494994 288.49355752149131 126.69814070384018 474.30849718989339 255.11477660527453 312.8583522348199 124.85148880118504 136.03839492693078 410.30605629167985 565.12184117175639 2552.3654313751031 378.55142868612893 62.551599516533315 29.822098565055057 236.64573379571084 1760.7104060462443
leaf_count=6732746 551718 17073 1047965 20338 8066 170479 75621 87521 130867 92767 62677 123104 26489 1368 10693 81207 4661 199 8387 1388 36185 1979 1083 4416 653 14132 20240 29418 4210 3955 13365 7485 27217 6476 4286 1951 9546 6549 1638 6130 747 15876 540 1671 4129 1017 789 2393 1115 10188 26876 109762 1859 1650 4866 10043 19889 2948 452 210 21675 21993
internal_value=-0.00402303 0.0148415 -0.0608115 0.00994728 -0.0291486 0.00319241 0.0352025 0.0606831 -0.0053032 0.00550143 0.00660666 0.00787177 0.00547441 0.0259295 0.0184496 0.00561691 0.00676003 0.0153146 0.0413183 0.123111 0.00606325 -0.00226087 0.0412833 0.00945362 0.00614804 0.0178259 0.0212751 0.0123836 0.000208782 0.01057 0.0208317 0.0297687 -0.00500509 -0.00226804 0.00726203 -0.00252165 -0.0211331 -0.0153362 0.00513775 -0.0276926 0.0611177 -0.0103538 -0.0221273 -0.0104446 0.00245887 -0.050284 0.00468196 -0.0735134 -0.0527205 0.0247366 -0.0274771 -0.0331934 -0.0255519 0.000882759 -0.0463231 0.0735472 0.0224712 0.0321002 -0.0243923 0.0419579 0.0129371 0.00216727
internal_weight=50924.2 38226 12698.3 34538.5 4168.58 27250.1 7288.42 3687.46 2727.99 26391.1 25809.4 24882.5 21966.2 2916.26 4321.88 2272.62 21581.9 1818.28 664.025 111.926 21267.4 6155.15 364.909 15112.3 12051.9 4063.08 3939.7 3030.55 7988.85 4032.87 3046.7 2543.98 5790.24 5425.93 3137.72 2251.04 986.167 2288.21 861.214 1426.99 746.645 3955.98 1987.71 1404.82 1076.31 582.886 173.157 409.729 328.513 552.098 531.778 454.341 955.663 420.505 535.158 621.266 3060.37 886.678 502.727 92.3737 3773.6 1997.36
internal_count=9716936 1586161 8130775 1481567 1398029 1331247 150320 104594 350064 779529 609050 516283 441448 74835 74699 219197 318344 101369 20162 1587 313683 96442 3062 217241 192936 117155 103023 76534 75781 44041 25467 20850 93380 57195 36402 29168 18574 20793 8114 12679 12158 31740 15864 11125 8339 4739 1329 3410 2786 18575 47116 117828 17921 11196 6725 10790 24305 7234 4617 662 64006 43668
is_linear=0
shrinkage=0.08


Tree=42
num_leaves=63
num_cat=0
split_feature=18 0 10 10 10 9 1 15 14 14 15 1 13 1 9 15 15 9 14 14 15 9 9 1 1 16 9 1 10 9 1 1 3 9 15 16 10 9 14 16 16 10 10 1 10 1 9 16 14 10 15 14 9 15 10 16 0 14 1 1 0 9
split_gain=7576.83 1390.22 1176.56 730.396 430.467 413.544 329.167 216.37 345.655 223.409 377.206 403.164 222.594 215.16 207.583 343.476 191.148 440.537 270.743 208.002 304.113 279.838 223.889 189.15 186.964 186.565 166.585 163.821 161.157 356.847 158.663 162.168 192.542 144.4 140.602 136.351 160.355 134.6 132.844 172.018 127.7 219.736 126.899 124.014 119.633 118.271 115.777 113.239 111.088 107.068 101.384 100.024 117.63 99.5276 96.9926 95.3432 122.294 94.6814 90.7767 152.591 134.926 89.3422
threshold=1.5000000000000002 0.96347683668136608 0.55255886912345897 0.90023696422576915 0.99802371859550487 0.78979855775833141 0.99999997019767772 3.5000000000000004 3.5000000000000004 3.5000000000000004 2.5000000000000004 0.52133962512016307 1.0000000180025095e-35 0.55649971961975109 0.58643680810928356 1.5000000000000002 4.5000000000000009 0.99350652098655712 4.5000000000000009 4.5000000000000009 5.5000000000000009 0.95803993940353405 0.76506900787353527 0.80159661173820507 0.93885505199432384 8.5000000000000018 0.64565756916999828 0.47305543720722204 0.72470417618751537 0.77015757560729992 0.13908451050519946 0.98542153835296642 1.0000000180025095e-35 0.89699381589889537 5.5000000000000009 8.5000000000000018 0.47895757853984838 0.74464204907417308 4.5000000000000009 9.5000000000000018 6.5000000000000009 0.97375312447547924 0.99802371859550487 0.77378845214843761 0.81585493683815014 0.85703435540199291 0.99350652098655712 10.500000000000002 3.5000000000000004 0.8337790071964265 3.5000000000000004 2.5000000000000004 0.9807620942592622 4.5000000000000009 0.88255575299263012 6.5000000000000009 0.86439567804336559 5.5000000000000009 1.0000000180025095e-35 0.10976607725024225 0.71112373471260082 0.94804316759109508
decision_type=2 2 2 2 2 2 2 2 2 2 2 2 2 2 2 2 2 2 2 2 2 2 2 2 2 2 2 2 2 2 2 2 2 2 2 2 2 2 2 2 2 2 2 2 2 2 2 2 2 2 2 2 2 2 2 2 2 2 2 2 2 2
left_child=1 2 33 28 6 13 7 9 30 12 27 -12 47 55 15 -5 17 18 43 22 21 23 -18 -21 42 54 -27 -11 -2 -30 -9 53 -33 -1 45 36 -35 -29 -19 -40 41 51 -3 58 -8 46 -24 -4 50 -39 -16 -14 -53 -32 -13 56 -6 -22 60 -60 -10 -31
right_child=3 24 4 14 5 -7 44 8 16 10 11 25 40 -15 48 -17 19 38 -20 20 57 -23 34 -25 -26 26 -28 37 29 61 31 32 -34 35 -36 -37 -38 49 39 -41 -42 -43 -44 -45 -46 -47 -48 -49 -50 -51 -52 52 -54 -55 -56 -57 -58 -59 59 -61 -62 -63
leaf_value=-0.070817197419732761 -0.077788956381994248 0.02574910601513096 0.060627478706862095 0.083685972389554594 -0.023912576635687497 0.05323028433741319 0.015355179581444414 -0.075490612450410458 -0.016667742621323933 0.00068234000092890911 -0.086945170782809278 -0.0039282307618119438 -0.038258645510341992 0.073574182698827914 0.16006657111148148 -0.057732491466088595 -0.07095254507206121 0.090932203034952044 -0.067674162036036975 0.030984187660133659 -0.044517405993450943 0.10069765407996201 -0.012620381326003157 -0.03952531317670218 0.077561467298011957 0.12285163095297948 -0.049357078671036739 0.081974398698633946 -0.066847945389236371 0.0057534760580480364 -0.024816142921953041 0.040809618908168838 -0.56251654105606907 -0.029887261997444452 0.028661752814653205 -0.073573372975261717 0.07851517513037265 -0.056375091635197896 0.05612917660502225 -0.15855251412687049 0.023190205648801861 0.07514861039105801 0.067220222329245127 -0.014400438684989574 0.06321980866125694 0.011062131061699419 -0.055274857633142535 0.021636904044585851 0.019249145540197365 0.056897978516671673 -0.052118834077415715 -0.010275446868753167 0.074195539046757575 0.015743362732372493 0.072167480949323265 0.013885744346257846 0.10550914916765686 0.011720269731136381 0.058659901160860846 0.014454865941231257 0.031367543956270894 0.1088013143778612
leaf_weight=1232.1267594480887 7537.2311414178694 1232.0599195873365 1166.3779206892941 136.92507501819637 831.29906371841207 2653.4118943689391 559.48158671765123 362.20929162972607 1164.7333156699315 794.6319972735364 552.23343820194714 195.77920918166637 685.17542619770393 331.21713439747691 75.111314481473528 557.24719447700772 483.13486248406116 547.60991998377722 303.30697540380061 1064.3484995771432 633.7388939486118 294.9785963925533 950.20280396495946 315.72558743553236 1731.4094812870026 39.21495693619363 431.85629955318291 414.20081306749489 1310.7077994381543 192.34021859185304 2197.5759899176192 6.1078752636676636 7.5948389967670664 280.81976749410387 456.28206358174793 226.68993789283559 126.7543470634846 100.36346551589668 89.006242195144296 32.649363689008169 2579.6554072481813 191.14110406534746 765.70213077403605 1158.2006151415408 829.9490406922996 579.6529688257724 712.75250249262899 806.22521403478459 299.76817664713599 114.14319286309183 17.833559571416117 623.61084913113154 126.9925129149342 470.01767417904921 236.939273359254 2554.0087216687389 49.510370338335633 274.62453905376606 581.05805197416339 3572.219199774554 551.42601792095229 74.782394942478277
leaf_count=797694 6597489 11337 23892 12700 12247 66045 11965 76509 75536 40007 58867 4260 11950 6970 2061 270910 55263 6672 26202 19380 10136 2858 12791 2711 56963 1385 7489 9807 845928 33516 36277 154 103 77791 5782 103247 18260 3987 893 412 53313 1822 22384 12647 22931 5118 8152 11734 28742 1742 1946 15786 1609 14454 2201 25783 733 4180 6468 48739 4238 4320
internal_value=-0.00410531 0.0118514 0.00697592 -0.0655304 0.0104025 0.02904 0.00601308 0.00397558 -0.00139555 0.0139423 -0.00446236 -0.033091 0.0225185 0.0119963 -0.00354125 -0.0298378 0.00399865 0.0120014 0.00632927 -0.00710615 0.00975791 0.0299707 -0.0207977 0.0148534 0.0583201 -0.000185109 -0.0350213 0.0248237 -0.072922 -0.0496727 -0.0257933 -0.0190798 -0.293589 -0.0548518 -0.0118194 -0.0238373 0.00382558 0.0553364 0.0741329 -0.00148609 0.0121208 -0.00543081 0.0416442 0.0095232 0.0439462 -0.0200557 -0.0309023 0.0446916 0.0429413 0.00389973 0.119354 -0.0161581 0.00401597 -0.0176697 0.0377387 0.00605843 -0.0166378 -0.0275151 0.014244 0.0206393 -0.00123333 0.0346023
internal_weight=49474.1 39272.1 35543 10201.9 33676.6 6419.45 27257.1 25867.7 16809.2 9058.54 2879.36 1456.02 6179.18 3766.04 1086.89 694.172 13765.7 8000.21 7330.94 5765.44 2583.42 1675.05 3182.03 1380.07 3729.17 903.79 471.071 1423.34 9115.06 1577.83 3043.51 2681.3 13.7027 1866.39 2698.89 634.264 407.574 628.707 669.266 121.656 4206.58 1626.92 1997.76 7027.64 1389.43 2242.61 1662.96 1972.6 392.713 214.507 92.9449 1435.78 750.603 2667.59 432.718 3434.82 880.809 908.363 5869.44 4153.28 1716.16 267.123
internal_count=9717488 1919876 1829192 7797612 832200 111778 720422 685526 435675 249851 129745 74202 120106 45733 316359 283610 308178 181807 173830 126371 39265 24949 87106 22091 90684 15335 8874 55543 7481253 883764 127497 50988 257 996992 31843 199298 96051 15536 7977 1305 84480 31167 33721 147628 34896 26061 20943 35626 32749 5729 4007 29345 17395 50731 6461 38763 12980 14316 134981 55207 79774 37836
is_linear=0
shrinkage=0.08


Tree=43
num_leaves=63
num_cat=0
split_feature=17 10 1 10 9 10 13 17 11 11 6 4 16 10 0 0 1 16 0 1 11 9 9 11 9 1 9 3 9 11 11 1 1 9 9 14 0 10 16 0 11 10 11 9 8 2 1 14 11 9 2 14 11 14 9 11 14 9 16 9 14 1
split_gain=7027.33 1687.69 1138.31 581.186 449.602 359.257 298.352 223.539 214.251 160.516 155.409 134.856 246.109 129.79 114.553 110.603 107.374 102.419 98.6475 88.993 88.0501 192.907 154.737 138.903 135.91 186.132 122.304 114.615 109.417 301.242 270.552 148.62 107.775 140.063 105.926 104.897 95.9679 85.6391 83.4948 83.9972 82.2928 81.5999 81.4982 81.2946 81.1063 80.6234 78.9609 77.5984 122.163 84.2398 77.5489 146.658 82.8829 94.0166 77.3414 72.9362 104.576 71.1755 70.3549 69.8259 69.5146 69.3183
threshold=0.92236593365669262 0.55391839146614086 0.98542153835296642 0.99802371859550487 0.83438819646835338 0.88782376050949108 1.0000000180025095e-35 0.59648612141609203 0.42644809186458593 0.73375529050827037 1.0000000180025095e-35 1.0000000180025095e-35 10.500000000000002 0.89672946929931652 0.91171297430992138 0.82525211572647106 0.43617010116577154 7.5000000000000009 0.86439567804336559 0.46033254265785223 0.86240702867507946 0.88047617673873912 0.91715687513351452 0.87895435094833385 0.48934240639209753 0.3239699006080628 0.94166260957717907 1.0000000180025095e-35 0.86295148730278026 0.79784947633743297 0.79784947633743297 0.38854296505451208 0.68967381119728099 0.96922346949577343 0.99350652098655712 3.5000000000000004 0.068119671195745482 0.45910002291202551 7.5000000000000009 0.55393069982528698 0.61143791675567638 0.97845596075057995 0.84889996051788341 0.81530213356018078 1.0000000180025095e-35 1.0000000180025095e-35 0.43418686091899877 2.5000000000000004 0.44033896923065191 0.69282051920890819 1.0000000180025095e-35 3.5000000000000004 0.82413583993911754 1.5000000000000002 0.98484501242637645 0.79784947633743297 3.5000000000000004 0.84889996051788341 12.500000000000002 0.93908470869064342 3.5000000000000004 0.86470213532447826
decision_type=2 2 2 2 2 2 2 2 2 2 2 2 2 2 2 2 2 2 2 2 2 2 2 2 2 2 2 2 2 2 2 2 2 2 2 2 2 2 2 2 2 2 2 2 2 2 2 2 2 2 2 2 2 2 2 2 2 2 2 2 2 2
left_child=5 10 3 8 9 -1 -4 -7 13 16 -2 14 -13 -3 20 -8 18 37 38 -16 22 -22 24 26 25 40 -23 28 30 44 61 -32 33 -25 59 -33 -27 -12 -5 -40 -10 -21 57 -39 -30 58 -31 48 -9 -50 51 -36 53 -52 -47 56 -17 -37 -6 -24 -54 -26
right_child=1 2 6 4 45 7 15 47 11 -11 17 12 -14 -15 19 55 -18 -19 -20 41 21 23 34 32 27 36 -28 -29 29 46 31 35 -34 -35 50 42 -38 43 39 -41 -42 -43 -44 -45 -46 54 -48 -49 49 -51 52 -53 60 -55 -56 -57 -58 -59 -60 -61 -62 -63
leaf_value=-0.075977501878021172 -0.071742826875412599 -0.050205919263714982 0.078243609987546647 -0.020160809270576115 0.054131643643895784 -0.06970759823251936 0.01510185910968757 -0.0010122318498902694 -0.014984099925298809 0.048390106945959889 -0.034208649719707003 0.04625358850590354 0.001205510817113672 -0.0049147983217427667 0.059676623694661285 -0.44708368604055637 0.054402257064133139 -0.064190550583251682 0.050827086016494293 0.023148144027829057 0.060810572680225383 -0.088043201396003176 0.022676641988315756 0.041147399462675274 -0.011066433072323953 -0.010607376259145819 -0.0071461430022115927 -0.055941910042805888 -0.032140285485642774 -0.126797392054706 0.053730299515936809 0.041923556412958626 0.0024320485047912084 -0.034282656102627429 -0.018181280584408915 -0.012583002292995877 0.11694465265601352 -0.054860972650677742 0.039741058506217682 -0.00050432627195137086 0.11122737128976642 -0.013565695691866868 0.0537190591491781 0.068118470093626024 0.013582509549873435 0.044557378628398141 -0.056379652013604516 0.0029290135980473775 0.37284139653200138 0.08319405867964387 -0.081646672858377289 0.021495332927300076 0.028004853543496643 0.053455169507894661 0.079122362896531059 0.072166993024008919 0.069916164406220394 -0.086532460432419203 0.011454708349163014 0.077693383436476901 -0.050082242591032083 0.039488166541101155
leaf_weight=7566.469778243918 1538.7305830975529 680.07928194419947 1998.9331080287229 1007.7767506224336 637.95917328447104 342.12002652999945 964.01120699592866 32.863236820441671 345.28859168919735 712.86757511273026 226.38908978330437 1430.3768563261256 1697.0182980012614 1000.9401469837176 320.21254981076345 4.2623748369514924 278.46677689347416 271.5442687717732 250.58013750985265 1638.0887967832386 456.37666939757764 166.42942921386566 415.0654087200528 1118.1535315650981 6610.5655102273449 48.23312568187248 425.13586507504806 310.63161498575937 369.6799651926849 134.44809129799251 724.75125597254373 299.87134731875267 2663.8257489117095 183.38805065536872 1345.1056903486606 330.88165654218756 173.71539268712513 45.207299571251497 423.02881679486018 1540.8025336293504 36.56437940930482 507.47378034330904 86.47471405309625 143.92124875623267 756.19128086708952 676.71283349022269 421.13917547883466 421.43957451195456 13.194149718154224 12.528120952774769 35.130471842596307 1070.9453730002278 162.22138955723494 534.96730910846964 1068.4300735220313 365.86910726502538 6.0696440134197474 111.3251551395515 403.64202526025474 229.1511608348228 132.60260862414725 178.26358075765893
leaf_count=6885254 1258467 222999 70251 17672 14375 225693 25429 13625 45481 13996 48396 28583 27426 63013 2254 37 5095 72037 2898 12339 5109 2232 5410 11459 260422 5110 4722 10121 6039 1542 5167 4731 25156 1725 18640 6009 3695 18136 4833 14361 410 3619 1297 10918 12229 18325 6635 101522 719 217 244 13697 1745 8405 37392 12422 215 1472 7732 2072 1433 3173
internal_value=-0.00398841 0.0100641 0.0140824 0.00972348 0.0302767 -0.0705202 0.0586631 -0.0202952 0.00442425 0.0137885 -0.0576174 0.00624998 0.0218092 -0.0232379 0.00407206 0.0294586 0.00674229 -0.0259823 0.00262344 0.0203359 0.00205446 0.0112225 -0.0010379 0.00625631 -0.00592771 0.0309648 -0.0299055 -0.00808324 -0.0066001 -0.0252174 -0.00284756 0.0272718 0.011651 0.0305193 0.0125881 0.00412803 0.0892255 -0.00101292 -0.00144132 0.00816493 -0.0028987 0.0144645 -0.0173098 0.0387228 -0.00143058 0.0552066 -0.0734202 0.0149216 0.101191 0.231768 0.00676477 -0.000594117 0.0273209 0.0451299 0.0657191 0.0662475 -0.143367 -0.0311997 0.0375934 0.0422464 -0.00711628 -0.00973895
internal_weight=48104.5 39715.9 37490.1 34151 7000.27 8388.61 3339.15 822.145 27150.7 4213.52 2225.79 25469.7 3127.4 1681.02 22342.3 1340.21 3500.66 687.062 3222.19 2465.78 19876.5 5013.31 14863.2 4556.93 10938 603.801 591.565 10334.2 10023.6 1681.46 8342.13 1553.3 3965.37 1301.54 3925.19 828.553 221.949 415.518 2971.61 1963.83 381.853 2145.56 528.682 189.129 1125.87 2786.74 555.587 480.025 58.5855 25.7223 3280.97 2416.05 864.922 570.098 1745.14 376.201 10.332 442.207 1041.6 644.217 294.824 6788.83
internal_count=9715832 2488802 1080848 972494 136679 7227030 108354 341776 835815 58855 1407954 549803 56009 286012 493794 38103 44859 149487 39764 18212 475582 50403 425179 45294 373533 54696 6954 318837 308716 26445 282271 18676 38340 13184 51646 13509 8805 77450 36866 19194 45891 15958 8778 29054 18268 77824 8177 116083 14561 936 44164 32337 11827 8649 55717 12674 252 7481 22107 7482 3178 263595
is_linear=0
shrinkage=0.08


Tree=44
num_leaves=63
num_cat=0
split_feature=17 10 1 10 9 10 13 17 15 9 1 15 9 10 6 9 16 0 2 1 2 9 1 16 13 16 10 14 12 16 13 0 2 10 9 12 10 4 15 16 0 12 12 13 16 0 10 0 10 16 1 0 9 1 13 1 0 16 10 0 3 9
split_gain=6358.1 1553.78 1060.09 533.239 435.14 392.399 289.927 230.271 187.202 260.042 238.523 159.279 152.395 143.493 140.309 139.76 134.644 112.658 106.782 99.5262 143.366 121.385 96.8144 90.792 82.4983 97.5813 87.2185 82.0225 77.7359 104.06 190.598 75.9036 72.4553 64.6406 65.5966 63.6081 62.3102 66.1592 61.8391 68.5833 113.082 97.996 85.2489 255.777 77.5028 64.4306 61.7794 60.8537 67.625 60.2234 60.0252 101.828 69.24 63.3252 59.0794 58.3398 55.5096 59.4965 73.4379 71.1873 55.062 53.4137
threshold=0.92236593365669262 0.55255886912345897 0.98542153835296642 0.99802371859550487 0.86526826024055492 0.88782376050949108 1.0000000180025095e-35 0.60012477636337291 2.5000000000000004 0.38408851623535162 0.72038009762763988 2.5000000000000004 0.77015757560729992 0.89672946929931652 1.0000000180025095e-35 0.65545505285263073 13.500000000000002 0.82525211572647106 1.5000000000000002 0.60515213012695324 1.0000000180025095e-35 0.84660631418228161 0.050634842365980155 8.5000000000000018 1.0000000180025095e-35 8.5000000000000018 0.97845596075057995 1.5000000000000002 1.0000000180025095e-35 8.5000000000000018 1.0000000180025095e-35 0.74717828631401073 1.0000000180025095e-35 0.46080690622329717 0.83910790085792553 1.0000000180025095e-35 0.86847347021102916 1.0000000180025095e-35 2.5000000000000004 6.5000000000000009 0.86439567804336559 1.0000000180025095e-35 1.0000000180025095e-35 1.0000000180025095e-35 9.5000000000000018 0.74717828631401073 0.72470417618751537 0.44403189420700079 0.9573054611682893 2.5000000000000004 0.16532605141401294 0.78524649143219005 0.51887464523315441 0.41073738038539892 1.0000000180025095e-35 0.57085180282592785 0.51370900869369518 4.5000000000000009 0.48019607365131384 0.40196011960506445 1.0000000180025095e-35 0.73746865987777721
decision_type=2 2 2 2 2 2 2 2 2 2 2 2 2 2 2 2 2 2 2 2 2 2 2 2 2 2 2 2 2 2 2 2 2 2 2 2 2 2 2 2 2 2 2 2 2 2 2 2 2 2 2 2 2 2 2 2 2 2 2 2 2 2
left_child=5 14 3 8 22 -1 -4 -7 10 -10 24 47 13 16 49 -13 46 -8 19 20 -14 -21 -5 33 25 36 60 -12 29 -6 32 -30 -31 35 -35 -16 37 -3 55 40 41 -40 43 44 -41 -45 -11 48 -9 -2 51 -15 53 -52 -50 -24 57 58 59 -36 -26 -29
right_child=1 2 6 4 28 7 17 11 9 12 27 15 18 50 23 -17 -18 -19 -20 21 -22 -23 38 -25 26 -27 -28 61 31 30 -32 -33 -34 34 56 -37 -38 -39 39 42 -42 -43 -44 45 -46 -47 -48 -49 54 -51 52 -53 -54 -55 -56 -57 -58 -59 -60 -61 -62 -63
leaf_value=-0.07575288684061128 1.5419236060600761 0.062689015867569448 0.07760426666505317 0.0054560035058625099 0.076120385244932046 -0.069256741122215318 0.01442829264631966 0.079735299010735811 -0.061402869037318952 -0.043793193799159108 -0.056594009981187694 -0.061182831627079604 0.0075912950988112913 -0.0015927161303845737 -0.054066430492072465 0.04187712209362382 -0.068465514334199021 0.067257512587646659 0.054951549435164067 -0.026043607769783154 0.038713974530533844 0.0032847100084838501 0.024205400742460081 -0.074040100268222594 -0.006544194576665969 0.0050336230653392757 0.054302766833858235 0.082699527142217899 0.025139783538080353 -0.2793377797049188 0.019783598168035453 0.070930568367229926 0.023572634694016492 -0.049572129691437442 1.2906362921013781 0.062696723243398825 0.034797305700288106 0.18655186779592789 0.049323698964956968 -0.083789936475598431 0.077725132572208727 -0.076232315888461702 0.04905542685997169 0.061137927587925585 -0.37473135881678338 -0.019642684662555979 -0.0056993348058171078 0.047052705335894056 0.17962134323214402 -0.072136450474235544 -0.011130598722926247 0.038026555236427083 -0.018636182860457994 0.13539081274092868 0.46588776487634664 0.07916208035740456 0.0048768825391880188 0.072938722264339451 0.1605286060108119 0.33926745177096979 -0.081477673310082752 0.043817390469500402
leaf_weight=7015.9371728213737 0.14796217088587482 88.441152281477116 1862.5505847539753 2868.1721645806683 187.47785138431937 321.13183623668738 965.0300733660697 33.01748315023724 415.43424149428029 372.87472927605268 40.72569885494886 176.4866205790313 5327.1384691077983 1819.8902223506011 207.20688538439572 161.07282093039248 403.65503902471391 352.78309606108814 281.5539796478115 994.65639502514387 1152.1387838514638 9819.4472472313792 232.20856265444309 189.74569074320607 1290.7857858689385 615.59812119760318 148.94901514309458 376.80254278721986 271.24873065575957 20.072945397347215 290.75519441720098 1588.1383808981627 6.7544380985200396 60.063799518742599 0.81684148916974519 34.886719096684828 300.71291362354532 40.11769399716286 53.55561145208776 10.011040981858971 63.880479007959366 154.72029926069081 552.73728558793664 119.48304649442434 14.131636939942835 134.12817020900548 1011.8332378660562 89.230612710234709 16.871837550657805 1425.3165673931362 38.72832398628816 537.88770415773615 1215.0821286560968 36.831063662655652 6.3507225401699534 264.37166261207312 89.463231007335708 69.572761283954605 6.271057378151454 1.3116569492267443 65.967013116925955 565.42218978435267
leaf_count=6886264 119 8278 70187 37191 4486 226728 25919 9364 165416 112253 341 83510 72698 49184 52444 8931 86017 12656 4588 17806 12472 104744 3442 57445 75154 15958 1194 8556 7136 289 4743 55072 213 24024 177 2338 4149 2573 600 145 1464 2275 10350 1173 217 1382 70037 10411 1419 1252702 490 4185 9919 231 870 6717 1366 9807 435 110 1234 14245
internal_value=-0.00384169 0.00934157 0.0131306 0.00897482 0.0289383 -0.0696859 0.0572868 -0.0167538 0.00391605 0.0013271 0.0210807 0.0181516 0.00245958 -0.00924557 -0.057854 -0.0120058 -0.027809 0.0285709 0.00608054 0.00528487 0.0131255 0.000587159 0.01425 -0.0273382 0.00817752 0.0254491 -0.00380796 0.0545621 0.0566906 0.0288582 0.000958087 0.0642506 -0.203073 -0.00846768 0.0221508 -0.0372404 0.054726 0.101341 0.0300217 0.0194647 -0.0153882 -0.0439471 0.0308862 -0.00527115 -0.254089 0.0184152 -0.0159573 0.0881309 0.153306 -0.0719689 -0.000146235 0.00744576 -0.0140155 0.0602906 0.257907 0.0534635 0.0478798 0.0972201 0.298341 0.704369 -0.0101876 0.0593666
internal_weight=46877.8 39057.7 36972.9 33792.5 6831.85 7820.1 3180.36 804.162 26960.7 23427.2 3533.52 483.03 23011.7 5436.78 2084.8 337.559 1788.36 1317.81 17574.9 17293.4 6479.28 10814.1 4467.4 659.339 2550.57 1044.87 1505.7 982.95 2364.45 505.06 317.583 1859.39 26.8274 469.593 227.499 242.094 429.272 128.559 1599.23 1102.65 272.156 208.276 830.491 277.754 24.1427 253.611 1384.71 145.471 56.24 1425.46 3648.42 2357.78 1290.64 75.5594 23.2226 496.58 167.436 77.9723 8.39956 2.1285 1356.75 942.225
internal_count=9715843 2488346 1087379 978617 136895 7227497 108762 341233 841722 710040 131682 114505 544624 332316 1400967 92441 268307 38575 212308 207720 85170 122550 64956 148146 108540 30958 77582 23142 71939 9731 5245 62208 502 90701 35919 54782 15000 10851 27765 17606 4339 2875 13267 2917 362 2555 182290 22064 11653 1252821 64009 53369 10640 721 2289 10159 11895 10529 722 287 76388 22801
is_linear=0
shrinkage=0.08


Tree=45
num_leaves=63
num_cat=0
split_feature=17 10 1 10 10 9 12 17 11 15 15 6 12 11 15 9 11 9 11 9 6 0 9 11 15 14 15 16 12 0 15 0 1 16 9 12 9 11 14 15 14 14 15 14 14 9 11 11 14 15 15 15 14 8 11 11 9 14 0 10 9 9
split_gain=5815.48 1366.41 960.576 453.52 406.956 396.02 285.036 256.867 164.628 205.423 205.354 147.071 144.449 139.206 135.38 199.385 115.901 175.085 139.769 152.983 115.949 115.802 115.556 103.138 96.1 110.693 89.8899 86.6662 83.1567 119.375 92.0048 87.7676 80.2851 77.4421 76.8336 74.6749 71.4574 156.647 217.677 105.605 411.214 246.985 182.404 184.477 128.734 104.006 363.992 182.042 118.338 335.887 322.44 159.448 201.468 168.344 322.338 126.362 331.291 158.139 174.761 140.79 139.557 121.742
threshold=0.92236593365669262 0.55255886912345897 0.98542153835296642 0.99802371859550487 0.84384033083915722 0.84660631418228161 1.0000000180025095e-35 0.59648612141609203 0.40936473011970526 2.5000000000000004 1.5000000000000002 1.0000000180025095e-35 1.0000000180025095e-35 0.77836257219314586 2.5000000000000004 0.65545505285263073 0.86582550406456005 0.88273489475250255 0.88273489475250255 0.92637759447097789 1.0000000180025095e-35 0.82525211572647106 0.58643680810928356 0.42163743078708654 5.5000000000000009 4.5000000000000009 1.5000000000000002 8.5000000000000018 1.0000000180025095e-35 0.91171297430992138 4.5000000000000009 0.78524649143219005 0.83321288228034984 10.500000000000002 0.99350652098655712 1.0000000180025095e-35 0.90521115064620983 0.82972848415374767 2.5000000000000004 3.5000000000000004 3.5000000000000004 3.5000000000000004 4.5000000000000009 4.5000000000000009 4.5000000000000009 0.86526826024055492 0.81284341216087352 0.84889996051788341 3.5000000000000004 3.5000000000000004 3.5000000000000004 4.5000000000000009 4.5000000000000009 1.0000000180025095e-35 0.74849396944046032 0.63859337568283092 0.64051279425621044 2.5000000000000004 0.53794318437576305 0.82865032553672802 0.62575301527977001 0.81872946023941051
decision_type=2 2 2 2 2 2 2 2 2 2 2 2 2 2 2 2 2 2 2 2 2 2 2 2 2 2 2 2 2 2 2 2 2 2 2 2 2 2 2 2 2 2 2 2 2 2 2 2 2 2 2 2 2 2 2 2 2 2 2 2 2 2
left_child=4 11 3 8 -1 13 21 -6 10 12 -3 -2 22 -5 23 -16 20 -18 19 -19 33 -4 -10 26 35 -26 -9 -13 29 -7 -31 -30 -24 -11 -27 -20 45 38 -38 41 -41 -40 44 -44 -42 47 -47 48 50 -50 55 52 53 -51 61 56 -22 -58 59 -59 -57 -55
right_child=1 2 6 5 7 28 -8 14 9 16 -12 27 -14 -15 15 -17 17 18 24 -21 36 -23 32 -25 25 34 -28 -29 31 30 -32 -33 -34 -35 -36 -37 37 -39 39 40 42 -43 43 -45 -46 46 -48 -49 49 51 -52 -53 -54 54 -56 60 57 58 -60 -61 -62 -63
leaf_value=-0.076639589458773097 -0.071118593695125465 0.0083568666859357172 0.015886209956048131 0.0073306181678939797 -0.070081446396308464 0.049664738917598615 0.079057614189741873 0.087055562433396877 0.052473903278296381 -0.014034211864573471 -0.050319994738056262 -0.0062667043498121043 0.057850985236554173 0.052869187717975413 -0.064738860538287007 0.043873015900323498 0.059894411400613426 -0.10100610555504583 0.012651442288645405 -0.0062769367620039386 -0.012612894871766374 0.066763565649508652 -0.0078708206358551192 0.16833238975945933 0.09004476806118443 0.022524835988740253 -0.049483970517828824 -0.071851355400268102 0.030712646817351627 0.0084164576889813741 -0.12185498892172227 0.070895108325985931 0.038155590563456444 -0.065745661774796293 -0.061024621556993841 0.03977366179487081 -0.018436697105018395 -0.014911149744131991 0.098179092307553617 -0.030742479057776211 0.071933164072550349 -0.011997701157013724 -0.013573855846304911 0.056348326198420333 -0.063247280550871629 0.00012280256176695647 -0.085183198138130634 0.059286103810556358 -0.063696285209739328 0.020227046009255952 -0.029118473809394294 -0.020888752471952893 -0.081264891654665897 -0.032338854461498701 -0.081871229396770731 0.11507608888401748 -0.042396183051880476 0.60860937804163084 0.11219414260121335 0.21890811370884108 0.0092397423136461442 0.043729603241966314
leaf_weight=6251.1448792047449 1327.4246780581889 748.70820806286065 1041.9354569932912 3771.1905920610297 428.36665127112065 391.27581638097763 1586.2536676018499 76.378765472094528 402.77468679315643 827.59822757757502 778.78040789137594 463.99688935582526 714.09540351759642 484.84718000888824 228.61108406749554 205.32909530145116 471.41259485023329 131.42128983011935 3002.0036334579927 642.62455955066252 208.65313225856517 394.80536064412445 985.01162820582977 49.020034555345774 49.091527880285867 97.019336862897035 51.777529636863619 178.58152338129003 461.16137453354895 111.96319217793643 50.277969298884273 1416.354028660804 321.78644124639686 238.83495765988482 257.17185665783472 829.12395116558764 879.96719026949722 1314.2754965377972 356.83016138616949 742.53832560637966 875.95932840253226 205.04465608228929 579.06920328270644 414.22953580354806 47.532921822159551 1375.2760198059259 417.23946781409904 334.32396933878772 593.55076897633262 3112.6009884754894 722.34075088484678 1745.8991386169801 156.17413945135195 208.48366952990182 331.13854378892574 87.500190808670595 36.167183727840893 7.4961948425043365 264.8968505859375 28.455456250347197 898.79236452421173 380.2188428894151
leaf_count=6713861 1253375 21960 28154 50265 336866 7813 65105 7688 13962 96537 244921 90788 13321 11081 129190 15357 4725 1678 27097 6145 6743 15363 24422 2290 479 858 22169 57522 12944 1979 731 52279 7829 82878 2027 12698 8036 11944 3144 6925 7556 1665 5950 3386 482 12089 3644 2391 23172 69893 26660 54366 14032 2573 2610 616 872 557 1674 292 7130 2428
internal_value=-0.00341659 0.00898919 0.0124889 0.00859259 -0.0689321 0.0272321 0.0556787 -0.0225819 0.00394554 0.00548571 -0.0215592 -0.0559104 0.0276322 0.0125184 0.0107133 -0.0133466 0.00313881 0.0132842 0.00889713 -0.0223605 -5.79758e-05 0.0298669 0.0150098 0.0696408 0.014611 -0.0225351 0.031891 -0.0244936 0.0529916 0.0257414 -0.0319542 0.0610254 0.00346274 -0.0256153 -0.0381389 0.0185212 0.0016116 0.00912387 0.0168262 0.0264593 0.0198011 0.0579723 0.039381 0.0155854 0.0649753 -0.00211757 -0.0197337 0.00134609 -0.000859551 -0.00631663 0.0149432 -0.00057771 0.00788834 0.0113412 -0.0187272 0.0357189 0.0666085 0.115656 0.134657 0.300164 0.0186291 0.0167906
internal_weight=45792.8 38502.2 36532.2 33509.2 7290.63 6687.07 3022.99 1039.48 26822.1 25294.6 1527.49 1970 2423.67 4256.04 611.117 433.94 22871 5479.87 5008.46 774.046 17391.1 1436.74 1709.57 177.176 4234.41 403.283 128.156 642.578 2431.03 553.517 162.241 1877.52 1306.8 1066.43 354.191 3831.13 16324.7 5415.45 4101.17 3221.2 2659.33 561.875 1916.79 993.299 923.492 10909.2 1792.52 9116.69 8782.37 6528.07 2254.3 5934.52 4188.62 4032.44 919.841 1531.96 545.669 337.016 300.849 35.9517 986.293 588.703
internal_count=9717187 2489766 1088081 979459 7227421 137092 108622 513560 842367 575486 266881 1401685 59534 61346 176694 144547 515952 55707 50982 7823 460245 43517 46213 32147 43159 3364 29857 148310 75746 10523 2710 65223 32251 179415 2885 39795 280830 49088 37144 29108 24299 4809 17374 9336 8038 231742 15733 216009 213618 169074 44544 145902 91536 77504 7611 17884 10138 3395 2523 849 7746 5001
is_linear=0
shrinkage=0.08


Tree=46
num_leaves=63
num_cat=0
split_feature=17 10 0 10 11 13 17 15 11 1 1 10 16 12 10 9 16 16 10 12 4 14 15 14 9 9 12 11 12 11 16 10 16 2 15 14 0 2 6 15 9 9 10 9 9 11 15 0 14 14 9 14 15 11 1 9 11 14 9 10 6 1
split_gain=5256.43 1204.37 908.464 403.772 325.701 328.739 241.758 196.06 407.198 249.53 184.545 137.458 135.029 132.365 128.087 120.997 116.772 111.57 108.488 107.119 107.01 102.193 113.027 135.145 98.2827 97.5546 91.3773 90.6795 88.4603 85.5628 84.8611 154.388 136.4 136.157 89.5543 80.197 80.1255 109.314 79.3743 74.5406 74.5263 117.84 73.0265 72.9002 72.674 86.8553 78.7762 72.4267 96.5634 71.7381 136.151 282.095 318.691 106.805 103.855 90.4042 131.596 111.819 81.3015 73.9642 71.4238 390.015
threshold=0.92236593365669262 0.54502776265144359 0.96347683668136608 0.84384033083915722 0.8713812828063966 1.0000000180025095e-35 0.56261882185935985 2.5000000000000004 0.42644809186458593 0.65528607368469249 0.96483230590820324 0.97845596075057995 4.5000000000000009 1.0000000180025095e-35 0.99802371859550487 0.74849396944046032 6.5000000000000009 8.5000000000000018 0.99802371859550487 1.0000000180025095e-35 1.0000000180025095e-35 2.5000000000000004 1.5000000000000002 3.5000000000000004 0.93127065896987926 0.5673658847808839 1.0000000180025095e-35 0.12632978707551959 1.0000000180025095e-35 0.39250700175762182 9.5000000000000018 0.88255575299263012 12.500000000000002 1.0000000180025095e-35 4.5000000000000009 4.5000000000000009 0.91171297430992138 1.0000000180025095e-35 1.0000000180025095e-35 2.5000000000000004 0.9807620942592622 0.92031747102737438 0.57207790017128002 0.70064932107925426 0.96178188920021068 0.92718276381492626 3.5000000000000004 0.78524649143219005 4.5000000000000009 2.5000000000000004 0.93419912457466137 3.5000000000000004 3.5000000000000004 0.72255688905715953 0.19061571359634402 0.68208554387092601 0.60640108585357677 3.5000000000000004 0.86706823110580455 0.85341826081275951 1.0000000180025095e-35 0.53475946187973034
decision_type=2 2 2 2 2 2 2 2 2 2 2 2 2 2 2 2 2 2 2 2 2 2 2 2 2 2 2 2 2 2 2 2 2 2 2 2 2 2 2 2 2 2 2 2 2 2 2 2 2 2 2 2 2 2 2 2 2 2 2 2 2 2
left_child=3 12 4 -1 7 17 -5 9 25 21 18 16 19 39 30 -11 42 -6 -4 -2 -15 -3 27 -24 -16 -9 -20 -23 -17 -25 33 32 -32 34 49 -36 -26 -38 -14 -8 41 -33 -7 -41 -19 46 -46 -18 -49 -10 53 52 -52 55 58 -51 57 59 -55 -57 61 -21
right_child=1 2 10 6 5 11 13 8 14 15 -12 -13 38 20 24 28 47 44 26 60 -22 22 23 29 36 -27 -28 -29 -30 -31 31 40 -34 -35 35 -37 37 -39 -40 43 -42 -43 -44 -45 45 -47 -48 48 -50 50 51 -53 -54 54 -56 56 -58 -59 -60 -61 -62 -63
leaf_value=-0.076409779150592189 -0.014005553251697802 0.027240917050171252 0.023848785830338112 -0.072869865452088012 0.061742578364407275 0.14401850384686846 0.03617349447694166 -0.070376557564005321 -0.025044421582981573 0.075861649414645807 0.078094552078058821 0.049142543735169825 -0.073749292777686104 0.09667567707869143 0.010506642860388597 0.0050819381842156976 0.0083747081549619459 0.043947206672254019 -0.01645406348024538 0.12365754113269542 -0.016199317569273779 -0.036094680909155359 -0.051877546677922867 -0.024036751229258312 0.063909091868734516 0.022168045987395659 0.073713106125459643 0.021366337973254674 0.070196668600055148 0.027341209104827641 -0.0073807601042403881 6.040300175202423e-05 -0.057519319991176439 0.026174745556004061 -0.031542153977179251 0.0061359083489476267 -0.10689011571369933 0.070078188093100874 -0.035897706472319685 -0.071891513037311727 -0.016469700883053055 0.054778746170284984 -0.01049936198839807 0.0097515702400891892 0.061590108647761516 0.033183600938033665 -0.074796666692050512 0.051225365790803237 -0.019337461542526711 -0.011937991822733612 0.11772038912713539 0.081430739840973015 -0.054473053840935516 0.04790575485344549 -0.023923799473613706 0.27477356922868329 0.014667715605735302 0.033384591740420293 -0.1123160163619799 0.11097119349290799 0.12991170823920564 3.2009698721800737
leaf_weight=5790.2190125571215 104.54932275466854 1182.4734838870936 1273.2605998546351 373.41371652449016 1380.5619487761869 19.782162544084713 111.99469192023389 632.32364243868506 425.20705394970719 566.7888648310909 1147.1415708502755 534.73208165727556 1148.1269784264732 149.63754873652942 2369.4073539045639 438.24270660488401 1784.6325447555864 551.20267203339608 81.482979215681553 1.5678644999861742 83.888752878876403 202.08324711531168 478.86773821880342 417.47408287832513 419.4954532282427 82.399318605603185 613.67079148255289 1349.8362323610927 192.03923437156482 412.35330649616662 757.49445370404283 6312.559413629584 641.20267896831501 1611.7329045719234 924.04565811523935 593.92396138969343 45.247605280950665 44.122473265044391 512.97831770393532 181.83657021261752 1717.8684350559488 262.35530912550166 1869.8531989889452 113.80195249104872 34.432201965653803 198.70651247067144 127.3465503801126 636.34965384937823 154.19546363689005 446.1402607623022 90.765582744614221 444.73777040746063 284.09830349264666 222.73499032878317 1176.6591535243206 22.870345957810059 671.56208208674798 117.72312368924031 22.298306136159226 77.181670237332582 24.473428563564084 0.31685093359556038
leaf_count=6714001 60231 24981 12415 316444 38574 2168 28686 223290 13327 15343 52052 9021 1169833 21885 33420 13357 30282 10611 1298 891 16036 3931 23045 34146 14016 7781 24767 22942 5808 15603 69016 68078 118503 30875 34847 13484 971 1683 131851 121633 14003 1519 18284 9043 658 5897 1106 8102 1802 46526 728 5474 3840 1894 21928 1604 16567 4795 204 607 688 32
internal_value=-0.00351858 0.00811775 0.0112986 -0.0682525 0.00739411 0.022314 -0.0216985 0.00315373 -0.000389284 0.0169577 0.0525897 0.0108122 -0.0558953 0.00810384 0.00176264 0.0490407 0.00622154 0.0474 0.0377261 0.0223304 0.056128 0.00745856 -0.00071874 -0.0180355 0.0173575 -0.0597072 0.0631441 0.013884 0.0249216 0.0014937 -0.000905486 -0.00577955 -0.0303657 0.00571804 -0.000254971 -0.0168002 0.0492568 -0.0195199 -0.0620601 -0.0194084 -0.00163274 0.0022438 -0.00888175 -0.0404641 0.0256812 -0.00224868 -0.0457688 0.0173042 0.0374621 0.0060207 0.00971372 0.0383413 -0.01278 0.00120384 -0.0140567 0.0174496 0.032192 0.0862323 0.0333254 0.148414 0.166457 0.641003
internal_weight=44660.5 37855.7 36063.7 6804.79 32948.1 7291.79 1014.57 25656.3 20416.2 5240.16 3115.56 4999.55 1792.01 641.16 19701.4 1197.07 4464.81 2292.25 1968.41 130.907 233.526 4043.09 2860.61 1308.7 2878.27 714.723 695.154 1551.92 630.282 829.827 16823.2 9691.48 1398.7 7131.68 5519.95 1517.97 508.866 89.3701 1661.11 407.633 8292.78 6574.91 1889.64 295.639 911.688 360.485 161.779 2575.18 790.545 4001.98 3576.77 819.602 374.864 2757.17 1421.69 1335.48 889.337 217.775 245.033 100.052 26.3581 1.88472
internal_count=9716427 2488699 1125173 7227728 1034641 126505 513727 908136 748980 159156 90532 69659 1363526 197283 517909 34508 60638 56846 38480 61842 37921 124648 99667 72794 50090 231071 26065 26873 19165 49749 467819 271119 187519 196700 165825 48331 16670 2654 1301684 159362 83600 69597 20452 130676 18272 7661 1764 40186 9904 117494 104167 10042 4568 94125 24026 70099 23573 7006 2098 2211 1611 923
is_linear=0
shrinkage=0.08


Tree=47
num_leaves=63
num_cat=0
split_feature=17 10 1 10 10 9 13 17 11 9 10 11 16 16 9 15 2 10 11 15 2 9 15 11 1 11 1 9 11 9 11 0 3 3 1 9 12 9 1 9 11 0 0 9 3 11 1 1 0 15 16 16 9 10 11 11 9 9 17 9 9 11
split_gain=4779.33 1126.69 827.904 367.297 356.26 327.856 292.781 216.693 156.678 266.083 197.933 150.969 117.332 113.664 109.917 195.029 103.931 91.682 86.8049 113.569 82.819 78.5629 76.9609 107.287 150.761 98.544 111.937 164.618 143.329 289.451 99.6047 95.6951 84.2807 82.6118 76.054 75.9613 75.6981 73.423 110.753 73.4558 98.3283 70.4557 69.8681 71.9511 102.618 81.367 85.8367 68.965 68.1079 95.5381 71.2255 67.8137 67.4851 65.7463 65.076 64.4649 64.3308 63.9313 63.1593 62.9891 62.773 68.8229
threshold=0.91021323204040538 0.52342718839645397 0.98542153835296642 0.84384033083915722 0.99802371859550487 0.88493067026138317 1.0000000180025095e-35 0.59648612141609203 0.57735043764114391 0.54201978445053112 0.76718232035636913 0.64549732208251964 4.5000000000000009 8.5000000000000018 0.64051279425621044 2.5000000000000004 1.5000000000000002 0.97375312447547924 0.49770641326904302 1.5000000000000002 1.0000000180025095e-35 0.61257407069206249 4.5000000000000009 0.93419912457466137 0.8991893231868745 0.8713812828063966 0.24149302393198016 0.91715687513351452 0.78086891770362865 0.87298336625099193 0.77836257219314586 0.78524649143219005 1.0000000180025095e-35 1.0000000180025095e-35 0.44018043577671057 0.96922346949577343 1.0000000180025095e-35 0.65345367789268505 0.63662931323051464 0.78611558675766002 0.70299971103668224 0.51370900869369518 0.52508750557899486 0.99350652098655712 1.0000000180025095e-35 0.82167318463325512 0.87375369668006908 0.64393138885498058 0.86439567804336559 2.5000000000000004 8.5000000000000018 17.500000000000004 0.95101961493492138 0.98369517922401439 0.80217391252517711 0.79784947633743297 0.90366768836975109 0.11882352828979494 0.74802270531654369 0.98484501242637645 0.87585616111755382 0.85540068149566661
decision_type=2 2 2 2 2 2 2 2 2 2 2 2 2 2 2 2 2 2 2 2 2 2 2 2 2 2 2 2 2 2 2 2 2 2 2 2 2 2 2 2 2 2 2 2 2 2 2 2 2 2 2 2 2 2 2 2 2 2 2 2 2 2
left_child=3 12 4 -1 8 11 -4 -5 10 -10 -3 34 36 18 15 57 22 55 19 -9 51 -13 25 42 -25 26 28 33 -11 -30 35 56 -26 37 48 41 -2 38 -28 -39 -41 -29 -24 60 45 -45 -47 -17 49 50 -6 -7 -31 -15 -23 -8 -27 -12 -20 -22 61 -44
right_child=1 2 6 7 5 20 17 13 9 16 14 21 -14 53 -16 47 -18 -19 58 -21 59 54 23 24 32 31 27 30 29 52 -32 -33 -34 -35 -36 -37 -38 39 -40 40 -42 -43 43 44 -46 46 -48 -49 -50 -51 -52 -53 -54 -55 -56 -57 -58 -59 -60 -61 -62 -63
leaf_value=-0.076051471026308937 -0.016367832129367817 -0.053386132768262498 0.07590483132242809 -0.069162723770374981 -0.010818735831126728 0.03899419221863535 -0.067912999119214931 0.10832913761667971 0.065476055472718495 0.0068157661934418381 -0.055868012462640289 0.072939833285596375 -0.065061904049765182 -0.044017684861057067 0.018257261584543789 -0.04187650907808662 0.050570769029825158 0.07569762687028217 0.20506394267169636 -0.056832753030351173 0.03730962006493755 0.012463102856399384 -0.024396317619203842 0.076879624453274578 0.058801579802777434 0.035123299919308869 -0.0086743220722024904 0.14818024943750424 0.060335367946600618 -0.1625112944272733 -0.001299670401828996 0.041574340748407573 -0.054962819840516326 -0.051105603741636321 0.058696929816666688 0.01902231697346312 0.13618063275705536 -0.027266807026034467 0.078016981493849849 0.0189009738627176 -0.01217168804122732 0.044023958006329356 -0.0095465101679356856 -0.00021007050001309221 0.031927441842384503 -0.051599447619952166 -0.00047716370627740213 0.13151597770788806 0.043613806946456918 -0.024331120196846287 0.024062691874974115 -0.041102963110583216 0.04177916339089572 0.046601427250379544 0.048813087590621314 0.01989891612151019 0.0042224448153812908 0.012043111438956295 0.065250601849893106 0.077241564491985659 0.021202757790279605 0.051326686767817459
leaf_weight=5291.7935153668514 100.81333530211123 613.27904512285022 1533.1693984539015 371.80048572138185 713.17047125287354 598.53297453559935 56.383003601978999 39.716084896121174 465.89033446222311 2650.4317463639891 95.70828674652148 249.00611339323223 1441.5149687679368 234.80659946746891 1000.233407326974 1019.800497245742 307.54836970893666 189.12085908185691 25.000186977267731 80.962568379240111 364.28535401448607 970.65589848998934 1153.6184202801669 239.49547902535414 61.415709031571168 549.51644889800809 239.62163395719836 53.827277944481466 713.84251668280922 49.16319271735847 1773.0576961573679 872.02886995486915 129.67442129604751 296.61632515228121 140.22812235821038 1533.3457047957927 26.236442392517347 1230.8034996394999 155.53533970756689 862.98829580721213 2663.1601554555818 182.45183789590374 1350.3791077156784 692.70195911405608 269.55128817027435 686.97727469238453 302.8720901296474 14.895171592012046 196.63962730951607 1007.9608433853136 789.29049761220813 76.269649174064398 13.108099353907162 65.543424796662293 466.78558102622628 1048.309683738451 2002.2523992079077 1214.6960735141765 119.6232073061401 826.2096823612228 1075.9734135059407 130.33996372623369
leaf_count=6632443 61962 309280 70751 336666 6068 15836 3727 2642 17730 58665 2335 4340 1253305 105792 14303 184884 6067 7632 5480 45138 12670 15513 65267 3167 584 8318 18012 1573 5636 529 23346 8704 873 10096 2718 25752 1387 51672 6072 18295 51956 1270 13844 6553 1847 6743 2897 144 2264 22546 5292 1624 147 4608 11414 37784 26561 41965 6231 37527 8000 805
internal_value=-0.00298881 0.00780079 0.0107011 -0.0678752 0.0071485 0.0241002 0.0522543 -0.0217214 0.00308073 0.00564102 -0.0116061 0.0124851 -0.0585662 0.00946161 -0.00394685 -0.0134174 0.00438771 0.0242284 0.0476182 -0.00247696 0.0523313 0.0314537 0.00374018 -0.00390073 0.0345957 0.00667899 0.00336591 -0.00132293 0.0156696 0.0459057 0.0121015 0.0186954 -0.0183993 -0.0100513 0.00125003 0.0255287 0.0151342 -0.00768774 0.0254477 -0.0104403 -0.00456698 0.067752 -0.0068281 -0.0023331 -0.0138987 -0.0212402 -0.0359572 -0.0393804 -0.00172577 -0.00527719 0.00750559 0.0299412 -0.119508 -0.0242425 0.0242672 0.015417 0.0108769 0.00708307 0.0894193 0.0650226 0.0064975 -0.00418816
internal_weight=43690.6 37461.4 35892.8 6229.25 33065.8 6399.03 2826.98 937.453 26666.8 22708.2 3958.61 4533.74 1568.56 565.652 3345.33 2345.1 22242.3 1293.81 265.302 120.679 1865.3 1686.45 21934.8 6093 430.586 15841.8 12418 8991.41 3426.55 776.114 3542.68 3423.8 191.09 5448.73 2847.29 1769.62 127.05 5152.11 395.157 4756.95 3526.15 236.279 5662.41 4508.8 1952.1 1682.55 989.849 1034.7 2707.06 2510.42 1502.46 674.803 62.2713 300.35 1437.44 1104.69 2551.77 1310.4 144.623 1190.5 2556.69 1480.72
internal_count=9717252 2578252 1261598 7139000 1141704 137812 119894 506557 1003892 450981 552911 70155 1316654 169891 243631 229328 433251 49143 59491 47780 67657 31267 427184 110580 4624 316604 273021 208044 64977 6312 51941 43583 1457 156103 38888 28595 63349 146007 24084 121923 70251 2843 105956 40689 18040 16193 9640 185028 36170 33906 11360 17460 676 110400 26927 41511 34879 44300 11711 50197 22649 14649
is_linear=0
shrinkage=0.08


Tree=48
num_leaves=63
num_cat=0
split_feature=17 10 0 10 11 10 17 1 11 10 11 16 12 11 15 14 15 1 15 14 1 10 16 10 14 15 1 15 10 1 14 0 15 11 1 10 12 1 14 8 15 11 3 15 11 1 1 11 3 11 10 0 11 1 14 15 15 11 14 14 3 15
split_gain=4317.44 970.513 740.136 381.714 258.639 214.85 196.673 193.554 188.384 166.766 150.605 148.014 132.572 130.352 134.642 164.722 136.541 163.464 131.235 138.866 130.195 123.938 130.969 122.223 121.339 229.164 154.92 117.798 116.834 110.414 265.255 115.538 110.131 126.553 101.262 100.28 107.47 100.083 164.922 99.1831 95.2297 100.089 106.95 95.115 91.9027 89.1294 84.5941 88.8931 79.4008 76.732 73.6556 73.1944 69.1417 68.4628 124.076 108.225 84.7856 83.2325 116.175 77.4144 85.5764 111.887
threshold=0.92236593365669262 0.56916823983192455 0.96347683668136608 0.84384033083915722 0.99397590756416332 0.98369517922401439 0.56261882185935985 0.98542153835296642 0.7065996825695039 0.81585493683815014 0.81284341216087352 8.5000000000000018 1.0000000180025095e-35 0.54923507571220409 3.5000000000000004 3.5000000000000004 4.5000000000000009 0.98542153835296642 4.5000000000000009 4.5000000000000009 0.4053169190883637 0.90023696422576915 10.500000000000002 0.91442927718162548 4.5000000000000009 5.5000000000000009 0.16019116342067721 5.5000000000000009 0.45910002291202551 0.12810420244932177 3.5000000000000004 0.55393069982528698 2.5000000000000004 0.49770641326904302 0.8482024371623994 0.99802371859550487 1.0000000180025095e-35 0.76701444387435924 2.5000000000000004 1.0000000180025095e-35 1.5000000000000002 0.80982515215873729 1.0000000180025095e-35 1.5000000000000002 0.78910300135612499 0.98542153835296642 0.8482024371623994 0.6900656819343568 1.0000000180025095e-35 0.95293468236923229 0.872827708721161 0.43835045397281652 0.83424910902977001 0.6294226646423341 3.5000000000000004 2.5000000000000004 2.5000000000000004 0.69631093740463268 2.5000000000000004 2.5000000000000004 1.0000000180025095e-35 2.5000000000000004
decision_type=2 2 2 2 2 2 2 2 2 2 2 2 2 2 2 2 2 2 2 2 2 2 2 2 2 2 2 2 2 2 2 2 2 2 2 2 2 2 2 2 2 2 2 2 2 2 2 2 2 2 2 2 2 2 2 2 2 2 2 2 2 2
left_child=3 10 4 -1 5 13 -5 35 20 -6 -2 12 28 21 29 16 17 37 19 -17 -7 22 43 -19 26 34 -20 45 -12 30 31 -15 -8 -34 51 -4 -37 38 -16 -21 -31 53 49 -3 -18 46 47 -28 -46 -43 -47 -26 -36 54 56 -56 -42 58 -58 60 -55 -62
right_child=1 2 7 6 9 8 32 -9 -10 -11 11 -13 -14 14 15 18 44 23 24 39 -22 -23 -24 -25 25 -27 27 -29 -30 40 -32 -33 33 -35 52 36 -38 -39 -40 -41 41 42 -44 -45 48 50 -48 -49 -50 -51 -52 -53 -54 59 55 -57 57 -59 -60 -61 61 -63
leaf_value=-0.075542848904155205 -0.065395300891605973 0.057130566681686978 0.021693127001616068 -0.07125066874392362 0.0037928015957339766 0.00048682385468912356 0.054452594092002857 0.079509391808374505 0.033458706690939199 0.068472330366266362 -0.050260628037359534 -0.07151323003980227 0.12533824069619484 0.12759271421286703 0.046170530911901174 0.012955396012963423 -0.0028325818962116008 -0.11761019813659702 -0.071943427212775135 -0.096125330001819762 0.041016293368487104 -0.00084481510539852493 -0.063780080694922109 -0.56405594231226541 0.082352796667332639 -0.026812223511481208 0.02171916556933268 0.02682199689056514 0.047312035110071246 0.083926923897971212 -0.076859669332447381 0.043755450125518042 -0.075657171701645515 0.01440341916826739 0.039589303637634882 -0.024583770686609958 0.072116555328460591 -0.0091405353001909259 -0.056770807471589045 -0.0086624568432556292 -0.031488696632769542 0.038255238810532242 0.00058038600087375052 -0.02417715688019895 0.099915006218526795 -0.092288306207903001 0.0074891838208692319 -0.036051052064110634 -0.099877373711509232 -0.039450957330121529 -0.57778145302097639 0.02783632515441559 -0.039425845246142073 -0.037978596361370402 0.023128309602063961 -0.082280047414180491 -0.04272526068736851 -0.013106019134481539 0.055979446044755382 0.021989228251310177 -0.08392965098040385 0.072789725854424572
leaf_weight=4974.7652492370689 1256.4509222807246 111.25358827639138 1288.4775871122256 324.25183320755605 404.41660546010826 3433.4798807621701 199.99767872842494 902.89777397317812 2811.2270383392461 691.10935614444315 175.46699083980639 200.27102866553469 57.588993095268961 153.84608893503901 112.9280428760103 6726.133515482652 291.93750874017132 11.304599981522189 300.85071946907556 122.10131499287672 595.19385806750506 1758.6862369237933 531.78743340284564 6.0116548277437678 187.41713370574871 827.49669068906223 196.79434565454721 431.88058482069755 142.18114353896817 109.44954047579085 93.501579036179464 332.73483892553486 153.79608702484984 284.72764807130443 104.57721669261809 84.181382946670055 582.68239118531346 1085.6849942852859 844.22750706761144 258.98235214751912 404.28139337839093 1445.4948238666984 1033.6592783516389 534.29052956600208 115.9490392372245 5.2232701523462293 592.06772387889214 1274.2173393453704 14.30066964071011 86.177604523254558 3.2408500388264656 991.2673995582154 219.93313426687382 342.75543150666635 83.151437690539751 249.05723109096289 95.88142302405322 422.13809332461096 373.99984523339663 1173.3545841845917 38.881141025864054 116.55059815570712
leaf_count=6713813 1176951 7350 13056 316354 8624 43568 35977 49277 64869 28231 96359 154052 608 2677 2842 109713 8083 416 20779 9640 13679 82339 182052 72 7635 11439 6141 6495 36601 2831 4310 2340 112438 48517 694 1393 26850 11210 18344 6340 7840 20298 10583 140433 1525 213 5399 17588 125 892 65 7982 2742 4576 2478 9771 2944 5602 6469 22744 283 931
internal_value=-0.00331231 0.00689066 0.0098609 -0.0666194 0.00639267 0.005045 -0.0205111 0.0488733 0.0175652 0.0445957 -0.0498713 -0.0159791 0.0136604 0.00150855 0.00368878 -0.000557061 -0.0193478 -0.0278414 0.00325313 0.0102937 0.00647462 -0.0142931 -0.0343821 -0.272602 -0.00649154 0.00699776 -0.0177028 -0.0111844 -0.00658654 0.0132263 0.0465487 0.0702629 0.00525537 -0.017182 0.0256099 0.0347268 0.0599096 -0.0257667 -0.0446255 -0.036686 0.00999115 0.00861149 0.0204644 -0.0101645 0.0220987 -0.019108 -0.0180451 -0.0283225 0.077979 0.0338832 -0.27818 0.0365047 -0.0139623 -0.000602473 -0.0122765 -0.0558965 -0.00109782 0.012676 0.0358383 0.010771 -0.0156507 0.0335865
internal_weight=42778.6 36841.1 35009.1 5937.54 32150.9 31055.4 962.773 2858.24 6839.9 1095.53 1831.96 575.508 375.237 24215.5 21279.4 14724.5 2482.34 2060.16 12242.2 7107.22 4028.67 2936.02 1177.33 17.3163 5134.97 2330.69 2804.27 2503.42 317.648 6554.91 580.083 486.581 638.521 438.524 1503.19 1955.34 666.864 2042.84 957.156 381.084 5974.83 5865.38 2565.33 645.544 422.187 2071.54 2063.08 1471.01 130.25 1531.67 8.46412 1178.68 324.51 3300.05 1628.51 332.209 1296.3 892.019 469.881 1671.54 498.187 155.432
internal_count=9716442 2489343 1024772 7227099 934196 897341 513286 90576 122116 36855 1464571 287620 133568 775225 363051 255482 42617 32884 212865 125693 57247 412174 329835 488 87172 30492 56680 35901 132960 107569 9327 5017 196932 160955 19053 41299 28243 32396 21186 15980 98242 95411 31773 147783 9733 29406 29128 23729 1650 21190 278 15617 3436 63638 35104 12249 22855 15015 9413 28534 5790 1214
is_linear=0
shrinkage=0.08


Tree=49
num_leaves=63
num_cat=0
split_feature=17 10 0 11 13 10 15 11 1 11 11 15 17 14 6 17 9 11 15 10 9 0 10 13 10 16 12 10 14 15 9 9 1 0 0 11 9 6 16 12 9 12 0 0 3 0 11 1 9 0 15 1 9 18 1 16 11 9 0 9 1 0
split_gain=3901.19 1112.39 690.871 243.953 238.157 229.263 193.194 365.023 214.125 189.194 171.033 141.607 153.598 144.27 137.046 121.892 452.559 543.607 119.017 108.943 104.003 98.0028 97.8024 94.6803 94.0365 91.828 84.2717 93.7113 73.3045 81.3958 119.381 190.659 176.224 86.4907 74.0068 69.222 67.1863 67.0983 105.602 66.9066 66.0758 98.6964 82.1255 65.6139 64.246 62.5915 61.9601 134.543 61.0013 88.3281 59.2367 58.4969 65.8299 56.7582 55.9353 55.7344 140.588 79.0672 114.305 71.9749 81.6626 70.2733
threshold=0.84841391444206249 0.54847925901412975 0.96347683668136608 0.88589513301849376 1.0000000180025095e-35 0.8337790071964265 2.5000000000000004 0.42644809186458593 0.7092566490173341 0.89386734366416942 0.54085847735404979 2.5000000000000004 0.70492964982986461 2.5000000000000004 1.0000000180025095e-35 0.61539709568023693 0.71330726146698009 0.59675306081771862 1.5000000000000002 0.97845596075057995 0.5673658847808839 0.86439567804336559 0.99802371859550487 1.0000000180025095e-35 0.91442927718162548 8.5000000000000018 1.0000000180025095e-35 0.99802371859550487 2.5000000000000004 1.5000000000000002 0.93908470869064342 0.60736891627311718 0.21530538797378543 0.67949557304382335 0.71112373471260082 0.12632978707551959 0.81872946023941051 1.0000000180025095e-35 10.500000000000002 1.0000000180025095e-35 0.9807620942592622 1.0000000180025095e-35 0.91171297430992138 0.064958207309246077 1.0000000180025095e-35 0.74717828631401073 0.35043859481811529 0.063256356865167632 0.73746865987777721 0.070949565619230284 4.5000000000000009 0.74872356653213512 0.99350652098655712 3.5000000000000004 0.039196547120809562 9.5000000000000018 0.72438782453536998 0.75716623663902294 0.55393069982528698 0.94392031431198131 0.14980195462703708 0.61775881052017223
decision_type=2 2 2 2 2 2 2 2 2 2 2 2 2 2 2 2 2 2 2 2 2 2 2 2 2 2 2 2 2 2 2 2 2 2 2 2 2 2 2 2 2 2 2 2 2 2 2 2 2 2 2 2 2 2 2 2 2 2 2 2 2 2
left_child=5 14 3 6 25 -1 8 20 28 26 18 12 13 15 -2 16 17 -12 53 21 -8 24 37 -10 51 -5 -4 -28 44 35 31 32 -31 -33 43 -30 -16 38 -9 -13 -24 42 -42 -34 46 -27 -3 -48 49 -25 -44 52 -6 -7 -22 56 57 -39 -59 60 -58 -57
right_child=1 2 9 4 19 10 7 22 23 -11 11 39 -14 -15 36 -17 -18 -19 -20 -21 54 -23 40 48 -26 45 27 -29 29 30 -32 33 34 -35 -36 -37 -38 55 -40 -41 41 -43 50 -45 -46 -47 47 -49 -50 -51 -52 -53 -54 -55 -56 61 59 58 -60 -61 -62 -63
leaf_value=-0.077217390195423521 -0.069819326027699677 -0.0029769581778633469 0.0035540209338707153 0.059996803948146472 0.052101646559031059 0.13154158009199551 -0.069270285128165049 -0.0070584289568691831 0.077027002732830377 0.075141920978575402 0.74933082181665589 -0.026968281560393208 0.10651278275788105 0.12119672208288033 -0.066950661097882835 0.61792726599536008 0.2129746929619174 6.700617722020616 -0.069410381869384072 0.048642706774144201 0.13171489913684725 0.046960918456097983 0.0098314959074293443 -0.022751076929009018 -0.012063967675769815 -0.013091549766988897 0.025584213391756098 0.070795647010086601 -0.028704845313219231 -0.021524424210958588 0.070356530784929164 -0.052744791632858758 -0.049180446610436593 -0.1572301416495471 -0.059088876070751938 0.02024844411164875 -0.0055320167385178335 0.0030118967027414683 -0.064830475869336282 0.070260416213607776 0.029319220431061492 0.071004160900812047 -0.038539058106622399 0.090162181436166777 -0.05693071817043973 0.039337004767610873 0.085251936833709505 0.018191214487716816 0.0073726192436343518 0.087211120132866318 -0.24458416376894479 0.0064469042123684282 -0.05199206921200189 -0.02339032088331339 -0.014633753517774904 -0.016632340229049827 0.028565574028424332 0.064263094552975741 0.017110728646389163 0.008813534790983164 -0.017283889897056755 -0.00013525266194109806
leaf_weight=4189.1669750075089 1253.7902700090781 299.32396410225192 492.29022212186828 1068.1509609069326 366.5548824769794 28.882046800164972 612.634729762387 951.0585150711122 437.24074992467649 1007.6171522163786 0.19252310483716728 125.54312165686861 18.689287283516023 2.3088359613902867 157.52613710879814 2.0355364078423008 0.53667724161641672 0.20056064112577587 425.27786096587079 421.85851092869416 23.129421687684953 335.59410551004112 2428.7663121457445 62.862364428292494 1643.663169067353 217.60947538365144 777.97041052207351 471.07547573372722 213.23496149654966 758.61777628882555 102.66186234925408 229.71770218678284 24.476763372076675 65.064748798147775 30.666971412487328 1389.6249211227987 412.42640936182579 945.38248413486872 257.27404887846205 70.863613869936671 87.212383392266929 281.53892185911536 25.841710233129561 185.79714987467742 59.101111459196545 441.21927878446877 278.10982931766193 614.62057862558868 362.62800775258802 182.41228081512963 13.645124260336159 1313.3937246300629 43.49637436424382 31.789599341514986 60.262608068587724 2107.680216863635 281.0381361983018 489.68632453586906 1002.9110890777083 1888.4858922815183 2155.2627144802245 7652.9635403787252
leaf_count=6174519 1600622 10968 4658 35047 6845 5576 269747 131364 14020 52193 92 62666 411 858 99785 75 122 115 415146 8333 2590 5771 37899 3358 14087 4770 10679 23014 4807 60016 3275 16110 5448 675 397 28537 60593 49812 116337 12286 2160 12822 554 5700 921 11100 4552 13865 12304 3942 162 25559 966 13200 6277 122424 2468 10269 9111 20786 23135 60884
internal_value=-0.002997 0.00588612 0.00904588 0.00578013 0.0205669 -0.0701086 0.00252251 -0.000882469 0.016194 0.0475518 -0.0279464 0.0305121 0.214107 0.595373 -0.0550334 0.964576 1.7235 3.78582 -0.0544564 0.0101235 -0.0578609 0.00573491 0.00104563 0.0486355 0.00162599 0.045509 0.0315869 0.0426356 0.00821799 0.00143355 -0.0126817 -0.019268 -0.00259393 -0.0758069 0.0570099 0.013736 -0.0225072 -0.00116093 -0.0193591 0.00811186 0.014837 0.0446165 -0.0140198 0.0739421 0.0244848 0.02202 0.0285214 0.0390825 0.0282146 0.0590285 -0.10974 0.0146822 0.0410599 0.0503632 0.0259572 0.000169873 0.00575173 0.0211145 0.0325803 -0.0029086 -0.011995 -0.00369758
internal_weight=41880.7 36985.2 35161.4 32412.5 5851.54 4895.49 26560.9 21264.8 5296.16 2748.95 706.32 220.37 23.9634 5.27413 1823.74 2.9653 0.929761 0.393084 485.95 4124.56 696.027 3702.7 20568.7 1045.14 3367.11 1726.98 1741.34 1249.05 4251.02 2999.86 1397 1294.34 999.559 294.782 240.941 1602.86 569.953 17731.7 1208.33 196.407 2837 408.238 126.699 210.274 1251.16 658.829 1192.05 892.73 607.903 245.275 39.4868 1723.44 410.051 60.6716 83.392 16523.4 6762.77 2437.98 1492.6 4324.79 2436.3 9760.64
internal_count=9716784 3031718 1270718 1180174 112478 6685066 1067696 878801 188895 90544 510547 76625 1673 1262 1761000 404 329 207 433922 61561 278614 53228 600187 33624 47457 50917 38351 33693 155271 124965 91621 88346 71561 16785 11545 33344 160378 546590 247701 74952 53597 15698 2876 11148 30306 15870 29385 18417 19604 7300 716 33370 7811 18776 8867 298889 115581 69192 19380 46389 25603 183308
is_linear=0
shrinkage=0.08


Tree=50
num_leaves=63
num_cat=0
split_feature=17 10 1 12 12 10 0 17 10 7 10 11 15 6 11 15 1 11 0 11 10 15 11 1 15 1 10 0 10 0 9 11 9 11 9 1 1 4 1 0 11 9 9 0 15 9 10 9 9 11 15 9 9 9 1 15 1 11 9 9 1 0
split_gain=3685.77 852.813 608.294 309.074 264.602 259.1 234.842 227.067 194.348 123.814 114.447 101.194 106.224 98.1824 94.2033 99.6464 200.697 137.835 112.044 102.304 86.8752 76.5851 72.7674 71.6952 69.7823 67.0071 143.307 91.3328 185.991 66.5832 58.6019 58.0285 57.9496 87.4623 56.5294 99.5086 78.0812 56.4616 52.0193 71.2222 53.049 135.934 92.625 91.0836 51.8215 51.6761 78.8156 51.5981 50.1049 49.9032 49.6566 49.1267 56.5005 47.0188 93.3765 46.7527 46.691 98.4095 107.684 48.821 45.4524 44.9081
threshold=0.88549223542213451 0.52342718839645397 0.98542153835296642 1.0000000180025095e-35 1.0000000180025095e-35 0.81585493683815014 0.91171297430992138 0.5780121684074403 0.99802371859550487 1.0000000180025095e-35 0.97375312447547924 0.49770641326904302 1.5000000000000002 1.0000000180025095e-35 0.86240702867507946 2.5000000000000004 0.62582537531852733 0.42644809186458593 0.55393069982528698 0.49770641326904302 0.96196502447128307 2.5000000000000004 0.56294015049934398 0.47953280806541448 6.5000000000000009 0.025850439444184307 0.89198908209800731 0.67949557304382335 0.97845596075057995 0.86439567804336559 0.55941176414489757 0.71834933757781994 0.47690120339393621 0.50944742560386669 0.51668518781661998 0.34287512302398687 0.12188356369733812 1.0000000180025095e-35 0.72628778219223034 0.78524649143219005 0.64549732208251964 0.71516755223274242 0.68801230192184459 0.67949557304382335 4.5000000000000009 0.7320508360862733 0.82437592744827282 0.84292763471603405 0.68208554387092601 0.94665718078613292 1.5000000000000002 0.64565756916999828 0.88493067026138317 0.96178188920021068 0.8482024371623994 3.5000000000000004 0.24149302393198016 0.78629973530769359 0.86295148730278026 0.92031747102737438 0.26711896061897283 0.48453648388385778
decision_type=2 2 2 2 2 2 2 2 2 2 2 2 2 2 2 2 2 2 2 2 2 2 2 2 2 2 2 2 2 2 2 2 2 2 2 2 2 2 2 2 2 2 2 2 2 2 2 2 2 2 2 2 2 2 2 2 2 2 2 2 2 2
left_child=5 13 4 10 9 -1 14 -7 20 22 29 12 -9 -2 15 16 18 30 19 -6 -8 -13 -3 -22 32 26 31 28 34 55 -17 -11 33 -19 35 -27 -36 47 39 40 41 -34 -42 -43 -28 46 -21 -15 -23 -24 -29 -40 -53 -16 -55 -4 57 -44 -59 -58 -26 -50
right_child=1 2 3 -5 6 7 8 11 -10 25 -12 21 -14 37 53 17 -18 24 -20 45 23 48 49 -25 60 27 44 50 -30 -31 -32 -33 38 -35 36 -37 -38 -39 51 -41 42 43 56 -45 -46 -47 -48 -49 61 -51 -52 52 -54 54 -56 -57 59 58 -60 -61 -62 -63
leaf_value=-0.076653493080481902 -0.069477135868867668 -0.058636321779027584 0.023672802042857023 0.077055477916426474 0.021175934852273478 -0.075900602589146035 0.042105177185360478 0.051643399234829065 0.069133851577575817 -0.051827715992630106 0.075462691180293112 0.13972871757343874 -0.064476537016516386 -0.069167790121388906 0.03943087249331894 -0.064011070761668856 0.07925044511068817 -0.015473876709720313 -0.0025402997101084198 0.29189269703507431 0.051015476932548147 -0.035592691972187306 -0.017212096033656882 -0.0076740004246113073 -0.077810199537613534 -0.0011702259135061553 0.0050296612362567116 0.091699892564493291 0.053085218028913632 0.062117532554683275 0.047450401368690727 0.013734585952977937 -0.032889302119251507 0.07310827768295583 0.043038288691954599 0.12125614772255103 0.002900876855154669 0.25004120933814894 0.096210860946692234 0.018841419632603267 0.033731004259818356 0.05952148123216331 -0.0082440549261852351 -0.026145744138491349 -0.038603621587387012 -0.0031529689787843942 0.092353338853578826 -0.0090243340386409483 0.085962449186153714 0.065937487815723894 -0.0024415253140787655 -0.050054495527510262 -0.0061964677299059731 -0.02443188459735094 0.046656255862676688 -0.010991689213517914 -0.026907143873340866 0.06161125977646198 -0.14053642886306658 0.015362665382759098 0.065002849519034817 0.0011047274767215555
leaf_weight=3985.5742444930947 958.62488552421564 288.5145432560239 434.46830672991928 1148.4724027519696 705.01884431648068 382.91408828087151 673.88433575816453 70.354004173714202 808.65433938521892 575.29004848410841 207.71166918147355 41.093464645731729 177.92863017332274 129.85997210768983 915.65410100884037 267.87009787361603 319.31744006689405 120.38401442911709 1393.059300770401 14.269759749586227 165.17233174946159 69.473215041100048 1134.9179470051313 688.49757409095764 15.602639806107616 98.989627432194538 1763.9138366032857 36.013472930528224 596.74774582858663 142.91864031553268 34.022855577291921 101.66898639203282 856.95560159540037 175.08764527720632 327.83716745814309 74.445301790197846 5762.4923564879573 4.7632774454541496 23.801658896962181 1447.4222998786718 543.41103665996343 209.573932665342 644.9763040280086 127.91102415742353 193.2917591080768 29.271639873331878 112.91889893170446 307.3931755030062 84.254472749482375 48.154297386179678 8347.9440563442186 277.08436290099053 584.6495238848147 255.83120870147832 219.9058445210685 583.34911067807116 703.7017152995686 261.60137208976084 18.027566926670261 232.70265640143771 166.0742174606421 75.842437061946839
leaf_count=6341557 1298892 117092 16028 65281 27121 406015 6893 8593 36922 216275 10395 1470 143792 84545 20814 83864 10260 13714 14598 509 1547 39244 191519 7120 1105 15735 65685 416 6483 6538 1321 1865 41386 2978 9718 2565 139366 101 222 17578 6894 3330 7155 1348 19777 545 880 47719 9309 2343 71719 1912 5878 4812 5134 22551 7167 3779 184 2997 4917 4777
internal_value=-0.00267293 0.00611291 0.00857079 0.0464542 0.0056245 -0.0678914 0.0144458 -0.0291693 0.0374206 -0.000307485 0.0207719 0.00531231 -0.0315725 -0.0550945 0.00941829 0.00650921 0.0198916 0.00137658 0.0114844 0.0341631 0.0206322 0.0391471 -0.0226127 0.00368153 0.00386495 0.00152845 -0.0102535 0.00356432 0.0104096 0.0109851 -0.0514495 -0.0419813 0.00243911 0.0370173 0.00634394 0.0513801 0.00506144 -0.0239021 0.000716729 0.00385504 -0.00217232 -0.0159529 0.00467346 0.0270525 0.00072048 0.0926841 0.11474 -0.0268864 0.0211429 -0.0138277 -0.00203714 -0.0171671 -0.0202987 0.0288306 0.00842807 0.00380529 -0.00381128 0.00894094 0.0485789 -0.0164028 0.0527379 0.0457629
internal_weight=41167.5 36280.1 34879.5 2516.92 32362.5 4887.43 13012.3 901.86 2336.21 19350.2 1368.45 518.946 248.283 1400.64 10676.1 9284.72 2573.86 6710.86 2254.54 861.479 1527.55 270.664 1471.59 853.67 6408.97 17878.6 2634.16 15244.5 6860.51 1160.74 301.893 676.959 6227.29 295.472 6263.76 173.435 6090.33 442.016 5931.82 5046.28 3598.86 1194.44 2404.42 337.485 1957.21 156.46 127.189 437.253 229.57 1183.07 8383.96 885.536 861.734 1391.39 475.737 1017.82 1861.01 924.605 279.629 936.404 181.677 160.097
internal_count=9712249 2757492 1326235 120793 1205442 6954757 344884 613200 52482 860558 55512 207185 152385 1431257 292402 261642 53913 207729 43653 29055 15560 54800 310954 8667 122544 549604 303602 246002 173867 45117 85185 218140 116522 16692 167384 18300 149084 132365 99830 91818 74240 46064 28176 4678 85462 1934 1389 132264 53330 193862 72135 8012 7790 30760 9946 38579 21282 11118 3963 10164 6022 14086
is_linear=0
shrinkage=0.08


Tree=51
num_leaves=63
num_cat=0
split_feature=17 10 0 10 11 15 11 14 15 1 11 14 15 9 14 1 17 14 9 15 0 15 3 9 1 15 14 14 11 3 9 11 3 1 11 9 1 16 1 13 11 1 9 11 3 16 10 1 10 9 12 16 11 11 0 9 13 1 11 9 1 1
split_gain=3361.69 771.386 542.728 259.844 209.547 193.93 258.137 206.903 369.284 471.092 197.022 193.858 234.45 349.468 328.443 191.616 190.005 187.899 277.651 234.669 184.427 180.848 176.674 175.06 203.743 163.848 158.795 149.971 145.088 132.346 131.4 176.574 167.188 116.125 208.5 214.442 170.176 116.054 114.52 113.955 175.063 163.318 108.789 158.25 103.584 100.446 156.744 98.622 95.2586 95.2161 93.8178 88.6979 85.0898 83.5658 79.9327 79.1447 74.2094 74.1285 73.1048 72.8746 71.8735 70.3549
threshold=0.8813900649547578 0.52342718839645397 0.96347683668136608 0.84384033083915722 0.92403846979141246 3.5000000000000004 0.50944742560386669 3.5000000000000004 2.5000000000000004 0.54511049389839183 0.87895435094833385 3.5000000000000004 4.5000000000000009 0.95419579744339 4.5000000000000009 0.98542153835296642 0.59648612141609203 4.5000000000000009 0.80229884386062633 5.5000000000000009 0.82525211572647106 4.5000000000000009 1.0000000180025095e-35 0.96178188920021068 0.28347317874431616 5.5000000000000009 4.5000000000000009 4.5000000000000009 0.56294015049934398 1.0000000180025095e-35 0.99350652098655712 0.84074440598487865 1.0000000180025095e-35 0.73727309703826915 0.82167318463325512 0.83438819646835338 0.96483230590820324 4.5000000000000009 0.16019116342067721 1.0000000180025095e-35 0.39767442643642431 0.039196547120809562 0.61257407069206249 0.75147059559822094 1.0000000180025095e-35 6.5000000000000009 0.97375312447547924 0.91870170831680309 0.99802371859550487 0.64051279425621044 1.0000000180025095e-35 7.5000000000000009 0.81872946023941051 0.79784947633743297 0.55393069982528698 0.93908470869064342 1.0000000180025095e-35 0.98542153835296642 0.81284341216087352 0.47478812932968145 0.38854296505451208 0.98542153835296642
decision_type=2 2 2 2 2 2 2 2 2 2 2 2 2 2 2 2 2 2 2 2 2 2 2 2 2 2 2 2 2 2 2 2 2 2 2 2 2 2 2 2 2 2 2 2 2 2 2 2 2 2 2 2 2 2 2 2 2 2 2 2 2 2
left_child=3 37 4 -1 5 7 49 39 28 -10 22 21 13 14 33 48 -5 18 -14 23 56 38 42 24 -19 30 -15 -24 -9 -30 31 -20 60 59 35 -35 -36 -2 -8 40 -3 -42 -11 -44 -21 46 -41 53 -4 -7 -50 -28 54 -23 -43 -45 -6 -53 -47 -13 -32 -40
right_child=1 2 15 16 20 6 11 8 9 10 -12 12 17 26 -16 -17 -18 19 25 44 -22 47 27 -25 -26 -27 51 -29 29 -31 32 -33 -34 34 36 -37 -38 -39 61 45 41 52 43 55 -46 58 -48 -49 50 -51 -52 57 -54 -55 -56 -57 -58 -59 -60 -61 -62 -63
leaf_value=-0.07590464690494203 0.021610267291735191 -0.0022475156053284994 0.017544886149644223 -0.0725247854384415 0.038075746948803155 -0.058143212938960728 -0.092231187884774204 0.0053054461954530688 -0.084899162574028075 0.11937489537927398 0.080901797022195229 0.074196584995546155 -0.073186782694400099 0.090110309097303137 -0.074562416555711913 0.078394642024032346 0.0093875150901891399 0.056190639409945564 -0.024495015229769272 -0.037213740744921911 0.063182639953817316 0.014644363713823785 -0.10098608271089729 0.10349393811068787 -0.0064227784350867258 0.028703532346138993 0.060091819491294711 0.070872257836232605 0.065094438441649388 -0.035232156543567948 0.050901162782126308 0.048437856376579207 0.03961285395251761 -0.073907156886908409 -0.06925620273421379 0.044048609737242769 0.047917053851275274 -0.061263318367809731 -0.022827580423045543 -0.015302392401697274 0.087233891450477302 0.054664358162305728 -0.047735359437029626 -0.027392344864668915 0.06302549823619516 0.011900489206906881 0.065491116882745684 -0.1052225693786592 -0.021278544149985253 0.0050739368769273383 0.070810505042996671 -0.13986133755257185 0.057936225109222583 0.096140900658646736 0.0095509063739684947 0.060624653412846501 0.007116567628560411 0.028315415539844364 0.041753451118190579 0.013976912695802507 -0.06221797612015257 -0.17691321163599202
leaf_weight=3781.1296392637305 118.69303982355632 760.46648862195434 1259.1254891594872 307.91908768960275 667.55156889243517 693.29308862960897 172.02375822653994 1855.5746513246559 655.00128072418738 51.848661477793939 168.43824352143565 131.36712825798895 560.55064515845152 500.23584582848707 299.04565573943546 725.06049644714221 440.52262719976716 522.11745659192093 662.15551061823498 718.58215916261543 635.6939662816003 433.49085691676009 197.3465888070059 164.2022973903222 916.33972770749824 527.91288735624403 63.350965482182801 38.903535248013213 540.50416462874273 99.668470152071677 37.723496303253341 312.81876168475719 134.10574213514337 124.08968972769799 446.38822400860954 480.95292209042236 96.470489391067531 1216.9579612957896 2026.996008184331 1317.0395264123799 418.38982668431709 336.3861641389085 262.08685286494438 90.933967050979845 72.648289092583582 1908.5866312892758 173.98142418870702 37.039054720487911 83.109596502035856 195.47562753444072 478.13200201001018 40.883899086911697 568.17865960369818 98.895728629780933 994.41113483789377 232.70022920373594 1922.7969215127523 28.443793126032688 724.19176986895036 6130.9576527838944 763.855225691339 19.143981219967827
leaf_count=6438297 71150 28185 13123 336268 21538 259810 9185 83935 101181 2851 3386 4303 47831 6561 25173 49203 153369 10278 14121 14853 23614 21499 4924 1637 16038 10899 1087 963 20804 6348 475 3919 1360 3982 9623 6432 3526 1380653 51593 50628 6999 7026 12274 4227 1006 77691 1926 591 1369 14519 26961 688 14560 1508 15818 7783 38163 1199 11618 144281 10817 996
internal_value=-0.0024346 0.00575663 0.00806097 -0.0673798 0.00523563 0.00307028 -0.0022398 0.0111843 -0.00294351 -0.031733 0.00167902 1.93701e-05 0.00392317 0.0123269 0.00763534 0.0436156 -0.0243123 -0.0090762 -0.0224173 0.00763785 0.0245707 -0.0192157 -0.013592 0.0252372 0.016304 -0.010747 0.0694732 -0.072686 0.0166351 0.0494746 -0.0216471 -0.00109463 -0.0430626 0.0109525 -0.0124387 0.0198568 -0.0484335 -0.0538987 -0.0295398 0.01941 0.0310584 0.0419881 0.00830512 -0.00152689 -0.0280101 0.0107161 -0.00587491 0.0210015 0.029763 -0.0442392 0.0571738 -0.00833445 0.0320194 0.0297831 0.0209543 0.0358938 0.015095 -0.0708617 0.0201121 0.0152402 -0.0568944 -0.0242692
internal_weight=40442.9 35913.3 34577.7 4529.57 32032.2 28806.2 17411.6 11394.6 4193.01 1697.26 1042.26 16522.8 13735.2 8342.19 7709.27 2545.43 748.442 5393.01 2999.12 2393.89 3226.04 2787.59 873.82 1602.66 1438.46 2438.57 632.915 236.25 2495.75 640.173 1910.66 974.974 935.684 7410.23 1147.9 605.043 542.859 1335.65 2218.16 7201.63 3077.83 2317.37 637.57 585.721 791.23 4123.8 1491.02 569.426 1820.37 888.769 561.242 132.679 1898.98 532.387 1330.8 323.634 2590.35 69.3277 2632.78 6262.32 801.579 2046.14
internal_count=9716625 2788691 1336888 6927934 1246232 1162917 699790 463127 248676 137589 36408 425461 340089 206855 197320 90656 489637 133234 89422 43812 83315 85372 33022 27953 26316 41591 9535 5887 111087 27152 30692 18040 12652 172147 23563 10414 13149 1451803 61774 214451 72588 44403 27135 24284 15859 141863 52554 23598 41453 274329 28330 2974 37404 23007 22844 12010 59701 1887 89309 148584 11292 52589
is_linear=0
shrinkage=0.08


Tree=52
num_leaves=63
num_cat=0
split_feature=17 10 1 12 10 9 10 17 6 1 10 16 1 9 10 11 2 15 0 9 11 2 15 11 11 9 9 11 9 9 1 11 9 9 9 9 15 11 9 16 8 15 11 11 9 0 15 9 8 9 11 1 9 1 9 15 12 13 15 8 0 0
split_gain=3046.22 773.827 525.249 281.991 217.462 248.621 159.075 127.314 123.272 95.2438 173.236 212.813 108.982 127.371 94.5929 92.076 91.9311 89.8023 89.292 89.1104 171.827 96.8874 93.2817 87.9704 91.1262 131.807 130.937 94.1795 331.9 97.1084 106.124 86.0557 184.868 133.013 122.716 85.8096 104.764 84.6731 85.1094 80.4593 79.9251 93.4714 79.3729 76.4077 81.1983 75.9133 72.538 72.2241 71.3848 77.4442 69.5595 68.2756 67.5565 63.3014 62.5189 60.2727 59.5966 103.133 59.4746 59.132 59.0539 58.7645
threshold=0.83641386032104503 0.52342718839645397 0.98542153835296642 1.0000000180025095e-35 0.99802371859550487 0.91024166345596325 0.88255575299263012 0.56261882185935985 1.0000000180025095e-35 1.0000000180025095e-35 0.89198908209800731 10.500000000000002 0.12188356369733812 0.44033896923065191 0.97845596075057995 0.73375529050827037 1.0000000180025095e-35 1.5000000000000002 0.080401308834552779 0.84660631418228161 0.80735492706298839 1.5000000000000002 1.5000000000000002 0.75147059559822094 0.86582550406456005 0.88273489475250255 0.90070420503616344 0.84889996051788341 0.86706823110580455 0.86706823110580455 0.41284884512424475 0.70299971103668224 0.80901721119880687 0.65345367789268505 0.76253134012222301 0.5673658847808839 3.5000000000000004 0.77836257219314586 0.77459678053855907 10.500000000000002 1.0000000180025095e-35 2.5000000000000004 0.72046515345573436 0.88589513301849376 0.93788582086563121 0.82525211572647106 3.5000000000000004 0.8589511811733247 1.0000000180025095e-35 0.76253134012222301 0.83424910902977001 0.671605944633484 0.90366768836975109 0.90892329812049877 0.99350652098655712 4.5000000000000009 1.0000000180025095e-35 1.0000000180025095e-35 5.5000000000000009 1.0000000180025095e-35 0.91171297430992138 0.55393069982528698
decision_type=2 2 2 2 2 2 2 2 2 2 2 2 2 2 2 2 2 2 2 2 2 2 2 2 2 2 2 2 2 2 2 2 2 2 2 2 2 2 2 2 2 2 2 2 2 2 2 2 2 2 2 2 2 2 2 2 2 2 2 2 2 2
left_child=6 8 4 14 9 15 -1 -8 -2 10 11 17 -11 18 -4 60 39 -3 -14 20 22 23 -15 -21 26 -26 27 29 -29 -25 -31 34 33 -33 51 -19 -37 38 -35 -7 -17 -42 -34 44 -27 55 -32 -43 -22 -50 54 -24 -45 -48 -28 -12 57 -41 -54 -39 61 -6
right_child=1 2 3 -5 5 16 7 -9 -10 12 45 -13 13 19 -16 40 -18 35 -20 21 48 -23 31 24 25 43 50 28 -30 30 46 32 42 37 -36 36 -38 59 -40 56 41 47 -44 52 -46 -47 53 -49 49 -51 -52 -53 58 -55 -56 -57 -58 -59 -60 -61 -62 -63
leaf_value=-0.075456188466335936 -0.069736539437393649 0.074335646870902453 0.011550214480475477 0.075708321132728185 0.016814060541767293 0.054760236272965931 -0.074888328425525841 0.010427563685193202 -0.017767588429152902 0.024595822621125838 0.00063146494484664947 -0.065808700324179556 -0.0383280696712959 0.091271512687507869 0.076375600688314865 0.049675661077760037 0.064505971825339167 -0.046532604991549549 0.097826480138590743 0.014819686490838278 0.048592940585917503 0.054126009157370696 -0.022858596795215669 -0.070340067385011168 0.050331758075239021 -0.056139276805868436 0.031707454073162826 0.045578978157933499 -0.097433476123389456 -0.096554152635990168 -0.064120928887239761 0.059607039341145383 -0.0077854125447041483 -0.019897990526130473 0.01654894820576942 0.13893365893226883 -0.0020266201341577442 0.035043855445606627 -0.075063340509130091 -0.24445681137983385 0.058285635927279873 -0.076843111025310828 -0.083588644313914995 0.038993274973606218 -0.0026748985594760959 0.036954922457872741 -0.0053839609806081616 0.008125033381198573 0.06725145739151063 -0.0087012300907415348 -0.014980503367715888 0.023070068348403038 0.0085779164882313855 0.083903336788101537 0.0015421267109979953 -0.041022971770503791 0.035101069880477287 -0.020508841793077822 -0.026224894639508233 -0.025102783212048823 0.046371839294971309 -0.0062295896347775393
leaf_weight=3457.0445088192355 962.01573934953194 86.268174631870352 1165.3327485261252 1005.461756452336 1019.3894249775913 239.83538759313524 192.84344306535786 266.83715634775581 419.49753783171764 1452.3395719457185 2289.3648552587838 660.6088650978636 39.29619410604937 54.771864140522666 164.38317764084786 589.01823760289699 848.83047136012465 267.12272519024555 143.02944041491719 3536.08693643898 423.95658521045698 250.59931525075808 1670.7545157172135 407.07334745739354 423.80772832588991 246.0868063083617 592.75202720222296 346.62984632339794 148.28834177897079 102.58894442790188 120.50741768657463 148.53257902222686 112.64547902933555 785.63930814451305 1083.6077385892277 38.363063421391416 280.27483465883415 250.03935440693749 231.79759837681195 14.571510154753922 134.85244386643171 101.00235019251704 410.81820412230445 421.50146429752931 695.94552773749456 337.86008873209357 427.66743903374299 174.8823520001024 105.29813601140631 466.80971322371624 1121.0713383249822 236.46455825731391 3125.812517343089 57.670273389900103 1703.1851808965439 246.23112987115746 110.88671947643161 135.94951031263918 349.38093146251049 179.86283605580684 192.50446311756968 2320.5453670616262
leaf_count=6272842 1520335 9290 47374 65307 21002 8533 221631 101709 140770 41578 100406 259047 11504 2972 9387 13879 46759 148260 5302 76938 4347 5736 182274 8494 6069 4495 9886 6209 2649 1864 3812 4786 2945 27705 39378 3083 20439 2693 9189 167 5214 2331 12101 5736 8593 3073 8138 5398 3370 13356 16271 16480 41445 536 24494 29223 4232 2471 3099 7400 4119 27814
internal_value=-0.00260558 0.00474668 0.00711136 0.0437382 0.00443525 0.0183297 -0.0695772 -0.0253638 -0.0539561 0.0013012 -0.00972373 -0.0335643 0.00342132 0.00191532 0.0195641 0.00935314 0.0484641 -0.00186779 0.0684814 0.00131561 -0.00670853 0.00482757 -0.0125756 0.00393403 0.000193238 0.00755158 -0.00750921 -0.0263154 0.00272931 -0.0392017 -0.0213093 -0.0136887 -0.0260214 -0.0124893 -0.00494956 -0.0130907 0.0149446 -0.0198881 -0.032466 0.0212979 0.030787 0.00369957 -0.0672764 0.00380461 -0.0166414 0.00133293 -0.00856797 -0.0229821 0.0237143 0.00527809 0.0013541 -0.0171642 0.00874747 0.00522561 0.00933004 -0.00341359 -0.00940305 -0.0421886 0.00507899 0.00987965 0.00328691 0.000803618
internal_weight=39594.1 35677.4 34295.9 2335.18 31960.7 5882.27 3916.73 459.681 1381.51 26078.4 4206.09 1332.64 21872.3 20420 1329.72 4532.19 1350.07 672.029 182.326 20237.7 6161 14076.7 5164.93 13826.1 10290 5262.53 5027.43 1610.43 494.918 1115.51 708.434 5110.16 2119.34 1595.87 2990.83 585.761 318.638 1447.34 1017.44 501.243 999.755 410.737 523.464 4838.73 942.032 2873.46 605.845 275.885 996.064 572.108 3417.01 1907.22 3896.69 485.338 2295.94 2535.6 261.408 150.521 3475.19 429.902 3532.44 3339.93
internal_count=9715939 3119757 1458652 122068 1336584 141919 6596182 323340 1661105 1194665 572821 440119 621844 580266 56761 79757 62162 181072 16806 563460 328996 234464 307923 228728 151790 69437 82353 31702 8858 22844 14350 304951 66819 51773 238132 171782 23522 46987 36894 15403 26822 12943 15046 63368 13088 132702 12486 7729 21073 16726 50651 198754 50280 8674 34380 129629 6870 2638 44544 10093 52935 48816
is_linear=0
shrinkage=0.08


Tree=53
num_leaves=63
num_cat=0
split_feature=17 10 1 12 10 9 6 12 10 17 16 0 13 10 11 10 10 10 11 16 8 15 9 11 15 9 13 16 14 15 10 0 1 0 9 9 11 9 9 11 11 1 9 16 0 0 0 12 1 9 9 10 1 15 11 16 0 15 14 15 15 14
split_gain=2817.68 783.643 465.313 277.099 191.721 233.03 163.099 118.655 117.819 113.831 96.7009 284.473 239.306 261.599 169.957 162.379 94.0867 91.5724 90.4234 84.4681 79.5016 76.4347 76.2682 76.0957 75.4032 82.2444 75.0342 73.5695 71.4532 108.345 66.1267 90.6491 77.3847 64.2188 79.0583 64.0257 107.69 67.5599 81.0851 129.196 97.9263 145.996 86.884 60.8022 136.081 83.3894 61.2739 77.132 93.4449 59.9574 58.8143 58.0719 63.7112 57.9804 54.4213 54.2225 53.9628 53.0804 52.7571 150.559 52.5583 160.421
threshold=0.80843728780746471 0.55255886912345897 0.98542153835296642 1.0000000180025095e-35 0.99802371859550487 0.98484501242637645 1.0000000180025095e-35 1.0000000180025095e-35 0.84384033083915722 0.59648612141609203 9.5000000000000018 0.5936623513698579 1.0000000180025095e-35 0.97845596075057995 0.62316370010375988 0.90952175855636608 0.97845596075057995 0.65393730998039257 0.78629973530769359 8.5000000000000018 1.0000000180025095e-35 3.5000000000000004 0.82807880640029918 0.90443575382232677 3.5000000000000004 0.69804355502128612 1.0000000180025095e-35 7.5000000000000009 3.5000000000000004 2.5000000000000004 0.98369517922401439 0.91171297430992138 0.40700641274452215 0.64604702591896068 0.95803993940353405 0.96590471267700206 0.82413583993911754 0.92031747102737438 0.82446309924125682 0.78086891770362865 0.74849396944046032 0.31425701081752783 0.87585616111755382 6.5000000000000009 0.86439567804336559 0.48453648388385778 0.67949557304382335 1.0000000180025095e-35 0.063256356865167632 0.51668518781661998 0.93582704663276683 0.89672946929931652 0.33734884858131414 2.5000000000000004 0.61938297748565685 9.5000000000000018 0.86439567804336559 2.5000000000000004 2.5000000000000004 3.5000000000000004 4.5000000000000009 4.5000000000000009
decision_type=2 2 2 2 2 2 2 2 2 2 2 2 2 2 2 2 2 2 2 2 2 2 2 2 2 2 2 2 2 2 2 2 2 2 2 2 2 2 2 2 2 2 2 2 2 2 2 2 2 2 2 2 2 2 2 2 2 2 2 2 2 2
left_child=8 6 4 16 10 18 -2 19 -1 -10 12 14 21 15 51 27 56 -16 43 -7 -20 28 -8 -23 25 -19 -21 -14 -3 -30 31 35 -33 -17 -35 36 37 38 39 49 -40 -42 -43 44 46 -45 -6 -48 -49 -13 -31 -12 -53 -34 57 -24 -4 -11 -36 -60 -47 -62
right_child=1 2 3 -5 5 7 22 -9 9 54 11 30 13 -15 17 33 -18 24 20 26 -22 23 55 -25 -26 -27 -28 -29 29 50 -32 32 53 34 58 -37 -38 -39 40 -41 41 42 -44 45 -46 60 47 48 -50 -51 -52 52 -54 -55 -56 -57 -58 -59 59 -61 61 -63
leaf_value=-0.077128479337206277 -0.067817674691606059 0.051233898477057158 0.0033266185012468408 0.075591067716566512 -0.01009797926705127 0.071605603174919402 -0.063588162553337338 0.07140275671433291 -0.07179389349575141 0.030447156864829145 -0.063227102989594941 0.021528366600398318 1.5369190521648684e-05 0.055269071478980962 -0.070814100429687638 -0.0049464568008710224 0.076869335853387857 0.081096946559758076 0.059127512789613375 -0.1672078032556423 0.012412907265570823 0.0098871095102154444 0.017058720009260717 0.056794051467902874 -0.013046250683991059 0.0025696096530484556 -0.0066125979477714659 0.024323884837251293 0.045434650573516588 -0.063181325747637296 -0.016733296529520835 0.061061841500162493 0.076929399814192764 -0.043219297721398195 -0.042951967749215066 -0.012889225907747633 0.025246297206642874 0.056912469490241133 -0.00052975675867889969 0.044929761260592053 -0.14129367299679341 -0.061464453368918037 0.011518125892538934 0.049493513585613096 0.08564387487069848 0.010284360700139333 0.079657243737938005 -0.021451832545310825 -0.14712854925567953 -0.007879353170574711 0.029968968883218584 -0.037819247453991692 0.047005101851350969 0.011027248662169484 0.056402713479346771 -0.066365398692823888 0.056716223902533114 -0.061194153070734947 0.081961177021918796 -0.01521351779381333 -0.090464409223648568 0.039839294462609649
leaf_weight=2970.0999658333021 1085.2211989963835 926.28920883336104 970.18788414722076 934.36231444551959 818.90583168610465 81.337579830549657 144.02668795367936 684.94653657916933 269.91511192027247 69.234782611951232 662.21146097240853 549.75613217870705 2707.5399250232149 499.16675504797604 141.10429889251827 1788.9088509962312 153.25324312970042 122.80722336686449 414.57495781965554 21.653421046212316 532.81378357950598 2130.5569577815186 331.81766727840295 247.00436172637274 1315.3899465569993 279.91489861800801 132.90250379126519 1129.1174597977079 274.04830688092625 131.44940979636158 972.53594261826947 250.98803935339674 89.410129304975271 914.84049587277696 267.75067806616426 1671.6821621670388 1292.8732385910116 125.83540724986233 674.28972723818151 428.037156386883 87.149552062386647 224.34402803331614 195.25412678648718 326.36608810955659 86.04380202293396 2282.071233933093 21.404511817730963 77.851923141162843 73.716765815392137 2300.2741959671257 64.74859271349851 539.08654456876684 63.32727745664306 1924.242873640731 82.36886382807279 58.680821361660492 138.45061802212149 97.299633698014077 117.42622904106975 778.9115566983819 127.94416639837436 114.65648340899497
leaf_count=5937240 1817389 30345 28989 65364 18535 3095 109793 42191 336761 20647 335029 27868 194088 4611 68922 39245 9440 2377 12009 317 19342 74932 47019 4816 37128 4759 2456 73279 12525 12597 8418 2083 2139 8869 2195 14105 10633 776 3995 3078 495 1618 1130 5571 2293 29046 385 1016 1572 24553 1341 54230 677 14753 9651 13781 7230 83921 960 7650 3010 1851
internal_value=-0.00238252 0.00435933 0.00695809 0.0425678 0.00448983 0.0176402 -0.0500014 0.05455 -0.0709841 -0.0358094 0.00154506 -0.00299195 0.00681417 -0.000855583 -0.0242507 -0.00449185 0.0181159 -0.008861 0.0106702 0.00561599 0.0328551 0.0234857 -0.0138298 0.0147603 -0.00377295 0.026516 -0.0291121 0.0071693 0.0383406 0.0129434 0.00316463 0.00513642 0.0191744 -0.016059 -0.0256213 0.000925406 0.00485436 -0.000895807 -0.00252715 0.00394815 -0.0204999 -0.0470725 -0.027503 0.00532075 -0.0108645 0.0114401 -0.0192364 -0.0625003 -0.0825758 -0.00220676 -0.0324402 -0.0468762 -0.0289023 0.0139534 0.00321274 0.00452245 0.0099941 -0.0230953 -0.0117912 -0.00248298 0.00652088 -0.028881
internal_weight=38990.4 35501.5 33881.7 2196.25 31685.5 5797.19 1619.75 920.84 3488.92 518.818 25888.3 13910.5 11977.8 8203.66 3123.84 7704.5 1261.89 1859.22 4876.35 235.894 947.389 3774.1 534.525 2377.56 1718.11 402.722 154.556 3836.66 1396.54 470.246 10786.7 9814.14 2264.64 3867.84 2078.93 7549.5 5877.81 4584.94 4459.1 3278.07 1181.04 506.748 419.598 3928.96 1077.92 2851.04 991.879 172.973 151.569 2850.03 196.198 1264.63 602.414 2013.65 248.903 390.498 1108.64 166.534 1164.09 896.338 2524.67 242.601
internal_count=9716133 3327913 1339931 111023 1228908 142689 1987982 48059 6388220 450980 1086219 618766 467453 330897 503122 326286 45659 113186 94630 5868 31351 136556 170593 79748 44264 7136 2773 267367 56808 26463 115644 107226 18975 58919 19674 88251 74146 63513 62737 55499 7238 3243 2748 63279 23801 39478 21508 2973 2588 52421 13938 389936 54907 16892 114219 60800 36219 104568 10805 8610 33907 4861
is_linear=0
shrinkage=0.08


Tree=54
num_leaves=63
num_cat=0
split_feature=17 10 0 11 10 12 7 16 16 0 16 10 10 1 9 1 10 16 10 17 11 10 16 16 17 10 9 6 1 11 11 17 9 10 18 9 6 0 11 10 10 11 0 10 1 11 1 9 6 9 13 16 10 2 10 16 10 10 1 16 9 10
split_gain=2550.76 720.657 414.387 210.728 165.182 162.865 132.524 119.103 118.342 109.693 163.856 106.94 99.5983 91.3331 89.6385 85.3858 83.9454 81.3955 111.617 83.8806 125.809 197.111 212.665 104.847 119.838 92.7879 228.352 117.172 149.08 105.356 92.4622 72.0583 60.4609 60.5197 59.9793 167.536 54.9265 103.712 77.7761 66.4016 57.6624 83.6465 55.2515 115.106 121.908 83.671 63.2392 82.6707 53.5918 52.3537 51.9576 263.314 89.8944 87.6164 74.4658 74.2446 143.069 116.74 140.86 175.701 159.845 103.83
threshold=0.78811821341514599 0.51027444005012523 0.99999997019767772 0.99397590756416332 0.81585493683815014 1.0000000180025095e-35 1.0000000180025095e-35 4.5000000000000009 11.500000000000002 0.78524649143219005 6.5000000000000009 0.91813588142395031 0.99802371859550487 0.65160679817199718 0.59611794352531444 0.95155650377273571 0.96196502447128307 12.500000000000002 0.92545253038406383 0.99999865889549266 0.53144779801368724 0.82437592744827282 3.5000000000000004 7.5000000000000009 0.83641386032104503 0.68010151386260997 0.95803993940353405 1.0000000180025095e-35 0.40340065956115728 0.68208554387092601 0.68703356385231029 0.60394704341888439 0.76253134012222301 0.46080690622329717 2.5000000000000004 0.72377109527587902 1.0000000180025095e-35 0.30316694080829626 0.81284341216087352 0.76718232035636913 0.8337790071964265 0.92403846979141246 0.67949557304382335 0.97845596075057995 0.030159704387187961 0.73746865987777721 0.18046266585588458 0.51668518781661998 1.0000000180025095e-35 0.84889996051788341 1.0000000180025095e-35 7.5000000000000009 0.99802371859550487 1.0000000180025095e-35 0.96568545699119579 10.500000000000002 0.97845596075057995 0.90952175855636608 0.98542153835296642 7.5000000000000009 0.95419579744339 0.95263025164604198
decision_type=2 2 2 2 2 2 2 2 2 2 2 2 2 2 2 2 2 2 2 2 2 2 2 2 2 2 2 2 2 2 2 2 2 2 2 2 2 2 2 2 2 2 2 2 2 2 2 2 2 2 2 2 2 2 2 2 2 2 2 2 2 2
left_child=11 7 3 5 -5 6 8 32 -3 17 -11 -1 13 -12 -14 -4 -15 19 -19 20 -7 22 -22 24 30 26 27 28 29 -26 34 -13 -2 -34 35 -24 37 38 39 -8 41 -40 43 44 45 -38 -46 -48 -9 -47 51 -44 54 -54 -53 56 57 -52 -59 60 -60 -57
right_child=1 2 15 4 -6 9 36 48 -10 10 12 31 14 16 -16 -17 -18 18 -20 -21 21 -23 23 -25 25 -27 -28 -29 -30 -31 -32 -33 33 -35 -36 -37 42 -39 40 -41 -42 -43 50 -45 46 49 47 -49 -50 -51 55 52 53 -55 -56 61 -58 58 59 -61 -62 -63
leaf_value=-0.075447377346147135 -0.059653217330135087 -0.010979278828807604 0.033485657908462862 0.0022293429748664636 0.065689438388965224 -0.002488753727931605 -0.051889435043293401 -0.074067755017149253 -0.061558709477801767 0.061322249757348096 0.02117209597718174 -0.064023367457461997 -0.0036898212796296977 0.010809094320912802 0.051373937788732386 0.075518420228580338 -0.028745719381775895 -0.050748197645638024 -0.00044727168510866658 0.0071435449424563672 2.2771910340418295 0.057294621825388081 -0.080097185845033114 0.050540179269528709 0.15842140030963126 0.23033764592509329 2.9777404562930405 0.066998007701492709 2.887069064970762 2.2154856439950872 1.8544261531169794 0.025420422968786553 0.021866096721327836 0.18591801824240908 0.057836881470999656 3.6676191046589408 -0.028502687049623682 -0.049411894914725904 0.098406133564226783 0.023607502632781691 0.017535740792180961 0.42056811354583301 0.059603224438891135 0.03267057021487707 0.03320640543332453 0.04913913209833605 0.087019019910140064 0.0038461241171456606 -0.035044199056341166 -0.06826795040682801 0.013006950791388763 -0.071920079196901507 -0.17670250966203327 0.039835861564504776 0.021750578865319042 0.018358183094259319 0.035212320603217655 -0.024850462209161858 -0.13306988987741625 -0.0035485749354937741 -0.74573621034115578 -0.004403691353908847
leaf_weight=2909.0464175117377 40.688045579154277 1217.4459151782794 745.17957140132785 450.77004262909759 628.53528241021559 160.37574650484021 132.69095481396653 829.5261711361818 391.17853693396319 554.12670578784309 1453.9840418898966 114.13964725419646 257.08696557837538 739.49300878308713 716.63400236237794 528.79999133385718 641.05634182970971 344.56682522900519 1563.1062511584023 5478.7247877132031 0.33904047706164675 143.15298927773256 0.18910036911257211 9.8857331459003017 0.67086327896686582 14.555389050859956 0.26148074492812146 1.6152724778512493 0.24256664697895758 0.20898677365039475 0.57817082951078191 116.46497701545013 62.017046650464181 18.740783438290237 0.56429910764563829 0.12802456872304901 1057.461124352878 387.19456975380308 30.751368264609482 170.18698688887525 44.938569838181138 6.1974914997699662 152.0126320165582 942.82904191175476 562.2561096563004 152.02453862351831 77.586515056318603 5380.0009754552739 309.17499246145599 28.933637402951717 603.93120207660832 179.77959533489775 68.977623713435605 14.467304188059641 77.831083184690215 2083.4585212128586 370.59057945967652 2009.677868474042 5.1732632108032721 11.055241407826541 5.7598560694605112 3336.6101076595951
leaf_count=6056706 55336 257317 20410 19732 36282 56345 115840 1563792 231963 23502 12843 137113 2632 7888 27930 41286 6324 55548 23871 148982 57 4315 217 5064 810 1413 37 618 114 91 192 40285 35239 4684 444 48 224447 129112 3769 24933 449 349 4251 12689 17550 1289 4792 88612 124658 343 5559 1361 822 324 690 20587 4126 18613 140 447 120 31590
internal_value=-0.00219809 0.00396528 0.0061712 0.00442528 0.0391854 0.00323738 -0.00128444 -0.0554402 -0.023279 0.0105361 0.0206762 -0.0712904 0.0147619 0.00717914 0.0368357 0.0509325 -0.00755813 0.00480557 -0.0095327 0.00951223 0.0485106 0.0959551 0.285236 0.261867 0.371739 0.313827 0.719011 0.503276 1.13112 0.647026 1.06825 -0.0188505 0.0198701 0.0599362 0.552556 1.43287 0.000692994 -0.0201811 0.00923434 -0.00946774 0.0784079 0.152443 0.00163421 0.00637373 0.00295784 -0.0199007 0.00766036 0.00502853 -0.0634723 0.0303668 -0.00272367 -0.027965 -0.0669952 -0.13916 -0.0436197 -0.00124665 -0.0113299 -0.0178742 -0.0270538 -0.228438 -0.455839 0.00434591
internal_weight=38335.6 35196 33935.8 32661.9 1079.31 31582.5 19501 1260.15 1608.62 12081.5 4362.38 3139.65 3808.25 2834.53 973.721 1273.98 1380.55 7719.17 1907.67 5811.49 332.768 172.392 29.2389 28.8999 19.0142 17.5546 2.99917 2.73769 1.12242 0.87985 1.45959 230.605 121.446 80.7578 0.881424 0.317125 17892.4 771.96 384.765 302.878 81.8874 36.9489 17120.4 8201.09 7258.26 1238.42 6019.84 5457.59 1138.7 180.958 8919.32 493.068 341.056 83.4449 257.611 8426.26 3006.19 2635.6 2031.67 21.9884 10.9331 5420.07
internal_count=9716892 3482788 1699079 1637383 56014 1581369 1202084 1783709 489280 379285 81119 6234104 57617 27055 30562 61696 14212 298166 79419 218747 69765 13420 9105 9048 3984 3083 1670 1633 1015 901 901 177398 95259 39923 709 265 712804 274452 145340 140773 4567 4118 438352 349722 337033 226079 110954 93404 1688450 1632 88630 7448 3197 1146 2051 81182 29005 24879 19320 707 260 52177
is_linear=0
shrinkage=0.08


Tree=55
num_leaves=63
num_cat=0
split_feature=17 10 1 0 10 9 10 6 17 2 11 10 11 16 8 16 8 0 9 1 2 11 11 11 11 14 0 11 16 1 10 0 1 16 0 0 0 1 14 9 11 9 11 9 14 16 10 4 10 1 9 3 14 14 3 10 0 10 1 11 9 9
split_gain=2315.42 594.545 375.484 259.204 154.925 214.148 135.037 130.333 118.813 100.808 87.7173 92.8417 86.9597 84.6053 72.1835 71.923 69.5628 66.7593 77.6251 151.133 68.7067 64.219 57.0829 55.5775 55.4187 86.6157 51.9138 51.0849 50.824 57.5657 66.8697 48.8094 59.675 53.0151 68.9396 48.7348 52.7969 86.2677 47.5203 45.5327 45.2047 149.39 83.2353 74.5778 74.3401 58.4645 150.674 96.63 89.8235 66.1179 86.2562 83.345 79.2436 52.1596 52.0582 51.8762 46.8347 93.6851 70.5608 68.7768 119.353 70.4666
threshold=0.80843728780746471 0.52342718839645397 0.98542153835296642 0.78524649143219005 0.99802371859550487 0.98484501242637645 0.82018429040908825 1.0000000180025095e-35 0.56261882185935985 1.0000000180025095e-35 0.40936473011970526 0.77539554238319408 0.80217391252517711 8.5000000000000018 1.0000000180025095e-35 8.5000000000000018 1.0000000180025095e-35 0.073464643210172667 0.47140522301197058 0.32588519155979162 1.5000000000000002 0.49770641326904302 0.63453346490859996 0.50944742560386669 0.77836257219314586 3.5000000000000004 0.86439567804336559 0.27812939882278448 3.5000000000000004 0.95155650377273571 0.42821605503559118 0.91171297430992138 0.73157235980033886 7.5000000000000009 0.46262025833129888 0.82525211572647106 0.55393069982528698 1.0000000180025095e-35 2.5000000000000004 0.11882352828979494 0.86582550406456005 0.88273489475250255 0.88589513301849376 0.90366768836975109 3.5000000000000004 9.5000000000000018 0.6765437424182893 1.0000000180025095e-35 0.97845596075057995 0.17063894122838977 0.93127065896987926 1.0000000180025095e-35 2.5000000000000004 3.5000000000000004 1.0000000180025095e-35 0.65393730998039257 0.91171297430992138 0.98369517922401439 0.49065750837326055 0.62316370010375988 0.65345367789268505 0.71516755223274242
decision_type=2 2 2 2 2 2 2 2 2 2 2 2 2 2 2 2 2 2 2 2 2 2 2 2 2 2 2 2 2 2 2 2 2 2 2 2 2 2 2 2 2 2 2 2 2 2 2 2 2 2 2 2 2 2 2 2 2 2 2 2 2 2
left_child=6 7 4 16 10 12 -1 28 -8 13 11 -3 31 -7 -14 21 -4 -12 19 23 40 -10 -9 -19 25 -5 -15 39 29 -2 -31 32 33 35 -35 36 -6 -38 -36 -13 45 54 44 -44 -43 47 -47 48 49 53 51 -51 -52 -20 -42 -49 59 58 -58 61 -61 -48
right_child=1 2 3 24 5 9 8 22 15 -11 17 27 14 26 -16 -17 -18 18 20 -21 -22 -23 -24 -25 -26 -27 -28 -29 -30 30 -32 -33 -34 34 38 -37 37 -39 -40 -41 41 42 43 -45 -46 46 56 55 -50 50 52 -53 -54 -55 -56 -57 57 -59 -60 60 -62 -63
leaf_value=-0.077009341054275759 0.075243146572814432 -0.065491552425055541 -0.12229007397377378 -0.26099122227185723 -0.00071085135292510849 0.07163759175385831 -0.072582972353002692 -0.068880016923356255 -0.013888614199448321 0.074066631524777896 -0.039146508574766842 -0.047609157661732557 0.062464775810437204 0.053810316455430142 0.013412561621060201 -0.035060410170144912 0.015903536444769197 -0.016526917782854332 0.055066718920864351 0.10557788395422779 0.042522099191450051 0.097538330931256995 0.0030491003909618973 0.042534289428269617 0.072512698831163097 0.074933208555776371 -0.038566665224288969 -0.029168344147784547 -0.070572913970022647 0.33252854706304957 2.220837940882459 0.037937694774329178 0.062839811325505507 0.052035151141788402 0.041254795526428606 0.052515211500125003 -0.012836900881049643 -0.079382156445010552 -0.00061898203504184119 0.011388057006412074 0.061957363530280349 0.01093575829357959 0.040466259937661495 0.0047862414365129925 -0.035077390798435956 -0.067472903033505657 -0.033994377791698956 0.17553918358371548 0.042803930427765619 -0.0079540755368973353 -0.017744922137682879 -0.058451709252002333 0.01824054004417602 0.0091467803308506977 -0.0017446277737827682 0.028829545501889622 0.048763456479137053 -0.035888633326239233 0.0070936651307585809 0.030869694876260519 -0.0056322378661901379 0.00051764421485556524
leaf_weight=2496.2021786161058 7.0024827372981227 223.87651912213187 23.804195491771679 8.2427428150549549 609.96611199266044 115.2099721012637 253.86858362267958 91.36053758620983 61.980203982093371 528.37233634013683 249.19792939018225 96.129791636776645 320.39431433333084 52.780088359490037 479.11365431267768 150.94134424807271 1127.6704995858308 242.4385184077255 209.46313466643915 135.30644420074532 261.93368159749662 71.048665284062736 310.91371201421134 175.9944226257503 921.84467957937159 12.158371879719196 148.42102629039437 505.97287380637135 829.81576615330414 0.38771564862690855 0.17383572016842663 256.19271250534803 99.887910827528685 200.53568569209892 189.97374846215826 68.2104207505472 380.59612821182236 185.42130893515423 1994.186440359219 648.65101440990111 405.08984356038854 361.1067922579532 420.53334267137689 3456.6522000149125 594.97542081522988 237.54427709465381 976.99918288658955 15.753373992425621 324.57877286430448 3281.3360654417193 520.61945881298743 223.42134615918621 1580.8762809252657 648.27000430240878 102.97484927845653 740.44218178110896 317.77753194281831 270.9914153367281 1432.3116031717509 634.7934663516935 5918.187725268479 618.23242553960881
leaf_count=5842957 8207 205252 2028 144 15892 5287 382612 78861 45834 37289 73295 3290 10277 1430 18212 105137 46164 69778 10914 4453 6166 11456 66493 8534 73494 875 4065 128743 1640163 372 112 6792 3135 3046 2726 1471 5731 3223 24127 54333 5579 4757 5534 43936 8549 164619 88855 2998 2835 176930 10208 6802 27801 39549 1560 14883 2584 1942 11007 14903 59793 9330
internal_value=-0.00214964 0.00369482 0.00570481 0.0385095 0.00352171 0.0155476 -0.0691752 -0.0507122 -0.0328155 0.0526811 0.000901095 -0.0180453 0.00899102 0.0169696 0.0330697 0.0027365 0.0130467 0.00204812 0.00247393 0.0320808 0.00177791 0.0456228 -0.0132867 0.00831444 0.0696264 -0.0607917 -0.0143339 -0.00955278 -0.0686912 0.137741 0.91708 0.00416009 0.00183934 0.000160252 0.00714467 -0.0132265 -0.0170397 -0.0346364 0.00302311 0.00377321 0.00131974 0.00778068 0.00344292 0.00865622 -0.0176985 -0.00060266 -0.00448996 0.00475927 0.00173757 -0.000324512 -0.00348926 -0.0111732 0.00932559 0.0203607 0.0490462 0.0318859 -0.00301874 0.0078823 0.01466 -0.00572263 -0.00209626 -0.0206192
internal_weight=37829.1 34795.1 33555.4 2093.72 31461.7 5629.26 3034.04 1239.65 537.839 844.783 25832.4 1474.63 4784.48 316.411 799.508 283.97 1151.47 24357.8 24108.6 553.739 23554.9 133.029 402.274 418.433 942.246 20.4011 201.201 1250.75 837.38 7.56403 0.561551 3984.97 3728.78 3628.89 2384.7 1244.19 1175.98 566.017 2184.16 744.781 23292.9 5341.33 4833.27 3877.19 956.082 17951.6 10406.8 7544.76 6788.57 6463.99 5606.25 3504.76 2101.5 857.733 508.065 756.196 10169.3 2021.08 1750.09 8148.21 6552.98 1595.23
internal_count=9717324 3329328 1535120 122705 1412415 142703 6387996 1794208 545039 48071 1269712 391618 94632 10782 28489 162427 48192 878094 804799 82765 722034 57290 145354 78312 74513 1019 5495 186366 1648854 8691 484 66143 59351 56216 29899 26317 24846 8954 26853 57623 715868 69915 62776 49470 13306 645953 353033 292920 275039 272204 221741 183732 38009 50463 7139 17881 188414 15533 13591 172881 74696 98185
is_linear=0
shrinkage=0.08


Tree=56
num_leaves=63
num_cat=0
split_feature=17 10 11 0 10 16 15 10 1 11 15 10 11 1 12 17 15 11 8 15 16 0 1 11 10 4 16 7 16 10 11 10 10 1 11 0 16 6 16 16 10 0 1 16 7 15 0 10 16 10 10 1 10 16 15 0 11 0 16 1 11 1
split_gain=2121.37 609.795 361.161 186.804 182.512 151.477 120.064 112.827 117.749 114.75 128.653 110.735 100.402 99.8594 87.8208 79.7228 73.6149 71.2661 71.1299 68.823 70.7856 68.7546 63.1712 80.9147 73.6648 61.1573 157.784 68.3305 117.793 68.1546 52.66 66.015 76.79 249.515 51.9205 49.4857 93.8852 73.5289 63.6824 52.1842 69.3706 45.2254 42.5283 42.0958 77.1738 41.6467 40.7187 39.9984 39.3163 39.0676 38.7328 38.1844 55.213 66.8408 53.3063 46.4383 45.7008 43.9413 64.2891 43.7474 72.2112 72.6275
threshold=0.78811821341514599 0.49890829622745519 0.99397590756416332 0.91171297430992138 0.86847347021102916 7.5000000000000009 2.5000000000000004 0.97845596075057995 0.67605918645858776 0.4654348492622376 2.5000000000000004 0.90023696422576915 0.92718276381492626 0.40700641274452215 1.0000000180025095e-35 0.54802158474922191 1.5000000000000002 0.80217391252517711 1.0000000180025095e-35 2.5000000000000004 8.5000000000000018 0.5936623513698579 0.99999997019767772 0.76253134012222301 0.97845596075057995 1.0000000180025095e-35 8.5000000000000018 1.0000000180025095e-35 11.500000000000002 0.57207790017128002 0.94665718078613292 0.64654055237770092 0.52657252550125133 0.671605944633484 0.63211598992347728 0.43835045397281652 13.500000000000002 1.0000000180025095e-35 6.5000000000000009 4.5000000000000009 0.96568545699119579 0.96347683668136608 0.72038009762763988 7.5000000000000009 1.0000000180025095e-35 5.5000000000000009 0.25785320997238165 0.76718232035636913 19.500000000000004 0.37531727552413946 0.92545253038406383 0.14980195462703708 0.91813588142395031 13.500000000000002 6.5000000000000009 0.64604702591896068 0.72438782453536998 0.78524649143219005 15.500000000000002 0.98542153835296642 0.95293468236923229 0.99999997019767772
decision_type=2 2 2 2 2 2 2 2 2 2 2 2 2 2 2 2 2 2 2 2 2 2 2 2 2 2 2 2 2 2 2 2 2 2 2 2 2 2 2 2 2 2 2 2 2 2 2 2 2 2 2 2 2 2 2 2 2 2 2 2 2 2
left_child=11 14 3 7 -4 -5 -7 9 17 10 47 -1 13 -8 46 -13 -11 48 -19 -10 -21 -12 24 -24 -15 27 29 28 30 -27 42 32 33 -32 -16 36 38 -37 -29 40 -39 -26 -18 44 49 -40 -2 -3 -9 -36 -30 56 -53 55 -55 -54 57 58 -41 -57 61 -61
right_child=1 2 4 5 -6 6 12 8 19 16 21 15 -14 22 34 -17 25 18 -20 20 -22 -23 23 -25 41 26 -28 35 50 -31 31 -33 -34 -35 43 37 -38 39 45 51 -42 -43 -44 -45 -46 -47 -48 -49 -50 -51 -52 52 53 54 -56 59 -58 -59 -60 60 -62 -63
leaf_value=-0.074997459305311473 -0.076029008225938652 -0.049125298749508189 0.010759268334266393 0.067752207828564823 0.072159860018918623 0.07299649274324875 0.046493781983677297 0.0044070034633881079 0.072957639937805227 0.060838664959133357 -0.065724936810944976 -0.071887918385806535 0.074473985440344628 0.010307471267762222 -0.072228740273816996 0.014771739690343913 -0.020006154285696649 0.046900511536031475 -8.94000388978636e-05 0.045799540220305308 -0.00061063945319767411 -0.00039030227372715355 -0.38503631932690346 0.076985332356806033 -0.037657877781135933 0.32607831406400978 -0.0051606604112482517 0.0026161256478780676 -0.070916558986241524 0.040136182219402683 4.3315580558207687 0.039675050766058977 0.22963967890623618 0.29271554842719977 0.19592125699097762 -0.06711987595586856 -0.051295370568133623 0.023774095464998982 0.034744851436997071 0.0037887627448858346 0.21536819590830855 -0.0020566166179694333 0.010771588745656861 -0.072973874702680616 0.060650514388343235 -0.044545689915547249 -0.042117544810139733 0.0003480100375680151 -0.02257629817686195 0.59611043867156732 0.0091118954608883276 0.003281055020426697 -0.0013187375847715378 0.0025453038513732996 0.10684472745144621 -0.017261025970896841 0.022907606200779262 0.029096268812975647 -0.039335445733773969 -0.19790430957967753 -0.40142924669094593 0.017242756584467542
leaf_weight=2451.1871507485339 598.50323644917808 117.11649650771869 522.48470152891241 388.17152049823198 761.25155923329294 215.04452955117449 382.74371535563841 4576.03543126554 236.37053895555437 128.56502349342918 462.39031710018753 117.48125660407823 153.48099338356405 1726.202512063086 23.378069921745919 161.11451681377366 841.42747397438507 497.9792349236086 351.83016962278634 450.3390135364607 394.64597412850708 132.65986890997738 2.4881288586184374 97.086195336421952 406.21148717217147 5.3731476301618377 1122.3129675778036 1080.8386175280029 281.23678930962342 747.63363832549658 0.12693665592814696 46.923114085977431 5.54747028357815 0.42789354745764285 3.7544159888930144 108.43856477510417 142.46269297815161 293.78657642420148 903.49019927400514 831.94723283534404 12.613868761807678 521.60318653099239 436.33228072267957 10.328958771569885 34.871363891259534 44.482601613883162 364.69509339996148 977.66452925140038 373.82255680649541 2.6725872962269932 44.882229053764604 4506.3869357382646 1470.8096359265037 1961.3899500097614 31.870944177731872 3335.9451771124732 817.87207474431489 254.65674429619685 301.39882792456774 16.00015399698168 4.4497064901515833 26.965315777808428
leaf_count=5987046 1303618 84358 25501 23134 60837 7918 4647 72718 10271 13969 399165 174661 6612 13657 31521 72433 199946 12002 9165 12953 6023 20433 78 7843 5038 1208 32853 87764 214986 19940 165 535 1060 452 210 16339 46932 3831 92889 33726 94 13232 53675 3258 1051 6178 322138 56124 4407 254 1228 53025 13402 15682 282 30212 5766 1952 15282 406 132 1066
internal_value=-0.00166983 0.003688 0.00555635 0.00390095 0.0471696 0.0203342 0.0150825 0.00164652 0.0105625 -0.00120748 -0.0212184 -0.0695654 0.0112969 0.00820524 -0.0566963 -0.0217718 0.00049978 0.00604364 0.0274462 0.0347983 0.0241239 -0.0511593 0.00288321 0.0654405 0.000536162 0.00010556 0.0138469 -0.00134194 -0.0168135 0.0421765 -0.00625424 0.0718652 0.319388 1.21674 0.0266832 0.000245779 0.0114818 -0.0015 0.01589 -0.000986822 0.0316616 -0.0176434 -0.0094961 0.0714728 0.1076 0.0310242 -0.0631891 -0.0049445 0.00236917 0.362335 -0.0599026 -0.00172456 -0.00359579 -0.00812154 0.00421298 -0.0131864 0.00790682 -0.000932308 -0.00767957 -0.0183456 -0.0946487 -0.0628771
internal_weight=37322.2 34592.4 33554.2 32270.5 1283.74 3893.03 3504.86 28377.4 6881.02 21496.4 1689.83 2729.78 3289.82 3136.34 1038.2 278.596 19806.6 5799.67 849.809 1081.36 844.985 595.05 2753.59 99.5743 2654.02 19678 1875.32 17802.7 1656.9 753.007 1330.79 53.0254 6.1023 0.55483 75.0054 16145.8 2171.27 13974.5 2028.81 13866.1 306.4 927.815 1277.76 51.6273 41.2984 947.973 963.198 1094.78 4949.86 6.427 326.119 13559.7 11353.8 6847.43 1993.26 4854.17 2205.87 1388 1133.35 3383.36 47.4152 42.9655
internal_count=9717283 3483143 1821093 1734755 86338 82159 59025 1652596 127539 1525057 560080 6234140 51107 44495 1662050 247094 964977 98292 21167 29247 18976 419598 39848 7921 31927 951008 54001 897007 472047 21148 255833 2212 1677 617 36294 424960 233763 191197 186831 174858 3925 18270 253621 4773 1515 99067 1625756 140482 77125 464 216214 170933 114207 61182 15964 45218 56726 50960 49008 31816 1604 1472
is_linear=0
shrinkage=0.08


Tree=57
num_leaves=63
num_cat=0
split_feature=17 10 11 10 10 9 10 6 11 9 10 16 10 11 2 15 14 15 16 2 17 9 9 8 15 11 11 9 12 15 9 16 11 15 14 11 15 11 3 17 16 9 9 9 14 15 8 14 11 10 10 9 11 11 13 9 14 3 3 15 14 14
split_gain=1935.02 535.202 290.013 217.403 132.069 217.528 113.378 112.463 88.6502 142.753 126.11 99.218 79.5108 72.7499 71.0916 68.3636 163.001 70.5747 67.4654 60.7865 58.958 58.6952 55.6857 80.9275 77.9338 52.0238 51.8687 51.3499 50.976 50.888 47.5192 45.5621 42.4896 53.739 103.98 74.1047 41.3935 98.434 90.0356 70.8188 105.761 64.3784 111.922 74.3651 147.019 138.868 124.379 67.7771 62.2016 58.6869 108.962 90.8712 47.8077 62.7 52.4091 50.782 119.657 486.963 276.755 136.298 302.71 167.783
threshold=0.78811821341514599 0.52342718839645397 0.99397590756416332 0.80739644169807445 0.99802371859550487 0.90070420503616344 0.91813588142395031 1.0000000180025095e-35 0.57735043764114391 0.52240803837776195 0.72021508216857921 8.5000000000000018 0.89672946929931652 0.83424910902977001 1.0000000180025095e-35 4.5000000000000009 4.5000000000000009 5.5000000000000009 7.5000000000000009 1.5000000000000002 0.54802158474922191 0.94804316759109508 0.68801230192184459 1.0000000180025095e-35 3.5000000000000004 0.72850126028060924 0.63453346490859996 0.7320508360862733 1.0000000180025095e-35 1.5000000000000002 0.98484501242637645 17.500000000000004 0.68020617961883556 2.5000000000000004 4.5000000000000009 0.41955395042896276 4.5000000000000009 0.93788582086563121 1.0000000180025095e-35 0.99999865889549266 10.500000000000002 0.99350652098655712 0.95419579744339 0.81120252609252941 4.5000000000000009 5.5000000000000009 1.0000000180025095e-35 3.5000000000000004 0.72255688905715953 0.61916849017143261 0.82865032553672802 0.90366768836975109 0.96824595332145702 0.87895435094833385 1.0000000180025095e-35 0.92031747102737438 3.5000000000000004 1.0000000180025095e-35 1.0000000180025095e-35 3.5000000000000004 2.5000000000000004 2.5000000000000004
decision_type=2 2 2 2 2 2 2 2 2 2 2 2 2 2 2 2 2 2 2 2 2 2 2 2 2 2 2 2 2 2 2 2 2 2 2 2 2 2 2 2 2 2 2 2 2 2 2 2 2 2 2 2 2 2 2 2 2 2 2 2 2 2
left_child=6 7 4 -4 8 13 -1 -2 10 -10 -3 22 -13 15 31 18 25 -18 -6 29 21 -8 24 -24 -12 27 -9 -17 -27 -11 -16 -7 33 35 -35 -20 39 41 -39 40 49 42 43 44 47 46 48 -38 -46 -31 51 -51 53 55 -55 -41 58 -58 59 60 -57 -61
right_child=1 2 3 -5 5 14 20 26 9 19 11 12 -14 -15 30 16 17 -19 32 -21 -22 -23 23 -25 -26 28 -28 -29 -30 36 -32 -33 -34 34 -36 -37 37 38 -40 52 -42 -43 -44 -45 45 -47 -48 -49 -50 50 -52 -53 -54 54 -56 56 57 -59 -60 61 -62 -63
leaf_value=-0.074386516878056086 -0.067957077540308553 -0.052926592157728811 -0.0030546548839851229 0.067795983736040358 -0.0087077608823645028 0.029791422805984149 -0.070016858467777346 -0.071588397282684166 0.05500218420812842 0.06663813237805162 0.01686743895391787 -0.04224549861742715 -0.0067240887701244898 0.043036013025899121 0.031107818711380086 -0.09416859003872792 0.044069123151419261 -0.11403714282530347 0.011566993925377727 0.040809141025246236 0.018284232270495044 2.2914896286315276 0.081732517552283515 0.0010967040669518139 -0.040580859673731443 -0.32471272321429701 -0.00037328767282194939 0.0073873709415555227 -0.096539702170991504 -0.027995598589630011 0.073289844964882112 -0.040791649392747806 0.033129872029355627 0.0015737138015104232 -0.10623441617073506 0.071441242698496291 0.027686910294355733 0.069040982435109449 -0.0079236296108321433 -0.0027676690228320821 -0.025404413444715526 -0.017637560491412529 0.11228609951428473 0.0056398261251041784 0.0094507817121795342 -0.084658191068395269 -0.060121313543859953 -0.064186956363286571 0.080524687835387604 0.085386993872193021 0.039118467419252324 0.25533755051985291 -0.039146930190562784 0.035266118733937486 0.008359306606923092 -0.034063176654476973 0.052892275198088444 -0.050400465641636291 0.038805752923889769 0.02045906636885492 0.070516443174165139 -0.066094244757656906
leaf_weight=2332.6629546798649 773.80062872238341 397.68583916977514 425.22568183401017 796.10881093423814 1255.405114800029 446.20965532050468 80.627951859263703 82.970043905224884 331.92266700821347 76.943549211369827 621.61466797121102 527.06583375390619 1717.4448775285273 315.25276867952198 258.25093835499138 112.85375433444278 152.65544109907933 20.494706883444451 805.42375663621351 257.24008564371616 135.89909187430749 0.067416629404759898 162.86805755904061 155.9091136038769 199.67673477280186 10.408598430454731 310.05795967407175 44.401495652506128 15.746269821189344 43.632304752070922 505.44205098506063 67.367259745951742 574.86081607732922 842.85136428556871 61.429989107185975 158.29695855034515 58.734803144092439 216.63467804214451 176.55962272756733 8533.2585125057958 135.23323223812622 2187.2055135666451 55.837065543513745 2385.8154004330863 134.03638143124408 82.405553379096091 79.971071186155314 410.95676643756451 191.25345713784918 56.549086328741396 201.44990159122972 31.269597835780587 173.00468162447214 578.50709572614869 2326.4452596784686 517.54346075636568 1114.4568582301144 395.85888204112416 694.8919268764439 188.49973175121704 269.31634491222212 598.27342763647903
leaf_count=6058377 1743411 367398 16466 63855 25914 17087 123519 80671 15257 5311 45905 195346 87233 11565 14244 5615 2784 562 5769 7531 53927 15 3867 2367 56757 118 67554 632 370 54030 40627 1803 12378 11299 1058 2471 6071 3971 2061 175339 74214 27517 533 43245 5367 5263 4800 36672 1807 22051 5716 4558 2004 13160 26576 5693 19584 7592 8337 2743 3865 6930
internal_value=-0.00199937 0.00299539 0.00486951 0.0431283 0.00340625 0.0145059 -0.0692455 -0.0502564 0.00102157 0.00292623 -0.0103107 -0.00530341 -0.0150654 0.00601756 0.043548 0.00313947 -0.0303146 0.0253551 0.00636487 0.00214663 -0.0138786 -0.0680439 0.0139155 0.0422948 0.0029003 -0.0828701 -0.0154071 -0.065494 -0.187343 0.0016928 0.0590255 0.0205329 0.0141108 0.00825786 -0.00574995 0.0214017 0.00146396 -0.00420823 0.0344809 0.00360269 0.0342556 -0.00693142 -4.22081e-05 -0.00191829 -0.0207538 0.0100132 0.0292636 -0.0526982 0.0512385 0.0584912 0.0715365 0.145901 0.00267029 0.00314572 0.0137177 0.000651344 0.00837205 0.0258189 -0.00324354 -0.0218118 0.001731 -0.0453573
internal_weight=36870.7 34321.5 33154.7 1221.33 31933.3 5647.35 2549.26 1166.83 26286 22503.7 3782.27 3384.58 2244.51 4370.08 1277.27 4054.83 356.56 173.15 3698.27 22171.8 216.594 80.6954 1140.07 318.777 821.291 183.41 393.028 157.255 26.1549 21914.5 763.693 513.577 2442.86 1868 904.281 963.721 21837.6 5979.41 393.194 15858.2 468.134 5586.22 3399.01 3343.17 957.358 487.666 405.261 469.692 325.29 332.901 289.269 87.8187 15390.1 15217.1 2904.95 12312.1 3778.84 1510.32 2268.52 1573.63 786.86 786.773
internal_count=9718762 3482924 1591288 80321 1510967 154296 6235838 1891636 1356671 597798 758873 391475 282579 80535 73761 68970 10081 3346 58889 582541 177461 123534 108896 6234 102662 6735 148225 6247 488 575010 54871 18890 32975 20597 12357 8240 569699 137307 6032 432392 160569 131275 103758 103225 59980 17237 11974 42743 7174 86355 32325 26609 271823 269819 39736 230083 54744 27176 27568 19231 9558 9673
is_linear=0
shrinkage=0.08


Tree=58
num_leaves=63
num_cat=0
split_feature=17 10 1 12 6 15 11 14 15 11 14 14 15 9 14 14 16 15 14 9 15 9 1 11 8 11 15 1 9 11 10 1 8 11 9 11 10 11 11 1 14 9 14 15 11 14 2 1 9 11 9 10 11 16 11 1 1 17 11 9 10 15
split_gain=1785.32 553.844 259.908 260.179 119.354 103.454 255.871 228.39 442.11 495.726 193.519 160.052 152.171 429.741 369.393 161.897 183.123 149.106 148.159 273.545 215.599 275.543 147.011 134.149 123.026 114.362 113.18 152.893 152.016 127.203 139.764 112.16 111.823 174.061 255.162 189.665 109.521 106.64 92.998 279.903 98.7583 438.259 92.4482 105.571 87.7692 87.508 125.587 113.618 107.747 81.9527 80.5372 78.9051 73.9266 131.152 71.9861 71.1939 99.4889 69.3663 68.654 399.08 100.656 86.2487
threshold=0.74014180898666393 0.52342718839645397 0.98542153835296642 1.0000000180025095e-35 1.0000000180025095e-35 3.5000000000000004 0.45199692249298101 3.5000000000000004 2.5000000000000004 0.87895435094833385 3.5000000000000004 4.5000000000000009 4.5000000000000009 0.99350652098655712 4.5000000000000009 4.5000000000000009 7.5000000000000009 4.5000000000000009 4.5000000000000009 0.78830558061599743 5.5000000000000009 0.96178188920021068 0.80159661173820507 0.75513625144958507 1.0000000180025095e-35 0.84650033712387096 5.5000000000000009 0.8482024371623994 0.99350652098655712 0.92031747102737438 0.99802371859550487 0.52133962512016307 1.0000000180025095e-35 0.79784947633743297 0.81872946023941051 0.88589513301849376 0.90489491820335399 0.85540068149566661 0.39767442643642431 0.13908451050519946 2.5000000000000004 0.98484501242637645 5.5000000000000009 6.5000000000000009 0.71503761410713207 2.5000000000000004 1.0000000180025095e-35 0.84029078483581554 0.99350652098655712 0.71834933757781994 0.7927781641483308 0.97845596075057995 0.81284341216087352 7.5000000000000009 0.78910300135612499 1.0000000180025095e-35 0.097014971077442183 0.99999865889549266 0.65419578552246105 0.72046515345573436 0.85341826081275951 2.5000000000000004
decision_type=2 2 2 2 2 2 2 2 2 2 2 2 2 2 2 2 2 2 2 2 2 2 2 2 2 2 2 2 2 2 2 2 2 2 2 2 2 2 2 2 2 2 2 2 2 2 2 2 2 2 2 2 2 2 2 2 2 2 2 2 2 2
left_child=-1 4 5 51 -2 7 -7 38 24 11 17 -10 13 14 32 -15 -17 23 19 -14 21 22 -20 -8 -9 -24 27 28 37 30 44 -13 55 34 -34 -35 50 49 -3 57 52 58 43 -22 -30 46 -25 48 -47 -21 -26 -4 -41 -54 -19 -12 -57 -40 59 -42 61 -61
right_child=1 2 3 -5 -6 6 10 8 9 -11 12 31 18 15 -16 16 -18 54 20 26 42 -23 25 45 36 -27 -28 -29 29 -31 -32 -33 33 35 -36 -37 -38 -39 39 40 41 -43 -44 -45 -46 47 -48 -49 -50 -51 -52 -53 53 -55 -56 56 -58 -59 -60 60 -62 -63
leaf_value=-0.071193229942273964 -0.068116946762924208 -0.0046148281084026901 0.0046411319442928199 0.072447097846505895 -0.013975650600641099 -0.059318292221576183 -0.048621839443160689 0.0038949539651082078 -0.066436221807518001 0.081934322574809523 0.0067769189314686755 -0.066143376931139988 -0.069853512062472214 0.09267887541444704 -0.076269392076708339 0.073515627295342237 -0.12281274045617287 0.0029062308180782806 0.024351428236237677 0.021382628552676985 -0.050942641255446529 0.096869289916963905 0.012166398027190344 0.15826506117421826 0.040053005982588527 -0.08044737955191833 0.025349565652439471 0.016893020783089522 0.014976544692329251 0.039254982977724465 -0.27108691206863811 0.059233200976996213 -0.041428613052768737 -0.04925597222399912 0.037642584966317845 0.0049835059225506514 0.073414866225293959 0.046570940847231637 0.14326377427768164 -0.011663446118062871 -0.042043942016626604 0.08400016516071275 0.015862248739538048 0.037660863550558171 -0.07208713301822961 -0.0013207238199325548 -0.059605538826526534 0.0037000466224648906 -0.069609350079322341 -0.036742464206919075 -0.041242688704668282 0.074297645916640023 -0.008725843608151684 0.05133573210936053 0.066263980520677224 0.053898406805436123 0.017756250044864315 0.052438164414511705 0.0013269135410684525 -0.083745624076690547 0.072174668816628651 0.25178477283761475
leaf_weight=2188.862374975608 797.11695650510956 1050.9318906653498 1089.4919230564556 706.41992460613255 387.15973350932472 455.91462312673684 978.74099325630232 1760.6546501270786 1198.555434401118 190.94475670909742 2375.5638052892755 73.410895069420803 509.59928833512822 536.8957594630192 330.23755669523962 72.880062808195362 52.172185499424813 482.99437490862329 1257.9667975700868 218.70192968778429 580.98746028638561 286.81426986830775 168.11740104941418 44.539617347094463 213.53401394721004 173.28691374597838 578.29317869746592 713.9949136931682 85.995037304150173 81.453926559363026 20.754501537419856 120.82410739318584 344.89624522250961 756.41176430988708 1076.2109601128323 907.78727267956128 370.43723764433526 194.44937779553584 56.605255110014696 1310.3836633162282 266.55483943584841 602.64426163927419 293.78124068415491 101.03052662132541 535.97361514656222 251.92407585849287 27.318453410756774 863.33611574152019 358.02420870584319 535.03930533977109 122.86534116652911 115.07139295456 528.89550822836463 415.45870290944004 150.54236401189701 619.02681925546494 2293.2012889994658 1092.1765315447119 2033.803583699977 5.690371525095542 310.31778553663753 35.438161433819914
leaf_count=5869402 1963946 95601 48937 65474 155220 290205 73033 91837 146452 5074 109746 29076 78091 10461 44146 1886 1118 37024 35957 6118 11782 4644 1628 741 32064 2428 13244 9673 1002 1836 583 6045 32518 24985 19266 21688 11982 2859 10718 46577 28983 24537 7583 4017 7899 7266 516 12561 5317 13754 19675 9499 9359 7524 2367 9219 48966 18549 55088 2864 3140 2815
internal_value=-0.0011516 0.0033351 0.00526494 0.0339009 -0.0504173 0.00350395 -9.78499e-05 0.00941954 -0.00595937 -0.0389468 0.0013338 -0.055519 0.00496783 0.0114458 0.00671974 0.0735848 -0.00839318 -0.0167378 -0.00460698 -0.01571 0.00887132 0.0246644 0.011716 -0.0254479 0.0152133 -0.0348417 -0.00640318 -0.0140979 -0.0273291 -0.0549281 -0.0668642 0.0118473 0.00999286 -0.00211034 0.0184524 -0.0196694 0.043406 -0.00625038 0.0175016 0.0209925 0.0135023 0.0224177 -0.0216562 -0.0378174 -0.0600495 -0.0107689 0.0754367 -0.0149735 -0.0414044 -0.0198772 0.0103608 0.0112954 0.000633878 0.0176976 0.0179614 0.0170548 0.0254387 0.0569135 0.00842256 0.0317739 0.0877611 0.205362
internal_weight=36359.1 34170.2 32986 1910.98 1184.28 31075 19314.9 11760.1 4051.23 1583.74 18858.9 1392.79 15701.5 9365.28 8703.34 661.948 125.052 3157.42 6336.24 3474.26 2861.98 1886.19 1599.37 2523.88 2467.49 341.404 2964.66 2386.36 1672.37 724.177 642.723 194.235 8373.1 3085.31 1421.11 1664.2 706.837 948.191 7708.9 6657.97 5509.19 3254.45 975.799 682.018 621.969 1545.14 71.8581 1473.28 609.948 753.741 336.399 1204.56 2254.74 944.354 633.537 5287.79 2912.23 1148.78 2651.8 618.001 351.446 41.1285
internal_count=9716565 3847163 1727997 123910 2119166 1604087 956127 647960 342205 186647 665922 181573 527097 323999 310534 13465 3004 138825 203098 135059 68039 44657 40013 99434 155558 4056 56968 43724 34051 11320 9484 35121 266388 98457 51784 46673 63721 22731 305755 210154 180887 117427 23382 15799 8901 26401 1257 25144 12583 19872 51739 58436 63460 16883 39391 167931 58185 29267 92890 37802 8819 5679
is_linear=0
shrinkage=0.08


Tree=59
num_leaves=63
num_cat=0
split_feature=17 10 11 10 12 3 6 16 1 10 12 9 9 11 15 11 11 1 10 15 10 9 16 16 9 1 9 1 11 10 10 16 11 7 11 8 15 14 17 10 16 15 11 14 1 11 1 10 10 2 10 11 16 6 10 1 11 1 11 14 15 15
split_gain=1602.35 435.86 250.6 194.907 122.396 127.891 116.521 137.525 105.972 104.712 102.523 83.6951 79.3203 74.5343 68.1107 191.795 107.236 67.2319 60.8803 52.793 49.9624 95.233 95.4581 94.6505 70.37 61.0184 63.7263 60.9578 52.9348 52.545 48.4174 46.7893 45.96 45.093 48.3077 44.054 43.9309 93.2835 43.7804 59.2336 42.6607 42.226 95.5851 44.5657 41.8067 59.2657 58.6271 40.0104 39.9271 38.5831 40.6513 48.0074 38.4128 37.9096 37.7986 50.0502 37.0094 36.7829 36.4876 36.3958 112.65 50.8707
threshold=0.76828601956367504 0.49890829622745519 0.99397590756416332 0.86847347021102916 1.0000000180025095e-35 1.0000000180025095e-35 1.0000000180025095e-35 10.500000000000002 0.96483230590820324 0.90023696422576915 1.0000000180025095e-35 0.83438819646835338 0.75716623663902294 0.79118216037750255 2.5000000000000004 0.51649147272109996 0.38507878780364996 0.15509130805730822 0.81585493683815014 1.5000000000000002 0.99802371859550487 0.99350652098655712 6.5000000000000009 6.5000000000000009 0.96922346949577343 0.8482024371623994 0.91715687513351452 1.0000000180025095e-35 0.82972848415374767 0.65393730998039257 0.73704847693443309 6.5000000000000009 0.77836257219314586 1.0000000180025095e-35 0.62316370010375988 1.0000000180025095e-35 4.5000000000000009 4.5000000000000009 0.99999865889549266 0.85341826081275951 3.5000000000000004 1.5000000000000002 0.37310734391212469 1.5000000000000002 0.62211257219314586 0.95293468236923229 0.083117157220840468 0.98369517922401439 0.96196502447128307 1.0000000180025095e-35 0.90023696422576915 0.72438782453536998 4.5000000000000009 1.0000000180025095e-35 0.83886700868606578 0.51391416788101207 0.55848154425621044 0.56483945250511181 0.93419912457466137 3.5000000000000004 3.5000000000000004 3.5000000000000004
decision_type=2 2 2 2 2 2 2 2 2 2 2 2 2 2 2 2 2 2 2 2 2 2 2 2 2 2 2 2 2 2 2 2 2 2 2 2 2 2 2 2 2 2 2 2 2 2 2 2 2 2 2 2 2 2 2 2 2 2 2 2 2 2
left_child=9 10 4 -4 6 8 7 13 14 -1 40 17 19 48 15 -6 -16 -7 -17 -11 23 22 -22 29 25 30 28 59 -27 -18 -25 56 -21 34 -8 -10 -30 -38 39 -31 -2 -35 -43 -44 46 -46 -20 -32 57 50 51 -40 -45 -42 55 58 -12 -3 -15 60 -24 -61
right_child=1 2 3 -5 5 11 33 -9 35 12 31 -13 -14 54 16 18 20 -19 44 32 21 -23 27 24 -26 26 -28 -29 36 38 47 -33 -34 41 -36 -37 37 -39 49 -41 53 42 43 52 45 -47 -48 -49 -50 -51 -52 -53 -54 -55 -56 -57 -58 -59 -60 61 -62 -63
leaf_value=-0.074719691448278266 0.089681001747032224 -0.043333023113669926 0.0043597323026657734 0.070617078266121083 0.0038830259213129192 0.1112101851021874 -0.056245142482136322 -0.06268015886412466 -0.2254142954464386 0.072843106241105723 -0.072866371614359104 0.043305672768177927 0.09805723633822383 0.08185625877998913 -0.056256423732250961 0.12618285098561727 0.083664046519308588 -0.11403706335438725 0.075155329705772642 -0.054440494599265227 -0.026664094210729471 0.058627863114794454 0.097153500362776909 -0.037405418222563887 -0.021596012011567675 -0.027028446608559662 0.047526973425955438 0.034664604151704421 -0.17130045067744884 0.17809143954064013 0.0076702439675273926 -0.051463614301301329 0.72768954841125666 0.02395185342761761 -0.0060246805607207642 0.07305300737030225 0.073817087327009909 -0.1865666828187533 0.01679860026014976 0.022438884345326232 -0.072814503100844419 -0.046513786753865319 -0.062397589921287286 0.026992582359733779 0.073059584485840712 -0.25669324881529898 0.0075608056816455832 -0.025246813657004145 0.044477010070142813 0.036037586850508417 0.026629414658414983 -0.045460796110400284 0.0013568427118285343 -0.03522320477716398 -0.017770674580632407 0.018178959126462575 0.11419744863550352 -0.0086775211863277628 0.30616647380916556 -0.090978418960156543 -0.085580931432505877 4.0535143904759884e-05
leaf_weight=1915.9466886994196 12.06699752769782 433.82853734403034 514.89181185467169 634.04418486356735 1956.1328236949339 10.901581546931991 174.29367057746276 390.30722437996883 3.2227186653763047 24.657826729409862 8.0972365255292953 881.41493983668624 32.560957109439187 42.737618397834012 195.5336794371251 64.525203385943314 83.610334894212428 38.191625121806283 117.62365228123963 172.84079997081426 400.20744367066072 271.36470825597644 75.113763872883283 177.52796634531114 1153.4362826071447 155.40644999060896 48.687242283835076 686.03124424559064 36.698898069036659 24.642690790380584 3393.7967698614812 24.646042567037512 0.48218276211991806 525.13415904616704 413.18797684038873 176.6726769436209 19.070295291021466 16.359380541369319 140.44034033123171 42.864416980359238 587.4685019995668 267.61117353208829 69.144053122960031 383.18967573199188 269.41267592157237 3.5339987017214289 272.07770831603557 254.01401111064479 52.330947047972586 284.76837502903072 214.07073659240268 181.96566944755614 15734.211211699207 242.59481526340824 149.5975873679854 299.55321661569178 41.258291953941807 357.5669149637979 5.2065908438817123 42.243868165067397 30.300596906919964 563.7913682917133
leaf_count=5843058 10896 292627 25596 61020 51399 232 72853 388965 152 8719 13688 40020 3811 8308 94304 1574 10181 681 1448 229044 11415 20085 812 50151 9508 991 463 20826 227 3943 52243 22275 53 12457 21427 11811 155 95 3620 2143 1581042 111028 583 9904 13782 124 6172 2335 2400 7079 2656 1671 323372 114685 1459 47959 2106 76609 213 725 735 7202
internal_value=-0.00157483 0.00270018 0.00422342 0.0409241 0.00288834 0.00912998 -0.00108529 -0.0208877 0.00679343 -0.0685905 -0.0517238 0.0376433 -0.0176526 -0.00872214 0.00581288 0.0169235 0.00230212 -0.0640189 0.052003 -0.0366829 0.00368226 0.0144527 0.00778434 0.000103767 -0.00413879 0.000770516 -0.0355416 0.0176496 -0.0533163 0.023032 0.00339256 0.038556 -0.0522646 0.000866154 -0.0209241 0.0677061 -0.109956 -0.0464131 0.017328 0.0792581 -0.0596571 0.00162009 0.000907375 0.00169139 0.0447797 0.0687901 0.0279629 0.00537808 -0.0231999 0.0122373 -0.000396149 -0.0183405 0.00196633 -0.061828 0.0158512 0.0303254 0.0835079 -0.027675 0.106216 0.00124251 0.0446278 -0.00630397
internal_weight=35795.1 33648.6 32732.5 1148.94 31583.6 12285.7 19297.9 1731.13 11355.1 2146.49 916.132 930.508 230.542 1340.82 11175.3 2683.31 8491.95 49.0932 727.173 197.981 8296.41 2069.05 1797.69 6227.36 5255 4101.56 276.222 1397.48 227.535 972.363 3825.34 74.0016 173.323 17566.8 587.482 179.895 72.1286 35.4297 888.752 67.5071 842.13 16979.3 16454.2 16186.5 662.648 272.947 389.701 3647.81 843.726 821.245 536.477 322.406 16117.4 830.063 497.095 347.497 49.3555 791.395 47.9442 711.45 105.414 606.035
internal_count=9717117 3632432 1887740 86616 1801124 430960 1370164 818540 390027 6084685 1744692 40933 241627 429575 378064 74499 303565 913 23100 237816 209261 61800 41715 147461 116168 106660 1931 30300 1468 31293 104729 38069 229097 551624 94280 11963 477 250 21112 6086 1706623 457344 444887 333859 21526 13906 7620 54578 371636 15026 7947 5291 333276 1695727 57939 56480 15794 369236 8521 9474 1547 7927
is_linear=0
shrinkage=0.08


Tree=60
num_leaves=63
num_cat=0
split_feature=17 10 0 1 16 11 15 11 14 15 1 11 14 1 3 0 15 14 14 1 15 8 15 14 10 8 15 10 10 0 1 14 15 3 10 15 11 7 18 17 17 1 11 3 1 16 10 17 1 11 1 10 11 11 1 12 16 1 11 0 16 16
split_gain=1467.11 438.438 238.666 159.956 155.734 154.959 106.427 198.764 152.851 249.343 418.788 186.947 152.297 138.916 131.958 125.338 125.01 239.212 150.581 229.273 166.917 150.055 119.873 107.649 106.875 101.369 100.726 97.9031 90.0688 87.8093 81.1455 81.0426 89.6209 76.705 76.4262 76.1536 75.4357 84.534 71.7404 71.4241 69.295 65.5042 66.4515 65.2183 99.8294 63.1223 124.845 108.412 106.124 108.12 101.898 71.1475 78.0759 78.986 70.3531 61.7435 61.4013 100.341 73.7488 60.4531 59.9522 59.3165
threshold=0.74014180898666393 0.56916823983192455 0.96347683668136608 0.70411264896392833 9.5000000000000018 0.92403846979141246 3.5000000000000004 0.46247655153274542 3.5000000000000004 2.5000000000000004 0.58890721201896679 0.88589513301849376 3.5000000000000004 0.13908451050519946 1.0000000180025095e-35 0.86439567804336559 4.5000000000000009 4.5000000000000009 4.5000000000000009 0.16532605141401294 5.5000000000000009 1.0000000180025095e-35 5.5000000000000009 4.5000000000000009 0.90489491820335399 1.0000000180025095e-35 4.5000000000000009 0.90023696422576915 0.45910002291202551 0.46262025833129888 0.98542153835296642 5.5000000000000009 6.5000000000000009 1.0000000180025095e-35 0.83886700868606578 2.5000000000000004 0.89386734366416942 1.0000000180025095e-35 1.5000000000000002 0.54802158474922191 0.99999865889549266 0.18582309782505038 0.61633425951004039 1.0000000180025095e-35 0.86470213532447826 11.500000000000002 0.8337790071964265 0.99999865889549266 0.81725123524665844 0.80735492706298839 0.96483230590820324 0.8337790071964265 0.68020617961883556 0.77836257219314586 0.93885505199432384 1.0000000180025095e-35 12.500000000000002 0.3061023354530335 0.44033896923065191 0.47750945389270788 8.5000000000000018 9.5000000000000018
decision_type=2 2 2 2 2 2 2 2 2 2 2 2 2 2 2 2 2 2 2 2 2 2 2 2 2 2 2 2 2 2 2 2 2 2 2 2 2 2 2 2 2 2 2 2 2 2 2 2 2 2 2 2 2 2 2 2 2 2 2 2 2 2
left_child=34 3 6 36 28 35 8 -8 15 25 -11 14 13 -9 -12 24 17 45 19 -18 41 -19 -21 -16 56 -10 30 59 55 38 -15 32 -22 -28 -1 -4 -2 -38 -30 -36 -26 42 -20 44 -17 47 -47 51 -49 -50 -51 52 -14 -54 -48 -5 57 58 -3 -27 -42 -23
right_child=1 2 5 4 -6 -7 7 12 9 10 11 -13 16 26 23 43 18 21 20 22 31 61 -24 -25 40 27 33 -29 29 -31 -32 -33 -34 -35 39 -37 37 -39 -40 -41 60 -43 -44 -45 -46 46 54 48 49 50 -52 -53 53 -55 -56 -57 -58 -59 -60 -61 -62 -63
leaf_value=-0.076794754557238262 -0.066181390245425908 0.016367753490009514 0.080217965590359305 -0.039179374744358453 -0.075951116229077839 0.077184580473126638 -0.053482027042867329 -0.079254067634152547 0.0019545744172724329 -0.079835456839616431 0.0091884341968313972 0.081473010883656993 0.018913626733865686 -0.018187792195865252 -0.086593071083239312 0.041805960472434664 -0.072648810654891358 -0.10289163411073422 -0.015999242295759518 -0.017709271805729836 -0.049809231667487762 0.0174204495555773 0.024266957592269125 0.063433648864077291 0.054479626374699927 0.026655455803717778 0.02602717726050973 0.069190387395952263 0.15275445911477908 0.010843550317410322 -0.17029333501428681 0.014772189168393209 0.033123918707588164 -0.093645055810405942 -0.069606716908624397 0.015136095425134164 -0.017546631102672263 0.28409768574567212 -0.01753002834603952 0.0083816913375669728 -0.0056579841141174737 0.01341152401641782 0.065027633600974688 0.080850496445497785 -0.052272907310155665 -0.059558731540403476 0.0058823701024020318 0.021784936660812656 0.045169398762325015 -0.04993685544555785 0.0068375317740604815 0.04128389723897511 0.33409497416447009 0.12126863305818905 0.07393716525435641 0.099476149124356358 -0.015726800167950267 0.022136979065402775 0.093925949166683814 -0.054478880744767366 0.012693803643172297 -0.061477674524030211
leaf_weight=1602.1265804058639 859.34091947990237 114.59961085789837 124.9949692087248 162.75272884315928 152.15647823759355 380.69844253454357 454.17928878575913 210.87342348787934 1736.8857022312586 623.35599758799071 558.44171927493881 166.56845056047314 24.834335205378011 2094.2197901796608 193.35778003936866 626.16529738006648 422.38146659263293 185.3624653754523 80.251359006157145 2170.7583791771322 523.05029843971715 178.69936367278569 544.65325487268274 36.365950974577572 174.17372207937296 251.31082074492588 526.85187473613769 334.4738747193478 70.085718839080073 125.08377084982931 22.690001375187421 287.48106430473854 99.211628105171258 36.66350625778432 159.68022162368288 1448.6979809213663 22.778446570184315 8.0463030889222882 20.455504278535955 141.98281597814639 2396.4767329876777 1454.2928355266922 335.96343698786222 219.76485125534236 81.592422984540462 185.42411738057854 3742.9064512234472 3598.7871137012262 199.66009545268025 390.9487441869569 419.33261756505817 168.75873455023975 16.75700177217368 33.415734946640441 99.810327207669616 23.524986249336507 190.48331293402589 1355.7950400305563 248.85532135769608 76.716293345525628 2171.682860443485 92.579582727223169
leaf_count=5439165 1887586 42224 8586 184408 269274 43813 273165 22621 82733 121158 18325 3457 17397 48556 3211 8757 49840 25185 7144 41222 9426 6367 13639 687 13174 25902 20553 10899 33717 3503 641 6942 3537 564 319683 38387 28103 1984 40382 112121 40133 28140 4689 8543 1029 52071 49677 63647 1985 4824 12963 9350 5645 8035 4496 381 39231 50398 12057 1121 25987 4788
internal_value=-0.00152239 0.0023535 0.00429277 -0.040766 -0.00701939 0.031385 0.00253705 -0.001209 0.00856623 -0.00413424 -0.0288326 0.00446765 9.93049e-05 -0.0167353 -0.0118064 0.0152309 0.00328991 0.00905534 -0.00580656 -0.0178186 0.0077502 -0.0474131 -0.00928974 -0.0628434 0.0113895 0.01211 -0.0118168 0.0387347 0.0190775 0.0542779 -0.0198181 -0.0203571 -0.0365866 0.018241 -0.0698395 0.0203054 -0.0617707 0.0611927 0.114283 -0.0329002 0.00495465 0.0214205 0.0494047 0.0427811 0.0309603 0.0119589 0.00455625 0.018104 0.015354 -0.00756185 -0.0205553 0.0700978 0.134926 0.19235 0.00765002 -0.0216686 0.0273689 0.0321436 0.0694714 0.00768042 0.00306637 -0.00950518
internal_weight=35460.3 33556.5 32112.3 1444.22 554.059 1954.39 30157.9 18600.8 11557.1 3977.48 1578.09 954.734 18146.6 2891.3 788.165 7579.59 15255.3 9337.28 5918.04 3137.79 2780.25 456.641 2715.41 229.724 6652.07 2399.39 2680.43 662.501 401.903 215.625 2116.91 909.743 622.262 563.515 1903.79 1573.69 890.166 30.8247 90.5412 301.663 4742.33 1870.51 416.215 927.523 707.758 8880.64 4028.14 4852.49 4608.73 1009.94 810.281 243.766 75.0071 50.1727 3842.72 186.278 1909.73 1719.25 363.455 328.027 4568.16 271.279
internal_count=9717228 3846259 1396921 2449338 531665 90786 1306135 797109 509026 267493 146838 25680 523944 92935 22223 241533 431009 266430 164579 104701 59878 36340 54861 3898 223204 120655 70314 37922 262391 77602 49197 19905 12963 21117 5870969 46973 1917673 30087 74099 431804 79294 39973 11833 18329 9786 230090 106244 123846 83419 19772 17787 40427 31077 13680 54173 184789 143910 104679 54281 27023 66120 11155
is_linear=0
shrinkage=0.08


Tree=61
num_leaves=63
num_cat=0
split_feature=17 10 0 0 15 11 14 15 1 11 9 14 0 15 11 3 1 1 14 15 9 14 14 9 15 9 3 1 10 16 8 11 9 9 11 0 14 15 8 10 1 14 15 1 9 11 11 11 1 10 1 10 9 11 11 1 0 1 11 14 10 11
split_gain=1347.78 401.453 226.242 135.985 96.8986 184.35 143.839 207.619 367.578 203.878 155.229 135.368 124.557 118.4 118.687 110.094 101.217 100.77 127.229 90.3552 237.768 269.142 129.078 215.001 156.537 148.021 127.358 118.832 83.4714 81.8014 81.4603 108.795 163.554 148.613 110.159 81.5232 81.4305 92.5289 79.2072 105.404 78.3864 77.9047 76.256 82.0387 106.555 97.6939 106.641 82.1158 98.9495 89.172 77.5377 72.5791 72.5696 70.8412 70.3939 66.9602 92.7829 89.7627 69.6874 66.0702 65.4057 64.2847
threshold=0.74014180898666393 0.55255886912345897 0.99999997019767772 0.27842779457569128 3.5000000000000004 0.42644809186458593 3.5000000000000004 2.5000000000000004 0.54257029294967662 0.87895435094833385 0.68457102775573742 3.5000000000000004 0.82525211572647106 4.5000000000000009 0.80982515215873729 1.0000000180025095e-35 0.86470213532447826 0.98542153835296642 4.5000000000000009 4.5000000000000009 0.99350652098655712 4.5000000000000009 4.5000000000000009 0.77459678053855907 5.5000000000000009 0.95803993940353405 1.0000000180025095e-35 0.74872356653213512 0.90952175855636608 8.5000000000000018 1.0000000180025095e-35 0.78086891770362865 0.77849930524826061 0.88493067026138317 0.86240702867507946 0.82525211572647106 5.5000000000000009 6.5000000000000009 1.0000000180025095e-35 0.92545253038406383 0.93885505199432384 2.5000000000000004 5.5000000000000009 0.8482024371623994 0.99350652098655712 0.82413583993911754 0.71010190248489391 0.92718276381492626 0.46033254265785223 0.99802371859550487 0.98542153835296642 0.85341826081275951 0.7320508360862733 0.84409722685813915 0.8263767957687379 0.021542506292462352 0.71112373471260082 0.069412618875503554 0.73746865987777721 4.5000000000000009 0.81585493683815014 0.8521554470062257
decision_type=2 2 2 2 2 2 2 2 2 2 2 2 2 2 2 2 2 2 2 2 2 2 2 2 2 2 2 2 2 2 2 2 2 2 2 2 2 2 2 2 2 2 2 2 2 2 2 2 2 2 2 2 2 2 2 2 2 2 2 2 2 2
left_child=51 3 4 -2 6 -6 12 38 -9 10 -10 13 28 14 -7 16 -14 18 -12 20 21 30 23 -21 25 27 59 -24 -3 -5 55 32 -32 34 -33 -35 37 -26 -8 -40 -4 -16 43 44 45 46 -25 48 -46 -50 -45 -1 -53 -44 -18 56 58 -57 -13 -22 -28 -29
right_child=1 2 40 29 5 11 7 8 9 -11 17 19 15 -15 41 -17 54 -19 -20 22 26 -23 24 42 36 -27 60 61 -30 -31 31 33 -34 35 -36 -37 -38 -39 39 -41 -42 -43 53 50 47 -47 -48 -49 49 -51 -52 52 -54 -55 -56 57 -58 -59 -60 -61 -62 -63
leaf_value=-0.076031895659991008 -0.06636000149031096 0.023093222389440712 0.024143907419691829 0.0038185482033428158 -0.062690910150763585 -0.039061259446686938 0.0022019074637522058 -0.078393384833241903 0.098290505892554489 0.076540685341858344 -0.054720454675329384 -0.017658312437378289 0.03135476464919823 0.015602213276793675 0.12644404634167572 0.072891310400433035 -0.10046780667174433 0.031321215036008591 0.045508944124721465 -0.067989617264396382 0.091702499284093561 -0.070575740896645617 0.02402659198006854 0.020436009321173749 -0.047709204108146913 0.068433703322820144 -0.014357394888745901 0.0060700137559974833 0.0034337211279500228 -0.067077304319504955 -0.054398585269023032 -0.074395750917031753 0.027510402369327749 -0.012174405072989971 0.014679641340284898 0.036347233465188679 0.016094269192496968 0.034893317826247557 0.0077444611845497117 0.07257827258956151 0.070599867106358641 -0.0070881973158645533 0.0050324351173713193 0.013062328576953788 0.029645912479415577 0.028405274955599507 -0.049842348850824045 0.039419843558767709 -0.062459894659080306 -0.23530230608016423 -0.19411789241624178 -0.048138347850630973 0.069324692715155872 0.075668800728925151 0.020463410019746674 0.05582210752931635 0.0239256642596847 0.015171801456441827 0.023823473392473912 0.015901597894771448 0.043601801893050622 -0.056550884973609793
leaf_weight=1507.7536312851298 679.69319059114787 2058.9689205140457 614.50375867215917 430.68501992002712 301.93031761460588 1338.5703426850378 1746.6854168477294 559.13817906647455 71.330724117608042 191.45749473004253 532.1605062156741 1222.6098366199585 1020.6785643972107 640.07697879805346 28.710321588645456 377.24640899384394 67.350145631004125 161.96725298496312 95.617913525755284 426.91149435233092 365.46550190373091 299.29995478197816 1160.096866383974 212.18726414191769 542.31644964279258 348.4574383571744 221.81812685742625 207.14659920166014 4205.1877237881417 137.38572439886048 184.19264155739802 378.18057817121735 1020.0305475113273 1085.2498885299428 116.14435197535204 278.47599959047511 297.53764857706847 103.32611428995733 385.65860416661599 274.86569479573518 373.88902211259119 1073.0768226794025 468.20330427709268 673.30894743901445 74.314339220232796 336.14441154539236 396.2187147376244 62.523648645292269 514.94911729061278 19.839270362630486 11.763005879212868 231.04087618380436 39.40207153922529 112.74975480316789 56.775563302915543 404.50578189102816 857.54555358208017 2473.6405245813949 328.92115427317913 92.148927808302687 284.34337164461613 212.59503565626801
leaf_count=5487467 1956252 167970 18858 252914 236097 69914 85893 127466 4379 4867 16149 104827 14433 35980 339 18251 701 7050 3428 74632 5997 40815 31306 4950 10873 9446 6131 2048 69321 138168 17849 11535 15333 23588 2613 6183 7875 4094 35959 10512 42744 14068 10606 8259 857 4570 9694 1248 7385 454 526 371766 10669 1857 1287 5866 7871 46995 3826 3164 16052 4013
internal_value=-0.0013312 0.00230132 0.00403884 -0.0422158 0.00283676 -0.000673704 0.00853896 -0.0037525 -0.0259748 0.00187152 -0.0147309 0.000318416 0.0148833 -0.0150224 -0.0230549 0.0354104 0.0230593 -0.0249391 -0.0394544 0.00331062 0.00816269 0.00396262 -0.00423572 -0.0150053 0.00817521 0.0212386 0.0458536 0.010829 0.00989561 -0.0133273 0.00663456 -0.00374848 0.014982 -0.0158879 -0.053467 -0.00226617 -0.0185325 -0.0344898 0.0111258 0.0347239 0.0417173 -0.00360862 -0.00715725 -0.0136954 -0.0235296 -0.00620818 -0.0253321 -0.0478899 -0.0568521 -0.0688719 0.00950495 -0.0691868 -0.0310246 0.0187413 -0.0451534 0.0126482 0.00280778 0.020885 -0.00886427 0.0764386 0.018202 -0.0256469
internal_weight=34995 33216.8 31969 1247.76 30980.6 19175.5 11805.1 4018.88 1611.67 1052.53 861.076 18873.6 7786.21 3080.43 2440.36 1522.05 1144.8 789.746 627.778 15793.2 9612.57 8648.8 6180.59 3309.11 2871.48 1928.3 963.776 1579.84 6264.16 568.071 8349.5 3062.27 1204.22 1858.05 494.325 1363.73 943.18 645.643 2407.21 660.524 988.393 1101.79 2882.2 2301.25 1616.18 944.55 608.406 671.626 609.103 534.788 685.072 1778.2 270.443 580.953 124.126 5287.22 2409.08 2878.15 1551.53 457.614 506.161 419.742
internal_count=9716240 3846338 1499004 2347334 1437402 869736 567666 295703 163339 35873 31006 633639 271963 120301 84321 34672 16421 26627 19577 513338 318645 287301 194693 125038 69655 46813 31344 37367 237291 391082 246486 77101 33182 43919 14148 29771 22842 14967 132364 46471 61602 14407 50406 37943 29158 19214 14644 9944 8696 7839 8785 5869902 382435 12463 1988 169385 116524 52861 108653 9161 22183 6061
is_linear=0
shrinkage=0.08


Tree=62
num_leaves=63
num_cat=0
split_feature=17 10 0 9 0 1 10 1 16 16 10 13 10 10 3 12 10 16 10 0 17 17 8 16 0 16 9 3 1 14 15 10 9 4 17 1 9 15 9 10 9 1 16 15 3 17 13 16 0 10 0 16 6 0 0 0 16 12 15 10 9 10
split_gain=1213.95 403.468 195.289 146.614 102.057 95.5568 110.246 83.8569 82.1587 65.0712 320.839 95.2408 149.607 125.802 71.1644 60.7938 65.0362 58.5423 109.954 57.4129 55.4864 54.4787 49.8442 48.5996 47.8633 52.8032 58.512 67.2725 62.2233 50.506 129.817 42.9354 68.1201 42.4242 47.1235 51.4464 42.0003 96.7182 56.8632 43.7917 41.8663 52.3577 41.3262 41.2888 42.161 40.5064 40.4804 39.7059 39.5464 38.1913 37.6564 36.7021 35.7418 35.5276 35.4446 89.6639 88.7918 74.6011 64.7351 53.421 60.6618 48.501
threshold=0.68545380234718334 0.55391839146614086 0.99999997019767772 0.89699381589889537 0.061489565297961242 0.99999997019767772 0.872827708721161 0.93885505199432384 8.5000000000000018 12.500000000000002 0.88255575299263012 1.0000000180025095e-35 0.97845596075057995 0.90952175855636608 1.0000000180025095e-35 1.0000000180025095e-35 0.44865804910659796 6.5000000000000009 0.98369517922401439 0.64604702591896068 0.93800827860832225 0.99588334560394298 1.0000000180025095e-35 2.5000000000000004 0.64604702591896068 8.5000000000000018 0.96590471267700206 1.0000000180025095e-35 0.98542153835296642 2.5000000000000004 3.5000000000000004 0.81585493683815014 0.7320508360862733 1.0000000180025095e-35 0.70492964982986461 0.61862418055534374 0.96590471267700206 2.5000000000000004 0.92031747102737438 0.96987840533256542 0.83438819646835338 0.56209462881088268 4.5000000000000009 6.5000000000000009 1.0000000180025095e-35 0.96686512231826793 1.0000000180025095e-35 3.5000000000000004 0.82525211572647106 0.96568545699119579 0.34670504927635198 5.5000000000000009 1.0000000180025095e-35 0.32067215442657476 0.55393069982528698 0.78524649143219005 6.5000000000000009 1.0000000180025095e-35 3.5000000000000004 0.99802371859550487 0.36032788455486303 0.99802371859550487
decision_type=2 2 2 2 2 2 2 2 2 2 2 2 2 2 2 2 2 2 2 2 2 2 2 2 2 2 2 2 2 2 2 2 2 2 2 2 2 2 2 2 2 2 2 2 2 2 2 2 2 2 2 2 2 2 2 2 2 2 2 2 2 2
left_child=31 3 4 47 -3 9 22 -4 15 11 19 14 13 51 20 16 23 -14 -19 -11 33 -20 -7 -5 -15 26 27 -26 29 -28 -31 -1 -33 34 35 -6 38 -38 52 46 41 -16 -36 44 -41 -24 -39 -2 -40 -32 -17 -13 -12 -35 58 -56 -57 61 -22 -59 -61 -58
right_child=1 2 7 8 5 6 -8 -9 -10 10 36 12 17 24 40 50 -18 18 21 -21 54 -23 45 -25 25 -27 28 -29 -30 30 49 32 -34 53 42 -37 37 39 48 43 -42 -43 -44 -45 -46 -47 -48 -49 -50 -51 -52 -53 -54 -55 55 56 57 59 -60 60 -62 -63
leaf_value=-0.077843173547138003 0.085677225595775897 -0.045013952398950612 0.021014034490454109 1.2880601868363415 0.25604801769421026 -0.15720371617256457 0.056569863420076895 0.070207005532844383 -0.062291417675260745 -0.065326376133145805 -0.045126772907539643 -0.0070219734936746358 0.05198642762465739 -0.0029041623088325113 0.035857112363369879 0.25696272776359225 0.030776436296775029 -0.052683580048009139 0.19878398244565032 -0.015061569564231552 0.027716989987327141 0.027242767977770081 0.14878202945390753 -0.044504624652978456 -0.029303047366085168 -0.0059326098290867872 -0.045097640252634533 -0.083317422725045651 -0.16324302186091799 0.08714395590372688 -0.025978155706457333 -0.057227960627590065 0.068736800279829549 0.062647346416796409 -0.015527368696198906 1.9381537685279251 0.073367555592564623 -0.026650172427390952 0.0094236648325972099 -0.041645751997691258 0.041644707605869524 -0.14609711353132326 0.075875758601539986 0.04827393958299913 0.0074089642269536612 0.0040897516547905403 0.0072016876413851022 -0.066168996048942552 0.057760437966640578 0.01798817296484986 0.060669381421501738 0.0098673332155702377 0.002533750198431467 -0.041733674058786349 -0.005506905975761517 0.052188097983165135 -0.022461760578824815 0.0042970434727081569 0.0033632572477556651 -0.07644363717361552 0.052633169184852086 -0.13982808879309697
leaf_weight=1249.2869497798092 11.181257100077344 288.58232331703766 603.78312980104238 0.17537329366314125 5.5379160535812835 12.039103082381187 447.88463299209252 350.52690330380574 134.16312566700799 580.47064754235907 102.19959902542178 1052.2673850953724 426.28700858174125 2254.2453257025918 23.822159694071161 7.0555642887484273 163.4993145148037 127.28786964673782 12.205985217238775 194.05031553987646 1305.7970414367737 404.7473642838886 12.660586752681409 144.32049690515851 511.44783039501635 1262.227785546449 229.59289146773517 207.41737118922174 17.786872998811305 91.373018926009536 488.79318671859801 229.87270039637224 31.206225183821516 33.386686470883433 39.810370969818905 0.11886435135966156 85.83967195963487 323.87980806315318 236.02885226067156 596.13540059374645 614.86635956930695 17.598250245384406 154.59539847390261 42.957410598173738 138.11013435572386 564.03853329492267 748.68944344390184 769.70287127254414 200.21429097605869 170.57020851783454 55.104929581051692 3787.2080831731437 6872.7752028303803 55.661386113613844 2836.9617363495054 372.25378886633553 87.22587533807382 942.687519224477 1502.0671974156576 25.331326575600542 290.91575239715166 30.383713036542758
leaf_count=4972917 12433 69659 18878 48 4673 870 35864 42832 239709 343049 21282 105764 6041 69212 558 387 85174 1255 597 4584 48770 4876 3320 188973 5803 11683 1997 1990 475 840 5269 466300 15709 19630 7794 116 3067 2797 3027 7975 26478 251 42516 1327 2543 15043 7152 2115283 3218 1720 533 384365 119096 7297 43491 17081 627 8010 71733 256 11997 421
internal_value=-0.00153947 0.00166398 0.00344092 -0.0422802 0.00233762 0.00278506 0.0266583 0.0390831 -0.00865747 0.00194627 -0.00325286 0.0046612 -0.000211857 -0.00310213 0.0111147 0.0107822 -0.00378289 0.0297858 0.0123967 -0.0527329 0.00895466 0.0322645 0.00390301 -0.0428873 -0.0116994 -0.0183544 -0.0274862 -0.0448881 -0.0149529 -0.0122624 -0.00222061 -0.0716771 -0.0421717 0.0433359 0.0637813 0.291394 0.000847279 -0.0096462 0.0035879 -0.0134985 0.0364004 -0.0414496 0.0571582 -0.0279586 -0.0324187 0.00726626 -0.00302043 -0.0639948 0.0316079 -0.0146045 0.0829498 0.00619502 0.00183541 -0.00259822 0.00761025 0.00327596 0.0175238 0.0081497 0.014689 0.013842 0.0422941 -0.0527826
internal_weight=34578.9 33068.5 31783.3 1285.2 30829 30540.5 1036.62 954.31 504.319 29503.8 10121.4 19382.5 11043.5 10072.9 8339.02 370.156 307.995 970.528 544.241 774.521 7682.73 416.953 588.738 144.496 5233.45 2979.21 1716.98 718.865 998.116 980.329 750.736 1510.37 261.079 289.111 200.063 5.65678 9346.83 1935.61 7411.22 1849.77 656.287 41.4204 194.406 777.203 734.246 576.699 1072.57 780.884 436.243 659.363 62.1605 4839.48 6974.97 89.0481 7393.62 4585.76 1748.8 1376.54 2807.86 1258.93 316.247 117.61
internal_count=9716635 4261709 1619169 2642540 1557459 1487800 55097 61710 514824 1432703 519117 913586 601887 589118 311699 275115 274195 12769 6728 347633 284412 5473 19233 189021 98989 29777 18094 7793 10301 9826 7829 5454926 482009 82026 55099 4789 171484 24861 146623 21794 27287 809 50310 11845 10518 18363 9949 2127716 6245 6989 920 490129 140378 26927 202386 81883 38392 21311 120503 20263 12253 1048
is_linear=0
shrinkage=0.08


Tree=63
num_leaves=63
num_cat=0
split_feature=17 10 0 0 11 13 16 16 10 1 0 9 10 16 11 9 14 11 0 1 9 9 16 10 10 11 14 16 10 9 14 9 11 9 11 11 3 3 0 16 2 10 0 1 17 0 1 9 10 11 10 1 9 0 1 10 1 17 11 9 1 0
split_gain=1120.42 322.082 186.776 97.9478 87.7661 128.733 94.7386 80.6859 78.6498 75.9409 75.7397 70.4719 69.5878 126.298 78.981 63.1554 58.1393 69.6399 56.4566 63.7699 110.282 79.8266 84.6517 70.3566 68.803 58.7269 73.8323 56.0328 196.789 60.8245 83.4663 75.6145 199.4 63.6306 61.9024 59.2944 64.6518 51.5422 47.5461 59.435 44.7784 48.2478 44.0223 61.2417 43.1225 42.8788 57.0258 43.0821 58.2861 351.813 42.2461 41.6273 55.0434 41.1761 40.7496 39.6714 38.789 38.2251 43.106 36.1768 36.2323 106.299
threshold=0.74014180898666393 0.49890829622745519 0.99999997019767772 0.088458150625228896 0.86582550406456005 1.0000000180025095e-35 8.5000000000000018 4.5000000000000009 0.83886700868606578 0.96483230590820324 0.74717828631401073 0.81530213356018078 0.6765437424182893 9.5000000000000018 0.52223318815231334 0.43534001708030706 4.5000000000000009 0.93419912457466137 0.86439567804336559 0.73157235980033886 0.96922346949577343 0.96178188920021068 8.5000000000000018 0.77909308671951305 0.97845596075057995 0.93419912457466137 4.5000000000000009 12.500000000000002 0.872827708721161 0.92422503232955944 2.5000000000000004 0.86526826024055492 0.79784947633743297 0.89386734366416942 0.78629973530769359 0.84889996051788341 1.0000000180025095e-35 1.0000000180025095e-35 0.55393069982528698 3.5000000000000004 1.0000000180025095e-35 0.96568545699119579 0.91171297430992138 0.65922945737838756 0.86080065369606029 0.52508750557899486 0.72038009762763988 0.69282051920890819 0.54581964015960704 0.6900656819343568 0.96987840533256542 0.73727309703826915 0.76253134012222301 0.25785320997238165 0.41284884512424475 0.99802371859550487 0.74872356653213512 0.52950021624565136 0.81530213356018078 0.68457102775573742 0.050634842365980155 0.32067215442657476
decision_type=2 2 2 2 2 2 2 2 2 2 2 2 2 2 2 2 2 2 2 2 2 2 2 2 2 2 2 2 2 2 2 2 2 2 2 2 2 2 2 2 2 2 2 2 2 2 2 2 2 2 2 2 2 2 2 2 2 2 2 2 2 2
left_child=8 7 3 -3 12 6 -6 -2 -1 55 -8 57 13 14 -5 -16 -12 56 19 20 -7 22 23 -21 -23 26 -20 29 -29 31 50 35 -33 -34 -32 36 38 -25 39 -14 44 -42 -40 -44 59 46 -17 48 49 -48 -31 -46 -53 -9 -38 -4 -18 -10 -59 -41 61 -61
right_child=1 2 9 4 5 18 10 53 11 -11 16 -13 27 -15 15 45 17 -19 25 21 -22 24 -24 37 -26 -27 -28 28 -30 30 34 32 33 -35 -36 -37 54 -39 42 40 41 -43 43 -45 51 -47 47 -49 -50 -51 -52 52 -54 -55 -56 -57 -58 58 -60 60 -62 -63
leaf_value=-0.076101510703985562 0.020797348938303099 -0.039712296975127001 0.011086348468265783 -0.06300197090024269 0.045767630341617453 0.024692863667650295 -0.026860829390434646 -0.075186792598539415 -0.072827571499450128 0.073491601374151602 0.03546868980860917 0.094540346019551649 -0.060871381800887553 -0.066405689638868989 0.3834701557423788 -0.00082017367124857246 0.013623828022306913 0.073915792789802329 0.030034804883492475 0.012939124562654142 -0.039209382471283506 -0.0013345462344669242 0.015123563579780164 -0.021817138412189668 0.057443533609526767 0.07702242960081844 -0.050222748520413384 -0.0542092536706709 -0.0010582769591937289 -0.018400335507118806 0.031995132493217143 0.0055650207323355554 -0.086654574766902248 -0.030325733001912533 0.0076332584288088456 0.040490434792274252 0.018735828918955057 -0.074540813649204063 -0.0038411668500131671 0.018702640918198045 0.042549836305455849 0.0088830534179833234 0.062215267139826079 -0.02021389506826303 0.0017839172508146703 -0.026785259874261631 0.28513186272116231 0.046681628492589423 0.1631008665951709 5.9020345810782464 0.0293608926669751 0.074330646926171598 -0.0099631554058666489 -0.035571771937339854 -0.065186844161379626 0.054654176269116506 -0.1134130674250228 -0.012205067687521611 1.2042606041648971 0.7287537814902334 0.061141528153595241 0.12295859671942638
leaf_weight=1277.0681129893637 93.461281576543115 356.52049123655888 469.43944186845329 121.32284032770258 968.34135047523887 1148.4346226426715 258.84682862157933 396.81299586412206 128.09061816189205 276.33713996689767 518.10485606687143 26.663638315891149 74.55213294213172 275.73653553168697 2.8415353015006977 326.7813959041523 22.434658088721335 28.790136955212802 372.34456843743101 121.74955386939109 203.46589727056562 2021.8624388605385 229.29375418880954 189.74350840382976 136.02999431313947 119.9546207874082 91.358688125852495 471.50022799252474 8184.9347914993996 637.59668986711768 1375.9016818948148 1002.0673912312486 232.22432419363759 286.92536203828058 1296.543726552627 276.08239066699753 50.206075367343146 316.79260232287925 4202.5884690780949 70.484791468421463 526.05622935877182 565.05688952631317 152.46110998420045 92.795674223452806 2747.7822096593445 188.9695632738003 0.64547570256399822 145.29611439660948 9.7838684534945042 0.080238781752996147 145.59117354918271 119.08595409442205 84.942087416246068 291.1125768560014 141.0873881453881 187.05995947914198 48.936105105560273 122.56654144744971 0.18671479297336091 2.1896202852076376 30.118537271162495 12.086315700638805
leaf_count=5438039 105287 191823 6107 159422 47667 22543 6472 1425279 304847 39757 18292 5105 3145 335944 381 189302 353 1930 3986 5277 3999 45817 11069 2132 3594 6867 986 176973 157654 6775 27112 12715 2938 3824 21833 4195 949 2887 65136 63377 38297 15682 2457 1016 203223 3567 1017 27871 1203 134 3989 2507 1509 333041 1951 15898 811 122367 28 362 6716 1757
internal_value=-0.00135529 0.00179753 0.00303903 0.00197787 0.00246283 0.0104827 0.0285166 -0.0489473 -0.0677134 0.0383094 0.00947126 -0.0291121 0.000177634 -0.0197469 -0.00357854 0.00711162 0.0246823 -0.031113 0.00376079 0.000637815 0.0150753 -0.00583484 -0.0264822 -0.0416662 0.00237073 0.0271293 0.0142225 0.00111475 -0.00395331 0.00422081 0.0134452 0.00123302 -0.0152825 -0.0555226 0.0201759 0.00397951 0.00284328 -0.054791 0.00385712 0.00992681 0.0111963 0.0251148 -0.0019185 0.0310273 0.00624413 0.00551914 0.0181688 0.0579955 0.214411 0.906166 -0.00952173 0.00437266 0.039237 -0.0584227 -0.0431609 0.0235004 -0.0734803 -0.0422558 -0.0103548 0.0543314 0.110899 0.215874
internal_weight=34274.1 32719.5 31938.2 31005.3 30648.8 6796.48 1845.45 781.387 1554.58 932.837 877.113 277.508 23852.3 1071.46 795.721 674.398 618.266 100.161 4951.03 4367.37 1351.9 3015.47 857.579 628.286 2157.89 583.658 463.703 22780.9 8656.44 14124.4 3455.63 10668.8 1521.22 519.15 2672.45 9147.58 8871.49 506.536 8680.2 4232.35 4157.8 1091.11 4447.85 245.257 3066.69 671.557 482.587 155.806 10.5096 0.725714 783.188 2951.81 204.028 687.926 191.293 656.499 71.3708 250.844 122.753 114.879 44.3945 14.2759
internal_count=9717193 3846807 1983200 1921438 1729615 184682 75525 1863607 5870386 61762 27858 432347 1544933 718841 382897 223475 21386 3094 109157 97318 26542 70776 21365 10296 49411 11839 4972 826092 334627 491465 59709 431756 19477 6762 48945 412279 408084 5019 405184 336575 333430 53979 68609 3473 279451 223094 219527 30225 2354 1151 10764 207239 4016 1758320 2900 22005 1164 427242 122395 72212 8835 2119
is_linear=0
shrinkage=0.08


Tree=64
num_leaves=63
num_cat=0
split_feature=17 10 2 9 9 10 1 10 9 7 12 8 11 10 15 9 12 17 10 9 15 2 9 11 13 6 11 1 9 1 9 14 9 10 11 9 15 11 1 9 1 9 12 14 15 1 9 3 9 11 14 14 15 1 1 15 14 8 14 15 14 11
split_gain=1014.39 306.055 148.942 144.661 93.2018 84.1551 128.111 57.066 56.1706 55.1459 55.5706 92.0539 54.3657 53.1493 49.0749 48.3087 109.746 42.7766 54.0948 59.6201 41.5959 41.5683 41.0561 38.8072 80.3482 49.9697 52.9394 47.8936 72.0621 62.2062 91.6406 51.3209 42.4295 40.3829 36.6508 129.658 66.1861 43.0226 39.4829 42.666 37.6777 36.1854 34.7737 33.641 33.5813 82.3209 44.1643 111.69 102.282 63.9775 112.834 54.2602 62.2987 55.0485 49.2786 44.3851 47.4821 43.3822 82.2126 62.0907 56.5204 105.971
threshold=0.70111268758773815 0.51225519180297863 1.5000000000000002 0.87585616111755382 0.91331183910369884 0.99802371859550487 0.93885505199432384 0.81585493683815014 0.71516755223274242 1.0000000180025095e-35 1.0000000180025095e-35 1.0000000180025095e-35 0.53889366984367382 0.65678957104682933 1.5000000000000002 0.98484501242637645 1.0000000180025095e-35 0.98754072189331066 0.64654055237770092 0.56562757492065441 2.5000000000000004 1.0000000180025095e-35 0.7065996825695039 0.91715687513351452 1.0000000180025095e-35 1.0000000180025095e-35 0.5108746886253358 0.82482829689979564 0.9807620942592622 0.96483230590820324 0.95419579744339 3.5000000000000004 0.96590471267700206 0.97375312447547924 0.50944742560386669 0.49089704453945165 2.5000000000000004 0.27812939882278448 0.10325749218463899 0.58380150794982921 0.025850439444184307 0.70320320129394542 1.0000000180025095e-35 3.5000000000000004 4.5000000000000009 0.98542153835296642 0.99350652098655712 1.0000000180025095e-35 0.93643951416015636 0.81872946023941051 3.5000000000000004 4.5000000000000009 5.5000000000000009 0.36779527366161352 0.95155650377273571 6.5000000000000009 2.5000000000000004 1.0000000180025095e-35 4.5000000000000009 5.5000000000000009 4.5000000000000009 0.81284341216087352
decision_type=2 2 2 2 2 2 2 2 2 2 2 2 2 2 2 2 2 2 2 2 2 2 2 2 2 2 2 2 2 2 2 2 2 2 2 2 2 2 2 2 2 2 2 2 2 2 2 2 2 2 2 2 2 2 2 2 2 2 2 2 2 2
left_child=7 4 5 -4 -2 9 15 -1 14 10 12 -12 -3 17 -9 34 20 18 19 -13 -17 -22 -15 25 -25 26 -11 31 29 -29 -31 -26 -33 -30 37 -36 41 -7 39 40 -39 -37 -6 -41 -27 46 48 49 57 51 -51 53 -53 -48 -52 56 -55 58 -46 -60 61 -59
right_child=1 2 3 -5 42 6 -8 8 -10 23 11 13 -14 22 -16 16 -18 -19 -20 -21 21 -23 -24 24 27 44 -28 28 33 30 -32 32 -34 -35 35 36 -38 38 -40 43 -42 -43 -44 -45 45 -47 47 -49 -50 50 54 52 -54 55 -56 -57 -58 60 59 -61 -62 -63
leaf_value=-0.077097356908221212 -0.064398316397928382 -0.059772676376370439 -0.022704395973074651 0.058816397071939718 -0.020389521514026756 0.0085446208198655341 0.071878291932629762 0.07549262528787816 0.049483910471834626 -0.046798607855424577 -0.0084966573909164254 1.8140819523840901 -0.014495402054188486 0.10004282571258015 -0.063325464037578605 0.082094724626939022 0.061971510241636968 0.13555282674415703 2.0017744354407201 0.20090929449715961 -0.049360359406783662 0.055938911045707487 0.0035336867163722253 0.038562805128767232 -0.011881136525489992 0.0028629734151705256 -0.0051660794246107021 -0.060393989256314451 0.0012674344836667343 0.023147475331741857 -0.22826878588076871 0.054532229335625973 0.0043707069317479794 0.057010731257914282 0.077733979968001785 0.069994764084130759 0.002514762165985499 -0.023049275033400988 0.031050326859818438 0.10636232058578728 -0.095084276818365163 0.010076355862557009 0.058161864665348971 -0.026247755070706012 -0.030499496506155178 -0.17734452796388431 0.068983756447973527 0.043126317879226231 0.063943552801788414 0.076743649629306479 -0.04709607509909735 0.088774445125649679 -0.014379888844793352 0.044624363445722411 0.050614241968412452 0.049704779785665398 -0.037097532972470038 -0.0018817716539855545 0.021164069899322485 -0.05159024973045697 -0.0086178506292147149 0.055476548884023806
leaf_weight=1095.8149818310631 565.54333290421346 193.69747616903624 186.07949438149808 554.32887848652899 269.0630799276405 972.30070800083922 215.22547182068229 17.781449593341677 41.987842951755738 284.18642981693847 530.66174942525686 0.16881524962082295 1371.3320341458893 44.217643721509376 195.42614477011375 24.163732915185392 306.44127756310627 28.942884208139731 0.15354129424667906 1.1155197688349288 133.25416351575404 29.262296041473746 77.932774934277404 522.10621227533557 206.82342205318855 15186.43488700701 626.21225089168001 231.96124643807707 994.33486386034929 137.0401031098736 9.9524177458952163 292.74570647184737 170.93726356128172 90.767450137529522 179.73625206283759 154.20243859663606 2105.5305292048724 600.54530558217084 97.987051097443327 27.940330423065461 50.367956855159719 110.89284900808707 41.651470526543562 21.792514425294939 726.47447319950152 17.619658894836903 46.568652089626994 195.32266174256802 160.16765255018254 53.678334224707214 784.7836892172345 78.065070023643784 72.055564303766005 50.625529081036802 34.485296834958717 50.730809600732755 449.62954370962689 513.83731581822212 487.61274122849863 88.735802859519026 780.65039004737628 344.25914351126994
leaf_count=5081818 1806116 174354 5109 54002 382298 11031 26478 17248 19931 271182 115305 187 412632 997 455871 1118 26816 1228 29 972 2566 1234 912 22611 1405 426262 154216 2070 17482 2761 129 2262 1366 3507 2893 4090 44334 21289 1019 218 518 4390 1433 315 79357 258 493 1525 1378 455 9156 750 731 600 268 447 5032 7401 10824 3904 7287 2624
internal_value=-0.00123622 0.00158024 0.00286917 0.0383286 -0.0450593 0.00202134 0.0114919 -0.0691629 -0.0350922 0.000184836 -0.0117891 0.00724715 -0.0200992 0.0620205 -0.0517481 0.00879234 0.0325149 0.156711 0.582608 0.412948 -0.0158392 -0.0304004 0.0384694 0.00132124 0.0104319 0.00017044 -0.0181619 0.00355113 -0.00455842 -0.034592 0.00612484 0.0212584 0.0360401 0.00593029 0.00608526 0.0122246 0.00725786 -0.00275621 -0.0165145 -0.0231665 -0.0286234 0.0449301 -0.00985966 0.0482537 0.000999879 -0.00473305 -0.0041146 -0.0140228 0.00168628 -0.0209106 -0.0356211 -0.0037355 0.039262 -0.0145375 -0.0429832 -0.0215967 -0.0288273 -0.00170361 -0.0125997 0.00996267 0.00695889 0.0211298
internal_weight=33934.3 32583.3 31707.1 740.408 876.258 30966.7 5029.64 1351.01 255.195 25937 2248.22 683.193 1565.03 152.531 213.208 4814.42 493.121 30.3808 1.43788 1.28434 186.68 162.516 122.15 23688.8 2656.67 21032.1 910.399 2134.56 1464.06 378.954 146.993 670.506 463.683 1085.1 4321.3 2550.36 2370.63 1770.93 798.633 700.646 650.913 265.095 310.715 49.7328 20121.7 4935.3 4917.68 1815.95 3101.74 1620.62 872.947 747.675 150.121 597.555 819.269 550.986 500.255 2941.57 1302.82 576.349 1638.75 858.096
internal_count=9716494 4141626 1951779 59111 2189847 1892668 148309 5574868 493050 1744359 706616 119630 586986 4325 473119 121831 31734 2416 1188 1159 4918 3800 1909 1037743 53593 984150 425398 30982 25949 4960 2890 5033 3628 20989 90097 55707 52814 34390 23359 22340 21807 8480 383731 533 558752 132490 132232 19457 112775 17932 9879 8053 1481 6572 9424 6079 5632 111397 94085 14728 17312 10025
is_linear=0
shrinkage=0.08


Tree=65
num_leaves=63
num_cat=0
split_feature=17 10 0 11 15 1 0 12 16 10 15 11 14 1 15 9 14 14 1 1 15 9 1 15 9 0 14 15 1 11 10 9 1 16 9 11 9 11 0 1 14 16 11 9 11 1 11 9 14 9 9 1 11 9 9 11 11 17 16 3 1 1
split_gain=934.103 276.182 150.498 221.459 117.335 103.559 103.345 89.9644 88.6122 73.8832 67.6009 162.458 114.296 104.58 81.6416 161.744 221.644 120.234 197.818 110.313 99.7288 115.544 102.309 99.2429 91.3602 79.6565 79.2191 163.773 354.068 118.553 107.451 100.359 71.7206 78.9692 94.5361 126.505 82.7645 189.669 87.0888 78.3152 69.8611 73.2481 68.9894 109.56 97.8629 67.5142 128.533 80.4203 222.855 79.6353 72.3085 66.6038 63.0506 132.071 62.1682 67.8415 61.7077 71.0948 61.7457 62.2652 60.3022 59.4614
threshold=0.68545380234718334 0.47895757853984838 0.91171297430992138 0.92718276381492626 2.5000000000000004 0.45841453969478613 0.13173095136880877 1.0000000180025095e-35 6.5000000000000009 0.96196502447128307 3.5000000000000004 0.42644809186458593 3.5000000000000004 0.13908451050519946 4.5000000000000009 0.99350652098655712 4.5000000000000009 4.5000000000000009 0.24149302393198016 0.96483230590820324 5.5000000000000009 0.96178188920021068 0.27810649573802954 5.5000000000000009 0.81872946023941051 0.51370900869369518 3.5000000000000004 2.5000000000000004 0.61513167619705211 0.88589513301849376 0.90489491820335399 0.66287875175476085 0.74872356653213512 9.5000000000000018 0.87298336625099193 0.78629973530769359 0.78830558061599743 0.7454303801059724 0.71112373471260082 1.0000000180025095e-35 4.5000000000000009 9.5000000000000018 0.81530213356018078 0.83438819646835338 0.89386734366416942 0.12810420244932177 0.43288287520408636 0.98484501242637645 2.5000000000000004 0.94804316759109508 0.5604878067970277 0.96483230590820324 0.56294015049934398 0.74849396944046032 0.61938297748565685 0.71834933757781994 0.79118216037750255 0.97900259494781505 8.5000000000000018 1.0000000180025095e-35 0.54006531834602367 0.98542153835296642
decision_type=2 2 2 2 2 2 2 2 2 2 2 2 2 2 2 2 2 2 2 2 2 2 2 2 2 2 2 2 2 2 2 2 2 2 2 2 2 2 2 2 2 2 2 2 2 2 2 2 2 2 2 2 2 2 2 2 2 2 2 2 2 2
left_child=-1 7 6 4 -4 -6 -3 -2 -7 -10 26 -12 13 -13 15 16 32 18 -16 40 21 22 -19 -20 -22 -15 30 52 -29 31 -8 -30 33 -14 35 36 38 -38 39 -35 -17 -42 43 -34 -44 46 50 49 -49 56 -32 -27 -28 -54 -40 -56 57 -47 59 -58 -36 -23
right_child=1 2 3 -5 5 8 10 -9 9 -11 11 12 14 25 17 19 -18 20 23 -21 24 61 -24 -25 -26 51 27 28 29 -31 45 -33 42 34 60 -37 37 -39 54 -41 41 -43 44 -45 -46 47 -48 48 -50 -51 -52 -53 53 -55 55 -57 58 -59 -60 -61 -62 -63
leaf_value=-0.069751408742197887 -0.058280309446270898 -0.03299083025809519 0.069672622676422727 0.075907951696949902 0.04260430015731681 0.066051123741671977 0.027131270750761983 0.046251131274120047 0.015142072880288258 -0.012778306190652669 -0.06172487577854726 -0.070277163291835296 0.020818668624496928 -0.039665826262998659 -0.064677908442265106 0.088512711771166167 -0.067124887059555396 0.037703887760296803 -0.016390721039145791 0.011566065375751547 -0.088163251197761222 0.09101951348705449 -0.0069629787841452573 0.024675667480197526 -0.0063809378025102012 -0.00043383924247356216 0.0034688552363095681 -0.071958246293175834 0.10841644667448457 0.074602937964598964 -0.0051753488081847081 -0.013395524547609243 -0.070346595485182128 -0.021938009061380132 -0.040649093393508605 0.038581562432380145 -0.004453690454201735 -0.13788221707414314 0.051098871435838265 0.021176369384845496 0.04702979459579433 -0.13164793719681736 -0.063400869736656318 0.032804451047688449 -0.0040858168102764708 0.11649424697871279 0.041553977022160994 -0.0054480846943580309 0.082302615254159342 -0.067767424863011974 0.16781146466714225 -0.069288030713358872 0.074907937879205924 -0.014703165030420486 -0.013729211374262995 0.036945304715886362 0.010794524117792094 -0.019825580553838065 0.032874052116164149 -0.047398699696081639 0.0047691547314039438 0.0075692977434688256
leaf_weight=1225.0997957389191 614.8744626888365 578.2281362889189 205.24318601097912 374.92046481091529 453.41225428064354 128.67037485679612 1945.5168983695912 57.63245553530578 988.70091934874654 1569.4225444127806 286.22298429165676 211.63120838678151 2335.7296598443354 508.0646166165825 471.91779905745352 311.07480944161944 276.73179512376373 506.22037459335115 1788.5771183572215 402.07029862974014 99.884325526509201 185.40208837299724 933.18493718227546 477.08230097012711 700.64736467767216 1769.5420432596147 1797.4734055755835 590.52821457444225 46.537288799227099 146.47489305041381 918.15907681878889 619.75865129756858 81.344406498988974 836.1868645290524 471.66925819934113 697.55906712324941 319.4125848179101 86.688565191536327 346.19950196275022 397.96764479650301 63.617626369159552 19.089875566671253 290.19349043654802 347.08286381946527 460.53668376311543 24.967397515196353 791.76066429709317 689.96181412041187 253.19819957669824 141.18192785140127 15.729698643612208 94.725161483162083 252.02974646359507 180.7493311946746 369.40288829486235 311.7951884616632 358.70637107407674 1267.1854919320904 413.92291004955769 175.12344611342996 310.08972989486938 77.484305993813905
leaf_count=5455435 1845969 430911 12932 50494 6874 10942 257167 31464 10101 31570 282544 36951 105430 117924 74571 5923 56921 18317 64522 22434 12220 2889 26896 19715 12294 23531 131689 180311 3270 3979 27366 37130 4913 84474 11442 13442 6676 1765 3358 30838 1542 1142 12091 6923 14561 459 8808 10503 10945 2500 187 1128 13279 17617 2658 2865 7506 12482 6517 2422 10573 4646
internal_value=-0.00117838 0.00141088 0.00248471 0.0176036 0.0110695 0.00723919 0.000479603 -0.0493222 0.00127112 -0.00198723 0.00118403 -0.00196817 -0.000935265 -0.0163921 0.00192273 0.006659 0.00321209 -0.00597147 -0.017558 0.0410418 0.00670184 0.0176529 0.00874578 -0.00774333 -0.0165851 -0.0115851 0.00617973 -0.00340325 -0.0248147 0.00943793 0.0111573 -0.0048876 0.00575252 0.00905358 0.00242704 0.00824879 0.00031714 -0.0329361 0.00628833 -0.00803527 0.0711379 0.00578885 -0.0123958 0.0132194 -0.027014 0.0050032 0.0178418 -0.00166143 0.0181092 -0.00949268 -0.00226169 -0.00393239 0.0100691 0.037482 0.0234945 0.00946532 -0.0058196 -0.0171916 0.00968477 -0.00829583 -0.0226337 0.066423
internal_weight=33670.2 32445.1 31772.6 3720.37 3345.45 3140.21 28052.2 672.507 2686.79 2558.12 27474 16845 16558.8 2583.96 13974.8 8734.44 7938.59 5240.4 2737.58 795.853 2502.82 1702.29 1439.41 2265.66 800.532 2372.33 10629 3633.55 1403.3 812.771 6995.41 666.296 7661.86 6482.7 4146.97 3365.21 2667.65 406.101 2261.55 1234.15 393.782 82.7075 1179.16 428.427 750.73 5049.9 1725.65 3324.25 943.16 2381.09 933.889 1864.27 2230.25 432.779 1027.4 681.198 2239.91 1292.15 947.753 533.83 781.759 262.886
internal_count=9718948 4263513 2386080 122913 72419 59487 2263167 1877433 52613 41671 1832256 1098119 815575 179534 636041 399971 368930 236070 158808 31041 77262 52748 45213 84237 24514 142583 734137 387275 224690 44379 346862 40400 312009 273521 168091 146076 132634 8441 124193 115312 8607 2684 38488 11836 26652 89695 36361 53334 21448 31886 27553 24659 162585 30896 8881 5523 29386 12941 16445 9928 22015 7535
is_linear=0
shrinkage=0.08


Tree=66
num_leaves=63
num_cat=0
split_feature=17 10 0 0 6 10 11 0 11 14 10 11 4 13 1 9 1 9 9 1 10 11 10 2 0 6 0 0 2 11 10 11 9 17 14 0 9 10 9 10 9 10 9 11 1 3 14 0 11 8 9 12 0 9 11 0 1 17 1 12 3 11
split_gain=866.316 295.763 129.154 91.5946 90.2509 74.1106 63.7109 112.628 86.574 66.3713 64.1268 73.5415 84.8668 55.1334 42.7222 65.9349 42.5812 82.6444 71.8216 67.5878 66.3759 55.9617 45.3276 41.1854 36.2666 124.988 39.0445 34.9116 36.9205 51.6289 47.7534 45.0919 68.9062 60.004 34.3334 33.9354 33.5519 33.2725 65.7885 48.7741 70.1226 31.6869 39.7863 31.6802 51.4368 31.1514 43.5034 30.928 30.5436 30.5094 53.0935 35.6433 50.0659 38.9348 30.3976 30.1811 29.4932 29.4767 29.145 40.6815 35.1619 27.8836
threshold=0.65035194158554088 0.51225519180297863 0.99999997019767772 0.12792797386646274 1.0000000180025095e-35 0.99802371859550487 0.88589513301849376 0.86439567804336559 0.92718276381492626 4.5000000000000009 0.72021508216857921 0.5108746886253358 1.0000000180025095e-35 1.0000000180025095e-35 0.76111364364624035 0.93582704663276683 0.80947279930114757 0.96590471267700206 0.96922346949577343 0.96483230590820324 0.61151760816574108 0.95293468236923229 0.97845596075057995 1.0000000180025095e-35 0.30022829771041876 1.0000000180025095e-35 0.44403189420700079 0.55393069982528698 1.0000000180025095e-35 0.73746865987777721 0.9573054611682893 0.49770641326904302 0.47690120339393621 0.96686512231826793 4.5000000000000009 0.74717828631401073 0.90070420503616344 0.86374309659004223 0.80901721119880687 0.73704847693443309 0.93908470869064342 0.81585493683815014 0.81530213356018078 0.27139568328857427 0.26711896061897283 1.0000000180025095e-35 4.5000000000000009 0.18839602917432788 0.628892481327057 1.0000000180025095e-35 0.50944742560386669 1.0000000180025095e-35 0.48453648388385778 0.7927781641483308 0.92403846979141246 0.53794318437576305 0.96483230590820324 0.99164968729019176 0.62211257219314586 1.0000000180025095e-35 1.0000000180025095e-35 0.75905716419219982
decision_type=2 2 2 2 2 2 2 2 2 2 2 2 2 2 2 2 2 2 2 2 2 2 2 2 2 2 2 2 2 2 2 2 2 2 2 2 2 2 2 2 2 2 2 2 2 2 2 2 2 2 2 2 2 2 2 2 2 2 2 2 2 2
left_child=41 4 3 58 -2 56 10 13 9 14 11 -5 49 35 15 -9 18 19 20 23 47 57 -19 -18 -12 26 -26 28 31 30 -30 43 -33 37 -22 -8 -11 38 -34 40 -40 -1 -43 -27 -45 46 -23 -15 -6 55 -51 53 -53 -52 -36 -13 -4 -21 -3 -60 -61 -44
right_child=1 2 5 6 48 -7 7 8 -10 36 24 12 -14 16 -16 -17 17 22 -20 21 34 45 -24 -25 25 27 -28 -29 29 -31 -32 32 33 -35 54 -37 -38 -39 39 -41 -42 42 61 44 -46 -47 -48 -49 -50 50 51 52 -54 -55 -56 -57 -58 -59 59 60 -62 -63
leaf_value=-0.077920969004084739 -0.064297742494097157 -0.050508621275513726 0.0076125071342211118 -0.059785827257829452 -0.064583887098250775 0.064589927210029596 0.011719463387178053 0.067640575233475317 0.07180551312448176 0.12743716240085404 0.018291084949281756 -0.018983357984702912 0.089040267388809269 -0.029441646436558524 0.046663027726520402 -0.090703167592172132 -0.015964018507764476 0.00028060099906301601 -0.023276021792694186 0.25758551077758618 0.014580305952375496 0.067521248532877692 0.058163155532560337 -0.070000556839450168 -0.020045989170197336 0.0046438469821877574 -0.063908242567487061 0.00052221711728587183 0.057639007628771249 -0.0060373074052906808 0.016746567865062793 0.07488200365463267 0.027691976371049178 0.0042442307697545334 0.022380712105301587 0.04315924361401071 -0.063382602162733739 0.030582844452929827 0.23586226675237473 0.18561297356929413 1.4907985553626955 -0.052205242232538279 0.20756771661382345 -0.035748439797760267 0.04719956788996825 -0.27335710055216378 -0.24747376305295068 0.2571768006373123 0.0023412366221959515 0.20476178611570114 -0.052570521109039571 0.090953439955345911 -0.013252594867804585 -0.0031172775404664267 0.099224406813187047 -0.071698414346256734 0.058992726468899311 0.020535296597570824 -0.023251047541856976 0.11815533272866312 -0.15591991705308697 -0.020552710105409596
leaf_weight=878.66850254971359 548.58874167187605 258.44440620410023 456.61590914125554 202.85708895263087 53.117682088908623 312.40659559564665 623.95601194855408 29.057785543613136 311.41732313204557 6.396236725151538 839.11647800405626 372.99117922679579 55.195491667778697 3.0761324759660047 261.89724547043443 39.996426673140377 141.6384524848545 1522.0187615706091 271.50900596234715 3.4350483414746114 808.12172382908466 7.560055792899222 91.808781244326383 248.90966810207465 360.4964195346256 405.20204674186243 203.03845436853589 16755.108087328059 293.37524171726545 319.34573984891176 484.76820482267067 98.067620600326336 27.361878662879462 3023.7731827961106 69.990505118781584 339.15343929780647 75.595500718802214 115.39312100518146 0.75770013692090532 19.902484751364682 0.45674716250505298 180.52584028730053 6.5989826848090143 407.45586427801754 54.211428781592986 5.9378592332941471 4.4623189712001476 11.118124904533031 244.69952850620029 7.7942958325875216 124.06467356835492 55.463421201260644 63.05370700675121 570.04030092657194 62.24699247071112 85.430329813068965 84.7754125460051 148.14364193641813 222.74487155134557 22.771319329971451 3.4496356625022591 7.1392843973007984
leaf_count=4726996 2261401 217625 6068 332174 83389 44093 20422 760 26860 69 96710 164126 9560 2748 7062 358 2799 30539 4700 1227 7291 213 3116 3544 105878 41855 54137 259085 10867 4373 10158 6528 17376 70305 608 17710 1441 10553 246 1789 39 452698 3307 156428 2486 53 96 3064 71946 1952 118471 1942 526 131049 543 2984 11522 3537 83864 687 187 2399
internal_value=-0.000738103 0.00161539 0.00287355 0.00201558 -0.0450501 0.0335623 0.00258507 0.0107442 0.0399577 0.0159399 0.000921024 -0.0149089 -0.00808481 0.00589415 0.0319038 -0.0240726 0.00110785 -0.00561566 0.0130292 -0.0320931 0.0233557 0.0100861 0.00357347 -0.0504034 0.00196037 0.00135319 -0.0358493 0.00230591 0.00799842 0.0210481 0.0321638 0.0045495 0.00883146 0.00679942 0.0207639 0.0227908 -0.0484966 0.0539479 0.109563 0.215646 0.707837 -0.0714566 -0.0422177 -0.0116805 -0.0260082 -0.123439 -0.0493948 0.195062 -0.0095953 -0.0122768 -0.00304014 -0.00503328 0.0355135 -0.0119566 0.0585527 -0.0288072 0.015658 0.0259073 -0.0316904 -0.0121557 0.0820979 0.0890217
internal_weight=33312.7 32239.8 31393.4 30539.6 846.406 853.798 30032.2 5087.45 724.361 412.943 24944.7 1536.89 1334.03 4363.09 330.951 69.0542 3399.98 2173.91 1226.06 560.087 954.553 169.539 1613.83 390.548 23407.8 22568.7 563.535 22005.2 5250.07 1097.49 778.143 4152.58 3285.71 3187.65 940.359 963.109 81.9917 163.872 48.4788 21.1169 1.21445 1072.93 194.264 866.869 461.667 17.9602 12.0224 14.1943 297.817 1278.84 820.416 812.622 118.517 694.105 132.237 458.422 541.391 151.579 507.41 248.966 26.221 13.7383
internal_count=9716539 4531139 2114403 2052720 2416736 61683 1750357 138760 36550 9690 1611597 762784 430610 102210 8180 1118 64078 45124 18954 11469 14254 5126 33655 6343 848813 752103 160015 592088 333003 25398 21025 307605 106836 100308 8442 38132 1510 30003 19450 2074 285 5185400 458404 200769 158914 362 309 5812 155335 421050 253940 251988 2468 249520 1151 167110 17590 4764 302363 84738 874 5706
is_linear=0
shrinkage=0.08


Tree=67
num_leaves=63
num_cat=0
split_feature=17 10 2 9 16 10 16 11 1 10 16 4 15 11 1 17 9 3 9 10 10 11 9 15 6 1 15 14 9 14 11 11 11 9 1 9 1 9 11 11 15 8 12 6 9 10 1 10 9 8 17 1 10 10 10 9 18 2 10 10 1 16
split_gain=785.19 256.281 113.89 123.517 74.8132 65.4855 226.036 83.4297 82.8736 66.7607 47.4359 47.3978 45.4476 137.157 132.514 61.7313 49.3456 48.9749 61.6521 55.2377 48.2837 47.8932 51.2186 47.8215 44.5773 43.1016 42.3117 40.9985 40.9077 112.959 98.8098 47.4216 61.048 42.5208 40.814 38.0925 37.4572 37.4291 98.7875 37.3094 69.4448 37.1243 60.8773 52.4344 36.1458 37.5548 36.0924 35.8315 43.2681 35.5215 37.6885 34.0715 33.1208 38.184 32.2962 31.513 30.8826 31.5449 37.1495 30.1928 28.6098 54.5704
threshold=0.64655750989913952 0.49890829622745519 1.5000000000000002 0.99350652098655712 4.5000000000000009 0.72021508216857921 10.500000000000002 0.52223318815231334 0.99999997019767772 0.872827708721161 3.5000000000000004 1.0000000180025095e-35 2.5000000000000004 0.40778532624244695 0.83321288228034984 0.99999865889549266 0.55488622188568126 1.0000000180025095e-35 0.99350652098655712 0.88255575299263012 0.86847347021102916 0.47413022816181188 0.69614067673683178 1.5000000000000002 1.0000000180025095e-35 0.034521980211138732 1.5000000000000002 1.5000000000000002 0.6900656819343568 2.5000000000000004 0.61633425951004039 0.51316699385643016 0.68908986449241649 0.62418830394744884 0.36033855378627783 0.84292763471603405 0.64037027955055248 0.47690120339393621 0.48808847367763525 0.76253134012222301 3.5000000000000004 1.0000000180025095e-35 1.0000000180025095e-35 1.0000000180025095e-35 0.76253134012222301 0.45474052429199224 0.96483230590820324 0.81585493683815014 0.77459678053855907 1.0000000180025095e-35 0.95468834042549144 0.097014971077442183 0.58077901601791393 0.56263530254364025 0.88782376050949108 1.0000000180025095e-35 2.5000000000000004 1.0000000180025095e-35 0.9573054611682893 0.5965649187564851 0.13908451050519946 9.5000000000000018
decision_type=2 2 2 2 2 2 2 2 2 2 2 2 2 2 2 2 2 2 2 2 2 2 2 2 2 2 2 2 2 2 2 2 2 2 2 2 2 2 2 2 2 2 2 2 2 2 2 2 2 2 2 2 2 2 2 2 2 2 2 2 2 2
left_child=47 4 5 46 44 6 7 -3 10 49 54 41 14 16 15 21 -14 18 28 -20 -16 23 -23 56 -6 -13 -19 -21 30 31 33 -30 -33 34 55 36 -31 38 -15 40 -11 -9 -43 52 -2 -46 -4 -1 -49 -10 -51 -32 53 -44 -7 -17 57 58 -12 -27 61 -50
right_child=1 2 3 -5 24 8 -8 11 9 39 12 25 13 37 20 17 -18 26 19 27 -22 22 -24 -25 -26 59 -28 -29 29 35 51 32 -34 -35 -36 -37 -38 -39 -40 -41 -42 42 43 -45 45 -47 -48 48 60 50 -52 -53 -54 -55 -56 -57 -58 -59 -60 -61 -62 -63
leaf_value=-0.078231383287759637 -0.057147144631396092 -0.053731853532682602 -0.012613151894157194 0.065053239709164393 -0.070287610779456319 -0.0052812902588448866 -0.067019865407085502 -0.018936940928495415 -0.17803185870237262 0.062675020677821824 0.033078592104994947 -0.0040500957696299042 -0.060868197072209335 -0.027657238764111105 0.0091083306706817319 -0.11509255881800043 0.031340296811643652 0.092482258837328774 -0.033730500497138403 -0.025776155062328637 0.067442892400330953 0.1431477109515959 0.027397461739241832 -0.030790007304611962 -0.024799553576255948 0.29071468232487063 -0.067388706551673228 0.083837589180243519 0.19820338217979494 -0.086332353896586819 0.10752598119072898 -0.079156471036778586 0.011213121230156796 -0.05893683508542031 0.040878833112914396 -0.19261835575607258 0.003104540567741182 0.0010609648334461218 0.048544008230305087 0.055289445306825169 -0.28688228435997332 0.0018245452974585865 0.50903501249152361 0.027076930809307915 0.025390560922532269 0.1827717905366272 0.077070341398159214 -0.053218603340465825 0.31885124674643656 0.18637556128264385 -0.00093608363698211093 0.036580352521311817 0.1014822067272546 0.077317176927010497 -0.086510036644820529 0.0001625464456478398 0.00032586673315290965 0.0092511334456708352 0.14653552660915301 0.095240661935438647 -0.033336298398883732 -0.027169873631732688
leaf_weight=807.83728781509853 25.941688994294964 171.62018095719395 274.1567848532577 380.11487749312073 427.35292094186298 60.927944017297705 386.99710164194403 414.22881279495778 7.0368059090396846 9.4584179443772864 32.409507276475779 28.618527152910247 300.14382899094198 162.60031988201081 126.8281760000682 15.277821911498902 42.389693367425934 11.864564812742172 44.260143397375941 25.851733719464391 319.74960192735307 48.154528421640862 49.735247783697559 84.680366563261487 203.55273322854191 5.9791781489620908 99.014351211022586 140.66417158115655 7.8530725315213195 108.60191356937867 53.289929170161486 54.723419945919886 380.43941540690139 75.362564019975252 162.20990308665205 15.701164508704094 41.392227286007255 21839.32810434344 329.57917751221976 396.43875637580641 5.9101368263363829 1208.2294673274009 2.9114370914030578 138.98199274255603 51.82413548999466 11.939295392221537 32.079523646272719 163.63127296818129 6.0527015931147634 7.0647442294284692 255.68198460480198 231.63795624114573 39.217222440129262 2.3854895856347866 64.478674781217705 2438.7196763894754 71.058536549186101 39.196461377025116 42.943860397208482 32.794081700674724 9.7853403345798124 5.6304357174958568
leaf_count=4698107 78130 287571 9681 46008 1992373 2119 572059 120748 87 549 5096 6144 242962 61309 1810 282 4126 250 629 280 15741 2948 2154 43107 126004 219 1168 6316 73 1444 574 549 5985 920 2445 230 845 443481 16371 41198 33 283111 467 1502 47123 4948 3788 446788 2290 417 4855 4574 508 97 1711 46658 8754 748 699 453 4006 2367
internal_value=-0.000893786 0.0012774 0.00236264 0.0345918 -0.0458918 0.00164056 -0.0109552 -0.000345263 0.00272671 0.0302832 0.00204424 0.00454557 0.00226896 0.000782043 0.00940937 0.00507772 -0.0494571 0.00212659 0.00365742 0.0457057 0.0508759 0.0363931 0.084338 0.019029 -0.0556115 0.0704189 -0.0502818 0.06682 0.00118538 -0.0177112 0.00504983 0.0033649 -0.000151207 0.00030739 0.00201398 -0.0740618 -0.0616514 0.00155264 0.0233696 0.0505483 -0.0717509 0.00208741 0.00834503 0.0512791 0.0224682 0.0548592 -0.00321843 -0.0709569 -0.0392086 -0.000650224 0.00410036 0.0498493 0.126843 0.314609 -0.0470456 -0.000554996 0.041758 0.0674595 0.0977377 0.125384 0.0675747 0.152094
internal_weight=33034.5 32041.6 31321 686.351 720.611 30634.6 2431.96 2044.97 28202.7 681.591 27521.1 1873.35 27395.7 22674 4721.62 4275.04 342.534 3906.86 3795.99 210.776 446.578 368.179 97.8898 270.289 630.906 67.3918 110.879 166.516 3585.21 608.711 2976.5 443.016 435.163 2691.57 2616.21 165.695 149.994 22331.5 492.179 411.807 15.3686 1805.95 1391.73 183.496 89.7051 63.7634 306.236 992.937 185.1 269.784 262.747 284.928 44.5141 5.29693 125.407 2454 185.608 114.55 75.3534 38.7733 21.4685 11.6831
internal_count=9707989 4554431 2305853 59477 2248578 2246376 1272879 700820 973497 47139 926358 413249 922528 768249 154279 136728 247088 73222 71804 7225 17551 63506 5102 58404 2118377 6816 1418 6596 64579 9126 55453 6607 6534 50305 49385 2519 2289 521161 77680 41780 582 406433 285685 2574 130201 52071 13469 5153558 455451 5359 5272 5148 1072 564 3830 46940 15297 6543 5795 672 8663 4657
is_linear=0
shrinkage=0.08


Tree=68
num_leaves=63
num_cat=0
split_feature=17 10 2 9 6 16 12 15 14 1 14 15 1 11 3 14 17 15 11 9 1 14 9 15 11 9 8 15 1 1 10 3 11 9 15 9 14 3 11 1 15 3 11 16 11 14 9 11 11 9 1 15 9 1 9 9 15 9 11 10 1 8
split_gain=708.632 231.749 104.785 118.989 74.8738 197.484 74.1722 60.1698 141.486 110.656 108.786 164.449 284.69 167.897 105.764 125.257 99.5821 94.815 86.8709 103.991 84.8193 83.5943 271.788 92.9544 192.457 212.83 101.464 99.9397 99.994 80.9718 80.3214 74.885 73.1117 69.7709 68.2811 214.194 182.109 169.447 98.9649 69.2782 65.0182 76.7181 107.325 85.022 64.6237 63.1621 155.87 130.554 101.164 98.8024 91.132 112.732 90.204 84.8984 80.2711 100.971 70.1449 67.1574 63.1338 62.8001 96.5103 62.5213
threshold=0.6426762342453004 0.46080690622329717 1.5000000000000002 0.87585616111755382 1.0000000180025095e-35 10.500000000000002 1.0000000180025095e-35 3.5000000000000004 3.5000000000000004 0.13908451050519946 3.5000000000000004 2.5000000000000004 0.57392820715904247 0.87895435094833385 1.0000000180025095e-35 4.5000000000000009 0.99999865889549266 4.5000000000000009 0.75147059559822094 0.66287875175476085 0.98542153835296642 2.5000000000000004 0.98484501242637645 2.5000000000000004 0.63859337568283092 0.64051279425621044 1.0000000180025095e-35 1.5000000000000002 0.62211257219314586 0.075876362621784224 0.88255575299263012 1.0000000180025095e-35 0.78910300135612499 0.53427228331565868 4.5000000000000009 0.99350652098655712 4.5000000000000009 1.0000000180025095e-35 0.93419912457466137 0.86470213532447826 2.5000000000000004 1.0000000180025095e-35 0.8263767957687379 9.5000000000000018 0.80735492706298839 4.5000000000000009 0.74115687608718883 0.81872946023941051 0.70064932107925426 0.88273489475250255 0.80159661173820507 5.5000000000000009 0.99350652098655712 0.66329416632652294 0.99350652098655712 0.8521554470062257 5.5000000000000009 0.90521115064620983 0.23132664710283282 0.74164745211601268 0.50415885448455822 1.0000000180025095e-35
decision_type=2 2 2 2 2 2 2 2 2 2 2 2 2 2 2 2 2 2 2 2 2 2 2 2 2 2 2 2 2 2 2 2 2 2 2 2 2 2 2 2 2 2 2 2 2 2 2 2 2 2 2 2 2 2 2 2 2 2 2 2 2 2
left_child=-1 6 4 -4 5 -3 -2 10 9 -9 16 59 58 14 18 -16 -6 20 19 -14 -11 40 23 27 25 29 -26 -23 33 -25 -27 32 -19 -29 35 36 61 -37 45 -40 -18 42 -42 44 -43 46 -36 49 -48 56 51 54 -52 -49 55 -50 -47 -55 -13 -12 -61 -10
right_child=1 2 3 -5 7 -7 -8 8 34 17 11 12 13 -15 15 -17 21 31 -20 -21 -22 22 -24 24 26 30 -28 28 -30 -31 -32 -33 -34 -35 38 37 -38 -39 39 -41 41 43 -44 -45 -46 47 48 53 50 -51 52 -53 -54 57 -56 -57 -58 -59 -60 60 -62 -63
leaf_value=-0.070210644782159409 -0.061332185723483319 -0.0011351696068792269 -0.02039529790047722 0.054938007421032192 0.067438816687789796 -0.056246794458867426 0.048369976177077001 -0.063953726688903118 0.010795779433489314 -0.017226305944853911 -0.053310638728088076 0.38728508572924286 0.096880422114278511 0.074928861530367513 -0.085552870462705877 0.075874329012244376 0.012777869490682991 0.0070486746356562347 0.035046689572134075 -0.049622414493422799 -0.16760141907332129 0.016635962991002024 0.069484898738284798 0.023787258202978761 0.027104692124498456 0.17311948772298472 -0.0098982418382637851 -0.027681934258051065 0.038498922687933604 -0.077663713812504739 0.073697563558895299 -0.094755554498583958 0.072896290563468205 -0.10031863514037605 -0.070803039476429991 0.07639540700455015 -0.063816982871328296 0.0076187888518217334 0.07166117063614505 0.0088652999815332072 -0.042087032604912492 0.075568448194693841 0.021899368141296175 0.069298512786320224 -0.02325701809405651 0.012533376951044341 0.028073624673193187 0.012770687229671188 -0.058673846803169172 0.046707063645389131 0.045408362956331473 0.013972307360568235 -0.011477061365027663 -0.087294823036919184 -0.066961091330541636 0.0037544088174759145 -0.048584834588691284 -0.023385853592029687 -0.07715401375425622 0.0062057668309634497 0.057098803108077946 -0.0041366381486210276
leaf_weight=917.19059453780937 471.36890753384796 2279.519180796342 187.46067290849169 472.19225569383707 209.46948908807826 509.05444850875938 43.047159884634311 279.9154698321945 4909.2633178927063 2128.2641788569017 92.726088532188442 1.8805874380923331 36.048000570677686 160.77238902912359 195.34873109619366 36.512977909427718 1363.9997483640618 404.58529015723616 283.08152576051361 221.80955319142959 24.280037996533792 372.71680080005899 578.0524592793081 171.5280337833683 786.88884952204535 60.296952542033978 1193.7332078389591 196.12105612602318 83.584973346267361 71.271111682523042 378.17971348576248 35.819200137164444 147.17173001346237 148.8811359909887 286.51991028928023 485.59623567585368 251.63531686279748 434.31272084974626 170.34283687123389 330.77042576024542 657.27699168474646 50.387289299542317 225.26431773277 130.38147261017002 265.42711412813514 712.07568680690019 405.79601875407388 339.2518261452351 287.66478641472349 509.4866761956655 253.47626517804747 322.56671097996878 602.36544950415555 133.22025322036643 426.88300158813945 391.44016578629089 144.58264758951555 500.90414283784048 476.88491876599437 1518.220730858171 282.90919450271758 2828.4009246255446
leaf_count=5125826 1744939 988832 5170 54003 41195 816516 22280 101571 159700 39590 21251 1499 800 4923 2143 577 29059 17006 10598 4065 373 4441 24134 12185 9105 1236 14423 7730 2881 2872 3573 329 2730 2598 66827 11596 34039 19628 3298 10189 15697 624 2631 1327 2431 19472 9219 3889 5300 6912 2719 6499 7613 1401 6096 6022 7246 6735 83820 42503 11443 40435
internal_value=-0.00087984 0.00110989 0.00198123 0.0335297 0.00130521 -0.0111958 -0.0521521 0.00255038 -0.000268175 -0.0160419 0.00743052 -0.00451338 -0.0251741 0.00054729 -0.0149269 -0.0601317 0.0131177 -0.0111475 0.0044491 -0.0291416 -0.0189225 0.011428 0.0187038 0.0102278 0.0174188 0.0540963 0.00480279 -0.0136604 -0.0400073 -0.0059926 0.0873695 0.0173356 0.0246124 -0.0590273 0.00296661 0.00736843 0.00315931 0.0439242 -0.00377474 0.0302114 0.000508482 -0.0120865 -0.0257548 0.0149483 -0.0074897 -0.0069783 -0.0147089 0.00285776 -0.00873454 0.0188097 -0.0152731 -0.0276408 0.0053708 -0.019531 -0.0397774 -0.0226898 0.00221814 -0.0368122 -0.0753297 0.0108943 0.0141997 0.00533743
internal_weight=32876.1 31958.9 31444.5 659.653 30784.8 2788.57 514.416 27996.2 17746.6 3020.04 10249.7 3306.19 1412.34 933.573 772.801 231.862 6943.46 2740.12 540.939 257.858 2152.54 6733.99 4041.25 3463.2 2661.9 681.276 1980.62 801.304 428.587 242.799 438.477 587.576 551.757 345.002 14726.6 8909.21 7989.3 919.909 5817.35 501.113 2692.74 1328.74 882.541 446.196 315.814 5316.23 2976.71 2339.52 2690.19 1366.15 2284.4 1428.55 855.842 973.376 1105.99 679.105 856.658 634.124 478.766 1893.86 1801.13 7737.66
internal_count=9715764 4589938 2822719 59173 2763546 1805348 1767219 958198 596434 161599 361764 183622 108425 23106 18183 2720 178142 60028 15463 4865 39963 136947 85178 61044 43394 19866 23528 17650 13209 15057 4809 20065 19736 10328 434835 265398 234174 31224 169437 13487 51769 22710 18328 4382 3055 155950 110295 45655 43468 33630 34249 23917 10332 12025 17418 11322 26718 8136 85319 75197 53946 200135
is_linear=0
shrinkage=0.08


Tree=69
num_leaves=63
num_cat=0
split_feature=17 10 18 16 0 11 9 14 1 0 11 16 13 10 1 16 10 3 0 9 10 16 15 14 8 17 11 15 11 9 9 1 10 1 9 11 9 1 9 14 1 14 10 16 14 17 0 15 0 10 9 1 0 11 0 11 11 1 15 13 0 0
split_gain=652.709 240.983 159.588 136.796 106.843 81.4311 74.5915 183.464 63.7204 46.8582 167.282 88.9019 81.7105 81.6407 84.5446 77.9769 254.14 59.026 56.4765 70.4861 124.549 86.7383 61.2888 95.1678 113.92 57.3413 86.3471 88.9077 52.4362 104.497 60.7846 63.6446 62.8712 60.4473 70.6759 56.5868 75.2738 72.3243 48.5704 57.0459 92.4073 92.4613 145.173 154.684 48.4692 49.4406 46.8866 46.0097 48.5064 43.5243 112.992 209.741 243.642 406.54 169.709 73.2669 133.886 112.712 51.1137 68.7112 44.5507 43.3305
threshold=0.59648612141609203 0.56263530254364025 1.5000000000000002 8.5000000000000018 0.99999997019767772 0.63211598992347728 0.50944742560386669 4.5000000000000009 0.96483230590820324 0.82525211572647106 0.93419912457466137 6.5000000000000009 1.0000000180025095e-35 0.9573054611682893 0.49969580769538885 12.500000000000002 0.872827708721161 1.0000000180025095e-35 0.67949557304382335 0.9807620942592622 0.96987840533256542 7.5000000000000009 4.5000000000000009 4.5000000000000009 1.0000000180025095e-35 0.99999865889549266 0.52976614236831676 1.5000000000000002 0.7432234287261964 0.82167318463325512 0.45664161443710333 0.27810649573802954 0.96196502447128307 0.66329416632652294 0.74464204907417308 0.82413583993911754 0.87298336625099193 0.28347317874431616 0.66287875175476085 3.5000000000000004 0.18046266585588458 2.5000000000000004 0.86374309659004223 6.5000000000000009 4.5000000000000009 0.78450658917427074 0.22940445691347125 5.5000000000000009 0.4280212670564652 0.8337790071964265 0.77015757560729992 0.22557257115840915 0.32971805334091192 0.78629973530769359 0.30754746496677404 0.77015757560729992 0.73375529050827037 0.17063894122838977 2.5000000000000004 1.0000000180025095e-35 0.51370900869369518 0.71112373471260082
decision_type=2 2 2 2 2 2 2 2 2 2 2 2 2 2 2 2 2 2 2 2 2 2 2 2 2 2 2 2 2 2 2 2 2 2 2 2 2 2 2 2 2 2 2 2 2 2 2 2 2 2 2 2 2 2 2 2 2 2 2 2 2 2
left_child=-1 2 3 5 9 -2 7 -7 -6 15 11 12 -11 -13 -15 18 -17 -16 22 21 -21 -20 25 24 -24 26 27 -3 30 -30 31 32 -18 -32 -35 37 -37 -31 -29 40 41 -40 43 -43 45 46 -28 48 -25 50 -48 52 53 54 -52 56 57 60 59 -53 -54 -38
right_child=1 4 -4 -5 8 6 -8 -9 -10 10 -12 13 -14 14 17 16 28 -19 19 20 -22 -23 23 47 -26 -27 44 38 29 35 33 -33 -34 34 -36 36 61 -39 39 -41 -42 42 -44 -45 -46 -47 49 -49 -50 -51 51 58 55 -55 -56 -57 -58 -59 -60 -61 -62 -63
leaf_value=-0.073355515865150975 -0.051605929591319252 0.042840863228802241 -0.073399939737624903 -0.065723785613029481 0.018003893880762234 0.40675973450114206 0.025221537129052708 4.7018467474328576 0.070176870656665488 0.064381219833274911 0.061521546882931544 0.013873014532049227 -0.0096723863570180296 0.010650299509736448 -0.019952962640411829 -0.058245148616199983 -0.027753232989236883 0.015349510400622391 -0.031077230006215074 -0.0032696863834982153 0.049723595353684057 -0.0022370743670084622 -0.050050490342916185 0.051470161278830244 -0.0013341948531181539 0.0060320123014292546 -0.033861510643817844 -0.053434760892237428 0.032279412702161669 -0.11051419653160782 -0.01998194974449401 0.10918089697300204 0.016866824548673311 0.096477419510768547 -0.006516520596365938 0.037668378212557925 -0.035691845588924721 -0.016279427932141162 0.021017742316789052 -0.016375919579309749 0.083414659211155082 4.0983434624285699 0.63162594762084179 0.53047163453173829 -0.052186842805394769 0.043504220751047255 0.047554065496233255 -0.015563997076876331 0.0077682768643341626 0.11317570049432832 -0.080055247642659838 2.4155454973263915 -0.080175883299043918 11.013632743873163 5.5557190682491964 0.14470453762221491 5.1696574252719429 3.7462978185496785 0.19638176911794289 0.47558130858227887 2.2185165801149358 0.0057526296896671866
leaf_weight=777.43666521031992 106.06242865680542 144.100519257001 433.69352871166484 213.00783990758646 596.93953916931059 1.302841475146123 398.17316170818231 0.066917642892803886 200.01972278975882 284.62050009146333 345.51573018776253 2236.1355390616809 143.40723790915217 1326.3581507975468 1999.0507056703791 585.32039520944818 288.18244227071409 357.29632057668641 1055.2433388686622 1391.682832536666 356.56881902180612 1815.9706505166396 519.01336128421826 242.36851004179334 752.7859915101435 9402.2759095856454 10.723991252540143 172.52006899377739 705.44509415025823 63.702178891981021 2116.9603044331889 37.932852695113979 676.60627528020996 62.733598288556095 133.13533826265484 296.76738749444485 267.49370193085633 286.79794751992449 0.65539641292707762 11.820150632833245 4.2063120967359282 0.19143675202212762 0.78220563029753976 0.1309768069331767 29.737329297160613 449.38973283545056 5.6398845697985944 287.82696907619538 493.55505177486339 42.447560878892546 0.085976330825360381 0.16021676889795344 0.24007826956221834 0.043267658038530499 0.056779964390443638 0.35316612799942959 0.060954598200623877 0.083629806526005268 3.4706629049469484 0.43166537748766121 0.069604442775016651 407.26056057680398
leaf_count=4769406 285672 21879 2147381 489733 21973 2967 249897 165 39558 18596 31009 20760 1730 17082 27357 408782 55784 8398 18964 21369 12507 22706 132287 21442 27612 302138 31068 232921 7696 521 52001 955 16343 1410 1138 3069 2879 2747 353 9985 3885 207 54 156 20206 81907 20296 15792 8247 7518 280 150 433 115 156 274 88 193 8462 963 69 6123
internal_value=-0.000934183 0.00083832 -0.0350767 -0.011948 0.00219023 0.0107073 0.0272489 0.61659 0.0310982 0.00141752 0.00731267 0.0043616 0.0395702 0.00181546 -0.00550588 -0.000288678 -0.00820059 -0.0146 0.00243917 -0.00512548 0.00753868 -0.0128366 0.00521802 -0.00660067 -0.021215 0.00785724 0.0274165 -0.00456326 -0.00271827 0.00741648 -0.0089157 0.00753524 0.00353881 -0.016048 0.0264707 -0.00585065 0.00409072 -0.0334063 -0.0404578 0.0854127 0.287071 0.773794 1.22043 2.64894 0.0471114 0.0528646 0.118727 0.0115547 0.022161 0.149518 0.293746 0.568369 1.61033 4.22045 2.16152 1.00899 1.68092 1.14024 0.313566 1.00071 0.436479 -0.0106773
internal_weight=32542.1 31764.7 1152.31 718.613 30612.4 505.605 399.543 1.36976 796.959 29815.4 6692.38 6346.87 428.028 5918.84 3682.71 23123 5928.34 2356.35 17194.7 4619.47 1748.25 2871.21 12575.2 2295.55 1271.8 10279.7 877.402 334.407 5343.02 2027.47 3315.55 1002.72 964.789 2312.83 195.869 1322.02 971.522 350.5 190.307 17.7865 5.96633 1.76002 1.10462 0.322414 542.995 513.257 63.8674 1023.75 735.924 53.1434 10.6959 5.056 0.993457 0.186024 0.142756 0.807433 0.454267 0.393313 4.06255 0.591882 0.309683 674.754
internal_count=9715814 4946408 3175815 1028434 1770593 538701 253029 3132 61531 1709062 124932 93923 20326 73597 52837 1584130 559448 35755 1024682 75546 33876 41670 949136 205380 159899 743756 441618 269440 150666 23035 127631 73082 72127 54549 2548 15339 12071 3268 247561 14640 4655 770 417 363 172178 151972 70065 45481 29689 38997 31479 11183 1608 551 436 1057 783 695 9575 1113 502 9002
is_linear=0
shrinkage=0.08


Tree=70
num_leaves=63
num_cat=0
split_feature=17 10 0 11 1 17 0 14 11 0 10 17 17 10 0 15 11 1 10 2 10 18 12 0 10 2 17 15 18 11 1 1 10 12 11 10 1 11 15 15 15 0 11 15 10 1 15 11 0 11 14 14 10 1 15 0 15 15 14 11 1 11
split_gain=739.781 167.391 141.17 128.85 819.459 237.225 144.851 114.451 91.9166 127.613 79.1651 65.5051 61.0538 45.2132 44.5216 79.0677 71.9536 78.7488 44.771 46.0868 91.6715 41.5703 40.7874 50.7728 38.2585 38.161 52.1932 189.861 110.919 69.4904 49.3806 420.335 38.0289 37.4884 34.3062 87.3758 67.0208 85.771 77.2029 61.2504 59.6455 49.7661 66.0444 53.2434 52.9218 48.768 63.3247 59.0591 57.6647 46.3256 41.5478 40.3028 38.257 37.5931 37.2771 36.127 34.0051 111.834 49.6837 33.4373 53.1575 52.1493
threshold=0.77655780315399181 0.82018429040908825 0.18571086227893832 0.79118216037750255 0.22557257115840915 0.59648612141609203 0.3278792947530747 4.5000000000000009 0.99397590756416332 0.74717828631401073 0.54502776265144359 0.72089883685112011 0.44912059605121618 0.71631705760955822 0.91171297430992138 2.5000000000000004 0.92403846979141246 0.43418686091899877 0.96196502447128307 1.0000000180025095e-35 0.99802371859550487 3.5000000000000004 1.0000000180025095e-35 0.50305816531181347 0.98369517922401439 1.0000000180025095e-35 0.5889779031276704 1.5000000000000002 3.5000000000000004 0.49770641326904302 0.14980195462703708 0.10325749218463899 0.97845596075057995 1.0000000180025095e-35 0.60397014021873485 0.6765437424182893 0.14458673447370532 0.78086891770362865 2.5000000000000004 1.5000000000000002 5.5000000000000009 0.30022829771041876 0.93419912457466137 6.5000000000000009 0.84384033083915722 0.28347317874431616 1.5000000000000002 0.39767442643642431 0.67949557304382335 0.12632978707551959 3.5000000000000004 5.5000000000000009 0.96568545699119579 1.0000000180025095e-35 5.5000000000000009 0.26638256013393408 2.5000000000000004 3.5000000000000004 4.5000000000000009 0.86582550406456005 0.61862418055534374 0.96051946282386791
decision_type=2 2 2 2 2 2 2 2 2 2 2 2 2 2 2 2 2 2 2 2 2 2 2 2 2 2 2 2 2 2 2 2 2 2 2 2 2 2 2 2 2 2 2 2 2 2 2 2 2 2 2 2 2 2 2 2 2 2 2 2 2 2
left_child=1 3 10 -1 5 -5 11 -8 14 -10 -2 13 -3 -7 21 -16 17 -17 -19 24 32 34 -14 25 -20 26 27 28 -24 -29 31 -31 -21 -26 35 -4 37 38 -36 -38 53 42 -41 59 -44 46 49 -48 52 -37 -49 -45 -47 -40 -50 -39 -52 -58 -59 -43 61 -61
right_child=2 12 8 4 -6 6 7 -9 9 -11 -12 -13 22 -15 15 16 -18 18 19 20 -22 -23 23 -25 33 -27 -28 29 -30 30 -32 -33 -34 -35 36 45 39 55 40 41 -42 43 44 51 -46 48 47 50 54 -51 56 -53 -54 -55 -56 -57 57 58 -60 60 -62 -63
leaf_value=-0.074131809581962638 -0.066942124474584044 -0.072524325777132331 -0.048290232353104791 -0.080016846943654726 -0.071072370992104214 -0.95813917869237031 -0.24559649041491849 3.2068812342693893 0.0062775490403173062 0.070358418449074159 -0.015362573696014748 -1.6685961424019726 -0.014498580603574864 -1.6028853953284374 0.062773060359216204 0.037795455233040925 0.064101125732749745 0.012963694260751158 -0.0068220566409118791 0.0089715200931914305 0.053495561738343363 -0.036937730669451371 4.8282808823358492 -0.0075845972196852355 -0.057199817293085133 -0.014640841644853454 0.13727468786654137 -0.08002257488346072 0.86867988090803983 0.59819095454214155 0.15343008226197083 7.262644341234485 -0.039030869976687609 -0.0056982321195892119 0.067794121492146947 -0.026576780098780183 0.075205247569323383 0.16222903514380652 -0.0021089058411556962 0.013482932550798478 -0.083258980741183222 -0.0047842646637819312 0.15920275335821293 0.049498219085966258 -0.0040669742169522263 0.018413294459743896 -0.030998433832103319 0.0083132207677227548 -0.01212098337513726 0.011549599737635948 0.021317721360159494 -0.0054934072883099216 0.066990420904112877 0.017531641445833572 0.075515135558570562 0.033927985068916158 -0.083001332586985055 -0.0031598609041868465 -0.052581918771138006 0.022739520760159854 -0.0015810843595254983 -0.038221399483263675
leaf_weight=774.16186072428536 256.03354634242714 79.339589145121863 282.69554263063765 1.9246912027301712 53.589181387462304 5.0665593959420221 0.38868221337907005 0.072992599700228311 613.39519761576958 294.32600733847357 743.35475364312879 1.3294110020797232 143.32900165853789 0.80696154484758142 171.73504451499321 395.05552343302406 135.37177306879312 987.37365678977221 628.70455373171717 238.12980947690085 198.1538055841811 192.61505984063842 0.097791212348968926 34.578678322432097 251.18308225192595 8.6547490046650619 22.115460532455472 1.3729705108708006 0.084316783468239009 0.8247121226013403 0.61047816724749282 0.065369250194635242 189.82422245107591 141.3632478271611 122.8204789806623 237.51819974344107 68.566613611998037 14.330809431005035 1834.2669787075283 534.31992805885966 50.383632404162199 10150.306136239145 37.696751281080651 226.66944123299618 19.165725438855588 453.23026273770665 855.88308216513542 800.02895846868341 504.31445045210421 1443.7067582804884 151.09850610351714 136.75487217762566 134.56571650528349 945.05430805125798 33.102918915101327 706.7003894422669 152.74043839881779 948.17813061118068 150.90052594049484 1112.6484918760834 3570.7514691903634 97.695932728805928
leaf_count=5253027 1164073 292258 509062 11495 356505 753 684 98 48758 55936 228897 290 195571 43 12931 6223 11072 10504 5644 2977 21267 246709 106 11961 2809 9702 8319 5658 130 1606 289 53 2388 6485 1745 4598 5259 340 57578 327547 3492 244483 7247 7829 168 17734 227736 40806 6098 19972 3360 2377 1656 15712 900 10150 24444 92450 23542 18900 67560 1572
internal_value=-0.00129535 -0.0649303 0.00100521 -0.0830968 -0.19295 -0.874055 -1.07345 0.300254 0.00198371 0.0270556 -0.0285768 -1.1615 -0.01267 -1.04672 0.00120713 0.00990581 0.00703735 0.00448772 -0.000506489 -0.00858008 0.00850929 8.93724e-05 0.00975822 0.0605838 -0.0190572 0.130269 0.180095 0.49001 2.99497 0.33126 0.707572 1.08764 -0.0123205 -0.0386531 0.000366062 -0.00484879 0.00199947 0.0117416 0.00570077 -0.000243671 0.00300567 -0.00056932 0.0222058 -0.00144963 0.104172 -0.00275498 -0.00630916 -0.0131644 0.0122173 0.00616322 -0.00623552 0.0288051 0.0295342 0.00456948 -0.00672292 0.036478 -0.0145321 -0.0188593 -0.00994538 -0.00218602 0.00333006 0.0178189
internal_weight=32341.1 1128.41 31212.7 837.34 63.1785 9.5893 7.66461 0.461675 30213.3 907.721 999.388 7.20293 291.073 5.87352 29305.6 3336.89 3165.16 3029.79 2634.73 1647.36 626.108 25968.7 211.734 68.4045 1021.25 33.8258 25.1711 3.05564 0.182108 2.87353 1.50056 0.890081 427.954 392.546 25776.1 6147.96 19628.1 3673.56 2952.53 15954.6 2829.7 15886 591.182 15294.8 56.8625 5865.27 4740.05 3058.83 1125.21 1681.22 2202.95 363.424 587.796 2779.32 537.417 721.031 1402.92 1251.82 1099.08 14931.4 4781.1 1210.34
internal_count=9719538 6148548 3570990 5622895 369868 13363 1868 782 2178020 104694 1392970 1086 525653 796 2073326 82300 69369 58297 52074 41570 26632 1991026 233395 37824 14938 25863 16161 7842 236 7606 1948 1659 5365 9294 1744317 972358 771959 89017 78527 682942 76782 677683 334962 342721 7415 463296 436908 412338 26388 24570 184602 10206 19390 73290 6998 10490 143796 140436 115992 332515 88032 20472
is_linear=0
shrinkage=0.08


Tree=71
num_leaves=63
num_cat=0
split_feature=17 10 10 0 0 10 11 1 12 17 15 14 1 14 15 1 11 0 10 9 1 14 0 11 11 1 1 8 9 10 15 16 1 11 15 9 14 11 14 9 15 9 1 11 8 9 11 10 14 15 8 9 11 1 15 1 15 11 9 14 11 14
split_gain=672.676 129.06 127.571 84.529 65.9361 63.3943 57.1955 186.482 55.6358 54.3758 52.7919 124.506 122.664 90.0952 155.595 254.333 125.818 77.936 83.8295 76.6993 78.2528 86.4644 71.5326 70.3559 69.8471 67.04 66.3909 58.7294 140.672 88.8313 58.4957 57.9587 63.2914 57.7118 54.3356 150.801 163.027 117.178 82.3819 160.462 97.4166 124.995 88.7193 74.5314 114.346 70.3181 103.531 69.9421 67.5745 64.5127 59.7543 57.9197 57.4972 77.6309 59.1602 76.8019 63.2503 68.0507 55.3991 54.507 52.1495 103.475
threshold=0.76828601956367504 0.45910002291202551 0.84384033083915722 0.99999997019767772 0.061489565297961242 0.99802371859550487 0.78629973530769359 0.22557257115840915 1.0000000180025095e-35 0.59648612141609203 3.5000000000000004 3.5000000000000004 0.13908451050519946 3.5000000000000004 2.5000000000000004 0.61513167619705211 0.88589513301849376 0.86439567804336559 0.86374309659004223 0.55941176414489757 0.98542153835296642 4.5000000000000009 0.51370900869369518 0.47413022816181188 0.8263767957687379 0.76111364364624035 0.96483230590820324 1.0000000180025095e-35 0.60736891627311718 0.872827708721161 4.5000000000000009 14.500000000000002 0.52398699522018444 0.41533938050270086 4.5000000000000009 0.99350652098655712 4.5000000000000009 0.84409722685813915 4.5000000000000009 0.74115687608718883 5.5000000000000009 0.96178188920021068 0.27810649573802954 0.71010190248489391 1.0000000180025095e-35 0.99350652098655712 0.81284341216087352 0.81585493683815014 5.5000000000000009 6.5000000000000009 1.0000000180025095e-35 0.48050631582736975 0.91715687513351452 0.96483230590820324 6.5000000000000009 0.87375369668006908 5.5000000000000009 0.84650033712387096 0.8521554470062257 4.5000000000000009 0.75513625144958507 2.5000000000000004
decision_type=2 2 2 2 2 2 2 2 2 2 2 2 2 2 2 2 2 2 2 2 2 2 2 2 2 2 2 2 2 2 2 2 2 2 2 2 2 2 2 2 2 2 2 2 2 2 2 2 2 2 2 2 2 2 2 2 2 2 2 2 2 2
left_child=2 8 6 4 -3 -5 -1 -8 -2 -4 13 12 -12 17 27 -16 19 18 31 -17 21 -21 -14 -13 25 -19 30 -15 -29 -30 60 32 33 -6 35 36 51 59 39 -36 41 42 -40 -41 -45 46 58 -39 49 -42 -38 -25 54 -54 55 56 -47 -58 -46 -37 -24 -62
right_child=1 3 9 5 10 -7 7 -9 -10 -11 11 23 22 14 15 16 -18 24 -20 20 -22 -23 26 34 -26 -27 -28 28 29 -31 -32 -33 -34 -35 38 37 50 47 40 43 48 -43 -44 44 45 52 -48 -49 -50 -51 -52 -53 53 -55 -56 -57 57 -59 -60 -61 61 -63
leaf_value=-0.072917033442481141 -0.054784025741968362 -0.037479007867716504 -0.056098742565848826 0.011707986292929209 -0.012163648999709365 0.060991494380243261 -0.36115166523793757 -0.069504427197864968 0.042706036756601111 0.016751868832527203 -0.063503256459094826 -0.042864620502089723 -0.037538647265476947 0.0016870899420529876 -0.067692967323880956 0.13058868370613649 0.069563307738386884 0.035672665972016071 0.0028021449192447111 -0.041881781730537936 0.032211619013180398 0.04373908269646206 -0.027652079215880289 0.048445117842302751 0.067890330737028062 -0.016452450970473893 -0.063814539865307843 0.086109676107705022 -0.0398304923995184 0.044724119330589257 0.023687365249403878 -0.058451204518463022 0.015242205798398543 0.064281525891180039 -0.071042669344828224 0.082589264291853801 -0.095778768451961566 -0.013312609018849991 0.035334439460171903 0.022381807138056934 -0.041924780240801762 0.064726183157536213 -0.00554976613397575 -0.045380928595199037 -0.060934425348302526 -0.062265022496269556 0.043605201134225738 0.043760746991665773 0.016999127153828335 0.028823664286247674 -0.019040042671842755 0.0036786008279780648 0.030941445799303528 -0.083157929843559852 0.057174700558036438 0.0044983943153793018 -0.030063533997673187 0.11313893240908143 0.010061388329855767 -0.039153366822081488 0.10726341881443824 -0.0038116024891333995
leaf_weight=729.1253478787221 353.49546900850328 284.06927656238622 118.01281760299753 506.01044458302204 75.312474725691573 249.360362037085 19.195562387045356 52.156126630361541 41.905110328261799 147.56365292321425 311.9073897497874 224.48738057840092 517.02143756800797 1690.5059969255381 551.64980797757744 23.529467622414813 143.87887162025436 496.17280091263819 5135.2182442440244 518.46938356483588 168.47472075384576 88.347135909469216 587.48709596932167 189.38672750130354 252.84881753195077 231.63458156399429 115.21687436877983 194.94986222109583 169.37913160286553 149.88717040489428 464.69787302367331 51.031546433674521 833.91151458064269 393.1174985425605 274.68496062779741 321.24939420208102 137.60024147573677 284.16873788078374 504.27069110105003 462.30845556932036 507.61154532976798 293.72011870067217 1040.8306778444094 532.74602165086981 119.97844747727504 432.10320904073888 395.9168136533699 266.10633681900799 281.59786667488515 98.493486851904891 122.98411653634685 7929.9177060688507 263.49531047299388 44.627086324195261 51.651185488080955 262.1600934395392 89.234938435532968 27.87127739971038 170.02936281010625 25.39756468757696 56.465219602687284 1086.6767319070059
leaf_count=5271749 1327728 197980 336545 17659 57514 43954 14739 368931 16773 92941 170044 162872 165261 94554 181875 1444 5877 8175 93126 39540 13167 5889 7320 13607 14430 4558 1610 15590 56860 6651 8511 42553 89648 95300 73874 7741 29410 20933 15094 19649 12606 10859 32205 14365 8714 9576 10784 17218 8759 4276 22356 316100 6086 1109 1740 4217 2355 426 7157 914 547 12784
internal_value=-0.00118007 0.000962038 -0.0636663 0.00154691 0.00088023 0.0279773 -0.0796066 -0.147966 -0.0444519 -0.0156204 0.00124759 -0.00137511 -0.0158915 0.00559062 -0.00461969 -0.024549 0.000698014 0.0106472 0.00747027 -0.0117056 -0.0160241 -0.0294161 -0.0106395 0.00159298 0.0316674 0.0190831 -0.00462039 0.0088883 0.0325625 -0.000134316 -0.00151371 0.0251829 0.0284601 0.0519909 0.00225261 0.00606075 0.00272379 0.0372377 -0.00378283 -0.0126454 0.00638083 0.0168875 0.00779351 -0.00702119 -0.0127092 -0.00333649 0.0170047 0.0142874 -0.0153831 -0.030428 -0.0595615 0.0047228 -0.0152501 0.0144158 -0.0258416 -0.0311264 -0.0481316 0.00401865 -0.0193101 0.0736696 -0.00828055 0.00167492
internal_weight=32163.3 31097.3 1066.05 30701.9 29946.5 755.371 800.477 71.3517 395.401 265.576 29662.4 18494.1 3139.47 11168.3 3699.07 1494.35 942.7 7469.25 6488.59 798.821 775.291 606.817 2827.57 15354.6 980.656 727.807 2310.54 2204.72 514.216 319.266 2195.33 1353.37 1302.34 468.43 15130.1 9276.81 8379.89 896.922 5853.33 3126.81 2726.52 1838.82 1545.1 2852.12 2389.81 1857.07 685.925 550.275 887.703 606.105 260.584 8119.3 1171.14 308.122 863.021 811.37 549.209 117.106 290.008 346.647 1730.63 1143.14
internal_count=9716829 3631924 6084905 2287423 2225810 61613 5655419 383670 1344501 429486 2027830 1201079 366077 826751 421447 247792 65917 405304 378141 60040 58596 45429 196033 835002 27163 12733 30772 173655 79101 63511 29162 285015 242462 152814 672130 428279 381473 46806 243851 160052 83799 58158 47299 86178 66529 52164 26655 38151 25641 16882 51766 329707 25509 7195 18314 16574 12357 2781 15871 8655 20651 13331
is_linear=0
shrinkage=0.08


Tree=72
num_leaves=63
num_cat=0
split_feature=17 10 10 0 1 12 0 9 1 0 8 15 15 9 1 8 10 12 1 1 10 3 15 1 14 0 14 12 0 0 9 8 13 0 1 5 14 9 9 0 15 9 1 0 0 15 18 0 10 17 0 12 9 1 9 10 9 9 15 14 0 8
split_gain=634.263 115.733 113.914 81.6293 64.1017 61.6188 59.8411 38.9958 36.1458 69.2566 46.3064 34.723 34.2587 67.4784 94.4426 54.3106 43.3577 34.2028 48.6227 30.2194 29.8788 39.577 37.9479 36.4948 34.4777 58.6211 54.0753 34.1256 109.112 98.2509 65.6549 127.187 56.9811 54.1204 32.9993 30.7368 27.9094 26.5117 25.4656 27.0239 26.4379 25.63 24.9046 23.731 23.6776 23.0864 26.8432 28.3624 60.2119 54.0724 23.0338 22.9868 22.9267 87.6219 22.8333 45.8661 22.8324 22.6852 23.2996 24.6761 28.5416 22.6006
threshold=0.76828601956367504 0.46080690622329717 0.90023696422576915 0.99999997019767772 0.96483230590820324 1.0000000180025095e-35 0.13690631091594699 0.75905716419219982 0.99999997019767772 0.74717828631401073 1.0000000180025095e-35 3.5000000000000004 1.5000000000000002 0.36032788455486303 0.12188356369733812 1.0000000180025095e-35 0.91813588142395031 1.0000000180025095e-35 0.069412618875503554 0.71470496058464061 0.99802371859550487 1.0000000180025095e-35 2.5000000000000004 0.57392820715904247 2.5000000000000004 0.67949557304382335 3.5000000000000004 1.0000000180025095e-35 0.86439567804336559 0.82525211572647106 0.99350652098655712 1.0000000180025095e-35 1.0000000180025095e-35 0.46983370184898382 0.044796863570809371 1.0000000180025095e-35 1.5000000000000002 0.84660631418228161 0.88047617673873912 0.71112373471260082 3.5000000000000004 0.95101961493492138 0.3298619687557221 0.33173218369483953 0.96347683668136608 2.5000000000000004 3.5000000000000004 0.31893211603164678 0.92874071002006542 0.65035194158554088 0.46262025833129888 1.0000000180025095e-35 0.78830558061599743 0.22557257115840915 0.99350652098655712 0.85773810744285595 0.11882352828979494 0.5673658847808839 5.5000000000000009 3.5000000000000004 0.74717828631401073 1.0000000180025095e-35
decision_type=2 2 2 2 2 2 2 2 2 2 2 2 2 2 2 2 2 2 2 2 2 2 2 2 2 2 2 2 2 2 2 2 2 2 2 2 2 2 2 2 2 2 2 2 2 2 2 2 2 2 2 2 2 2 2 2 2 2 2 2 2 2
left_child=2 5 43 6 37 -2 11 45 12 10 -10 17 15 14 16 56 -14 19 -19 -3 36 22 23 24 -22 -26 34 28 -24 30 31 -29 44 -33 -27 38 -15 -5 57 40 41 -40 -36 52 -30 46 47 48 -4 -50 61 -12 -1 -54 -17 -56 -8 -35 59 60 -59 -9
right_child=1 3 7 4 -6 -7 8 50 9 -11 51 -13 13 20 -16 54 -18 18 -20 -21 21 -23 27 -25 25 26 -28 29 32 -31 -32 33 -34 35 42 -37 -38 -39 39 -41 -42 -43 -44 -45 -46 -47 -48 -49 49 -51 -52 -53 53 -55 55 -57 -58 58 -60 -61 -62 -63
leaf_value=-0.075430103866739012 -0.054726811402142417 -0.053229837744579643 -0.087169763475194437 -0.03669240381297674 0.070335263559304431 0.046486357293239994 -0.01658340842468941 0.15372984341240506 -0.13915175504058636 0.05440506792728915 0.0017154735648627637 -0.050843867173144527 -0.059306373469989487 -0.049798520615266371 0.11154386518941005 0.096061885797666988 -0.016999944185128783 -0.025517394793537766 0.10393150136105589 0.0018111443398673985 0.040246283299497067 0.041300966097198258 0.0046613449029741542 0.064786117278701524 0.017510054500951507 -0.073604293864594134 -0.016517537812605013 0.0031492659754633308 -0.18497329168711293 0.037853340080523934 0.076297012280403892 0.053503432103613593 -0.041799633711120575 0.059305829683328676 -0.4267152130556332 -0.19789324195100441 -0.00041294093120112585 0.020318405773272093 -0.11436492735670564 -0.0070332672121001727 -0.041508057556613784 -0.37283464567012542 -0.18022953314232135 -0.04872785015731157 -0.047110390642462002 -0.05748650550357895 -0.043219571055252065 0.030148020584691255 0.18481306712057138 0.97892429242476653 0.00097978024953981413 0.044266062874182874 -0.22070816041745503 -0.074575551863090464 -0.056919608321698435 0.08661883322468325 0.010688973748741679 -0.14643341171529059 0.013953206878359631 -0.17913091089631888 0.010153212764295424 -0.084119989380710289
leaf_weight=530.79818554782469 337.70228666850744 117.48965864057936 1.8077957938075986 58.134383492870256 171.12401408900041 43.44930883073539 224.37731894864191 18.065138843143362 14.12644663233368 230.92867662897334 645.93802536344447 214.12655302711755 206.33894955918367 73.479943773796549 32.478800686614704 62.850230496420409 623.55450142099289 37.670049695108901 36.626322876938502 139.80624946478929 156.95705575169995 209.08289561397396 615.48651872802293 118.96016915724613 124.48871099366806 8.7871441305615026 28.824785980861634 1027.4001360013499 29.753485803492367 500.74751860566903 62.110460687894374 20.979386134073138 157.68614380899817 5.0096149416640392 4.478755113668738 13.628953210078178 22134.670202837391 511.74056832771748 7.3298717224970478 52.161304982379079 16.804404492489994 3.6920753810554743 6.3331735054962337 160.59703618750063 10.891622222959993 74.861129254917614 34.547474741761107 30.504429068852914 1.247020531416638 0.98007098858943198 20.541924147022655 92.946597641421249 35.322008441875369 102.35984056094458 24.475773878148175 34.093025259906426 1579.3182433749025 17.604171918705109 7.7944551911205044 34.189973584376276 12.915587146766482 2.9783096498576915
leaf_count=4251522 1340665 159106 1226 795 39695 17292 6543 2042 822 30948 38714 221045 242495 2984 885 2331 58016 17568 1613 50159 3589 17740 9909 9398 1491 91 541 21905 525 24002 5234 279 2322 118 59 484 1223126 21201 307 2469 670 146 176 750526 107 185626 39379 10735 782 180 1597 5321 42281 797636 14200 1610 34442 396 157 774 318 186
internal_value=-0.00142234 0.000621185 -0.0636609 0.00116831 0.0273964 -0.043189 0.000515673 -0.00699576 0.00100565 0.0160787 0.00432497 -0.0257319 0.000480655 -0.000272727 -0.0222813 0.0107826 -0.0275187 -0.00951578 0.0382978 -0.0233224 0.000472675 0.00763187 0.00532002 0.0267991 0.0131 -0.0115414 -0.0862274 0.0016067 -0.011967 0.00780435 -0.00393622 -0.00802255 -0.0635701 -0.0677692 -0.188751 -0.0826364 -0.000576343 0.0145026 -0.072663 -0.0409963 -0.104661 -0.200946 -0.282334 -0.0763416 -0.14803 -0.0267089 0.00664117 0.0565137 0.255843 0.534276 0.0612413 0.00706804 -0.0829756 -0.112066 0.0625722 0.0266344 0.00729633 -0.10534 -0.116716 -0.132456 -0.0801679 0.120067
internal_weight=31916.2 30901.5 1014.61 30520.4 740.999 381.152 29779.4 185.533 29233.7 983.94 753.011 545.719 28249.7 26324.6 862.372 1925.11 829.893 331.592 74.2964 257.296 25462.2 3254.1 3045.02 448.83 329.87 172.913 48.4239 2596.19 813.818 1782.37 1281.62 1219.51 198.331 192.11 19.5991 171.13 22208.2 569.875 157.501 79.9877 27.8264 11.0219 10.8119 829.077 40.6451 143.948 69.0868 34.5393 4.03489 2.22709 41.5854 738.885 668.48 137.682 121.419 58.5688 1803.7 77.5138 72.5042 64.7097 30.5198 21.0434
internal_count=9718501 3634783 6083718 2276826 61691 1357957 2215135 241753 1765644 75805 44857 449491 1689839 1630713 301396 59126 300511 228446 19181 209265 1329317 103207 85467 15345 5947 2358 867 70122 12863 57259 33257 28023 2954 6118 326 5839 1226110 21996 5355 3592 1123 453 235 5841965 632 237928 52302 12923 2188 962 3825 44035 5091439 839917 18141 15810 40985 1763 1645 1488 714 2228
is_linear=0
shrinkage=0.08


Tree=73
num_leaves=63
num_cat=0
split_feature=17 0 10 11 9 2 11 9 0 15 11 10 9 10 9 16 11 17 9 9 16 10 15 9 11 11 1 8 15 0 9 14 1 14 0 1 1 11 9 11 0 15 2 16 10 14 11 9 14 15 14 16 0 1 0 1 0 1 9 15 11 15
split_gain=565.366 115.267 78.1263 64.6653 118.86 118.216 81.4827 161.001 77.4813 97.4514 69.1233 64.1646 59.9815 59.8925 94.0529 60.1417 58.2084 55.121 40.1919 74.6593 84.3253 119.539 78.5271 70.6038 290.206 115.61 97.2546 88.1792 55.8224 55.1672 54.3106 49.9309 50.8918 48.3589 47.8152 106.29 60.8037 51.0276 114.211 52.3722 47.116 46.223 72.4862 44.8499 88.278 44.7936 49.2726 82.4124 41.8383 48.7349 41.2455 41.0835 54.8129 45.2535 39.404 38.749 37.2128 61.5396 59.9547 37.0569 35.6466 35.4841
threshold=0.74014180898666393 0.17512650042772296 0.8337790071964265 0.86240702867507946 0.88047617673873912 1.5000000000000002 0.87895435094833385 0.92637759447097789 0.78524649143219005 4.5000000000000009 0.93419912457466137 0.54502776265144359 0.90070420503616344 0.72021508216857921 0.7320508360862733 11.500000000000002 0.68208554387092601 0.56659001111984264 0.91331183910369884 0.96922346949577343 6.5000000000000009 0.96987840533256542 2.5000000000000004 0.86295148730278026 0.79784947633743297 0.8263767957687379 0.58305320143699657 1.0000000180025095e-35 4.5000000000000009 0.78524649143219005 0.88047617673873912 4.5000000000000009 0.4926955401897431 2.5000000000000004 0.67949557304382335 0.12810420244932177 0.78700488805770885 0.7065996825695039 0.82167318463325512 0.75147059559822094 0.91171297430992138 3.5000000000000004 1.0000000180025095e-35 16.500000000000004 0.92874071002006542 3.5000000000000004 0.84889996051788341 0.84889996051788341 2.5000000000000004 3.5000000000000004 3.5000000000000004 7.5000000000000009 0.61775881052017223 0.57085180282592785 0.86439567804336559 0.86470213532447826 0.86439567804336559 0.7092566490173341 0.83438819646835338 4.5000000000000009 0.59491634368896495 4.5000000000000009
decision_type=2 2 2 2 2 2 2 2 2 2 2 2 2 2 2 2 2 2 2 2 2 2 2 2 2 2 2 2 2 2 2 2 2 2 2 2 2 2 2 2 2 2 2 2 2 2 2 2 2 2 2 2 2 2 2 2 2 2 2 2 2 2
left_child=2 11 -1 13 -5 6 7 -6 -8 -10 12 -2 -11 14 16 -16 -3 -4 23 51 21 33 29 25 -25 28 61 -27 34 -22 -28 32 48 -21 36 37 43 40 -39 -40 -36 -35 50 -15 -45 -29 47 -47 49 -24 -43 52 -20 -53 -34 -44 -37 -58 -59 -32 -56 -26
right_child=1 3 17 4 5 -7 8 -9 9 10 -12 -13 -14 18 15 -17 -18 -19 19 20 22 -23 31 24 26 27 30 45 -30 -31 59 -33 54 41 35 56 -38 38 39 -41 -42 42 55 44 -46 46 -48 -49 -50 -51 -52 53 -54 -55 60 -57 57 58 -60 -61 -62 -63
leaf_value=-0.078595216067119181 -0.065180678622847918 -0.059657173589731292 -0.06722608259105281 0.04370679341663402 -0.098507980298692663 0.058309642625306343 0.00039741547713994922 -0.0036954308516028416 0.039420286309870829 0.063278362321051426 0.044897469947215239 -0.015386218500529045 -0.026935848172562237 0.0059198154387739297 0.0021762816532225706 -0.070185653828728795 0.020033466845854418 0.01215143863495086 0.040332589073387402 -0.023007092752075266 0.00050772907297019516 0.067598425135567602 -0.10491639402173028 0.0038314716728868516 -0.13531354218209793 0.050525606023413883 -0.082074293183465152 0.032839810306641522 -0.014506235743100724 0.081241080680822336 -0.045128850854761801 0.024690585027732595 -0.0046554700457443763 0.049842804613258886 -0.0024931514847670185 -0.023703444899675526 0.050107370549485948 0.036300385333733025 0.0151369067462045 -0.19515396466400459 0.054392310038821771 -0.044500480534233472 0.0231318579023434 -0.061978216247660298 0.0066651311133088002 -0.0032583998209236588 0.031156301593654307 -0.11144367001837927 0.028457091745303274 0.071559698879202369 0.011592334299916922 0.0085027823852474021 -0.026491731996252731 0.057132804043393028 -0.08420750845625008 0.12765240222354815 0.011178010046930878 -0.067513194318493577 0.0036926669316210492 0.015490675239918069 -0.022228608532468934 -0.065867647082313574
leaf_weight=649.60935479250475 219.63741093919998 370.13817915523941 102.73561101302039 558.818784318506 142.02082590712962 257.45903022005223 3838.6074198316564 594.19553868792536 859.30419111391529 53.049585820641369 152.62466420442797 673.42269886396207 425.43485991365742 5795.6574265746458 1000.3638125585712 79.338034661368511 69.709017255634535 123.0474603920884 148.67208611915703 250.89257313526468 105.07180261214671 269.20222474262118 33.483429474988952 1466.3535448683833 121.08462486037752 502.19757299643243 128.6886502901325 194.647354550194 1783.2350181639631 111.81582086137496 147.59595582837937 275.42252759932308 1132.6107937919442 204.11711854478926 1845.5111894615984 1657.5312620945479 187.76635931551573 540.9114085175097 11.983709102496503 20.623537865001708 98.140370577573776 152.07477262389148 55.530660014366731 190.30141799048579 324.13378918883973 138.37043994781561 95.150505359924864 66.829894263180904 300.99955891061109 14.288696427654939 187.13328321813606 182.2601036640408 166.57919739559293 373.31238692512852 62.673919573891908 38.396997340489179 605.23143910639919 156.08133123023435 146.9097662367858 114.68958557370934 1133.3428444054443 77.055485305681941
leaf_count=5418433 1188929 756661 344067 16164 6412 43171 155370 20108 46607 515 9003 232132 5319 338131 468751 120585 42453 104036 1622 3146 2012 17729 240 15666 1137 6579 1381 3394 131796 8295 2007 4602 14471 3708 25813 16137 4963 6131 112 189 976 2446 761 59506 10100 1636 1147 566 5071 330 2734 2084 2704 3545 609 413 7573 1487 1333 1172 19187 784
internal_value=-0.00110538 0.000690226 -0.0645054 0.00153292 0.00834118 0.00521546 0.00296171 -0.0219854 0.0064082 0.0218892 -0.00198079 -0.0276326 -0.0169338 -0.00049228 -0.0158443 -0.00314098 -0.0470274 -0.0239669 0.000587 0.00671778 0.0024166 0.0208987 -0.00433171 -0.00135414 -0.0152217 0.00063068 -0.0626468 0.0269074 -0.00133003 0.0421296 -0.0395071 -0.00774433 -0.0110809 0.00674368 0.000698868 -0.00511322 0.00524535 0.00656645 0.0275352 -0.117869 0.000379154 0.0184568 0.00366607 0.00391041 -0.0187276 0.00294564 -0.0164278 -0.0384923 0.0174186 -0.0521322 -0.0135554 0.02809 0.00502253 0.0411793 -0.0153494 0.0658592 -0.0165717 -0.00355615 -0.032988 -0.0186218 -0.0254764 -0.108306
internal_weight=31784.1 30908.7 875.392 30015.6 6881.51 6322.7 6065.24 736.216 5329.02 1490.41 631.109 893.06 478.484 23134.1 1519.55 1079.7 439.847 225.783 21614.6 5197.88 4327.06 1157.35 3169.71 16416.7 2055.47 14361.2 589.114 997.196 13364 216.888 390.974 2952.82 2677.4 888.145 11580.8 5082.92 6497.86 2517.17 573.519 32.6072 1943.65 637.253 433.136 6310.09 514.435 494.998 300.351 205.2 348.772 47.7721 339.208 870.824 315.251 555.572 2328.63 93.9277 2565.75 908.223 302.991 262.286 1196.02 198.14
internal_count=9714141 3847605 5866536 2426544 302669 286505 243334 26520 216814 61444 14837 1421061 5834 2123875 1388450 589336 799114 448103 735425 95709 85754 30937 54817 639716 22147 617569 6481 13322 604247 10307 4560 44510 39908 13208 472451 59751 412700 33221 6432 301 26789 10062 6354 407737 69606 6743 3349 2202 5641 570 5180 9955 4326 5629 34267 1174 26530 10393 2820 3179 19796 1921
is_linear=0
shrinkage=0.08


Tree=74
num_leaves=63
num_cat=0
split_feature=17 0 10 11 10 10 17 18 0 16 15 11 10 0 16 10 11 15 16 0 4 10 11 0 10 10 10 10 13 10 8 12 11 0 10 16 16 16 13 8 11 16 0 10 15 11 8 16 10 15 16 12 15 12 10 16 13 11 11 2 10 12
split_gain=518.714 118.248 78.434 67.9902 122.352 53.5298 44.0097 43.3899 36.9928 77.6286 46.829 46.4312 49.9165 36.6718 40.067 29.4219 40.3049 38.6806 31.3684 159.868 104.409 60.2702 60.6423 54.0852 65.3862 54.5496 49.0043 44.689 38.4866 55.994 42.2154 45.9737 41.0744 39.4078 38.6744 33.9269 35.0186 33.6039 74.563 29.8966 37.0852 29.4955 39.3976 37.6006 29.2752 44.7819 28.7062 28.4689 27.8552 38.4744 27.6156 27.5595 27.3246 39.8983 33.5731 28.6401 27.1548 27.0473 25.9126 24.8469 35.801 24.1662
threshold=0.70884573459625255 0.18839602917432788 0.54502776265144359 0.99397590756416332 0.872827708721161 0.77539554238319408 0.5889779031276704 3.5000000000000004 0.91171297430992138 7.5000000000000009 2.5000000000000004 0.92718276381492626 0.97845596075057995 0.061489565297961242 11.500000000000002 0.98369517922401439 0.6474730670452119 2.5000000000000004 10.500000000000002 0.5936623513698579 1.0000000180025095e-35 0.68764141201972973 0.62316370010375988 0.67949557304382335 0.92211681604385387 0.97845596075057995 0.57790622115135204 0.96568545699119579 1.0000000180025095e-35 0.96987840533256542 1.0000000180025095e-35 1.0000000180025095e-35 0.7432234287261964 0.67949557304382335 0.97375312447547924 6.5000000000000009 4.5000000000000009 6.5000000000000009 1.0000000180025095e-35 1.0000000180025095e-35 0.27812939882278448 13.500000000000002 0.44403189420700079 0.84866103529930126 4.5000000000000009 0.9064583182334901 1.0000000180025095e-35 6.5000000000000009 0.84384033083915722 1.5000000000000002 27.500000000000004 1.0000000180025095e-35 4.5000000000000009 1.0000000180025095e-35 0.99802371859550487 11.500000000000002 1.0000000180025095e-35 0.92718276381492626 0.39767442643642431 1.0000000180025095e-35 0.82437592744827282 1.0000000180025095e-35
decision_type=2 2 2 2 2 2 2 2 2 2 2 2 2 2 2 2 2 2 2 2 2 2 2 2 2 2 2 2 2 2 2 2 2 2 2 2 2 2 2 2 2 2 2 2 2 2 2 2 2 2 2 2 2 2 2 2 2 2 2 2 2 2
left_child=5 2 -2 7 59 -1 -7 8 15 -10 -11 12 -12 -4 -15 18 39 57 20 21 23 -20 46 25 -25 44 -22 37 30 -30 31 34 -33 -34 -21 36 -29 38 -26 40 -17 42 -24 -43 -3 -46 -23 -27 49 -28 -19 -9 53 -14 55 -55 -8 -18 -42 60 -5 -61
right_child=1 3 13 4 -6 6 56 51 9 10 11 -13 52 14 -16 16 17 50 19 28 26 22 41 24 27 47 48 35 29 -31 -32 32 33 -35 -36 -37 -38 -39 -40 -41 58 43 -44 -45 45 -47 -48 -49 -50 -51 -52 -53 -54 54 -56 -57 -58 -59 -60 61 -62 -63
leaf_value=-0.080194202959272584 -0.066700689157557669 0.0043640045651233928 -0.039566651486773526 -0.062512972034776973 0.063250690190363029 -0.063058081992267673 0.062840593935672318 -0.049804578199671171 0.05546392144149067 0.054901236618541849 0.010133829234682186 0.063036225775078183 -0.0240963923430897 0.0061499549185110225 -0.069614949603751169 0.0091234094701363663 0.05058105131630021 0.010359214815175268 -0.071111955141080291 -0.08448796284266355 0.21486816664181785 -0.043697179906703749 0.028603426562229625 0.0062603856056453857 0.049824988292147106 0.074790112124041699 0.21881309989548256 0.16954784047453106 0.011073651434023762 -0.011420898136297725 -0.021016190378843037 -0.0051987269420663527 -0.033010931133039635 0.033817306072162705 0.063241319632957427 -0.022509060210558367 0.010800421518342703 -0.014727481994181509 -0.04764258109871064 0.03161259597044791 -0.026390031657231743 -0.07581469578878558 -0.012445093883356316 -0.014561420482523584 -0.01384460311181585 0.019501690300212714 0.019140361631257204 -0.022467776703790548 0.017436630765168222 0.04324898378349093 -0.19138938375637451 0.011576613018083316 -0.032073127591065877 -0.13222896574710163 0.042121651625426575 0.00046807539201890891 -0.026015846617231077 -0.073464444837100878 -0.0040713014656287589 -0.0030535192935018008 -0.49246430036924238 0.050218799115986493
leaf_weight=532.3811011678099 238.3657981072738 6043.7622494686311 239.79574125651379 12.611216625184168 316.1979497121647 133.96613416175387 36.122135878467816 173.14736680339774 216.82428827090189 119.75422157230787 1779.7709442783962 82.364094382850453 321.66158570954576 445.34533258560259 49.651967234512995 1022.8419145293301 221.73226072173566 2050.2746487839613 164.59887924411123 64.128555590286851 8.664300639247811 646.26747259140393 228.4695906262059 1066.4478465716384 54.846962047740817 98.026158199994825 8.3315070672397251 9.1112048383802158 3101.7043446317548 917.77452434954466 863.58956654788926 889.10154197065276 65.914823291124776 394.25607425067574 13.778256348974535 269.07043855119264 371.93469728541095 765.66621678922093 597.02788476092974 171.17445612384472 459.72552332555642 76.392719790848787 433.71750054659788 399.8248361487058 1367.5917592406331 317.60000331649644 50.138058908327366 23.972577033331618 844.64952259499114 194.20348022635153 4.3514486965723327 64.162231669939501 306.75690478028264 10.966908363159744 159.56392673961818 204.82415887410752 56.347462440435265 11.850996141321955 1207.0976032965118 457.98393690289959 1.3745673247613002 61.859664054994937
leaf_count=4970835 1407975 763663 77591 1118 60352 552897 21261 355538 23096 8006 18326 6613 3779 105783 87759 11186 11958 51820 302714 941 2500 244637 8215 11985 1150 1188 339 81 46889 9594 7946 13360 585 4131 140 2453 4471 7328 7115 5569 15316 10466 6282 6908 214678 8298 1661 355 20033 12756 57 25867 5057 148 14167 3055 87826 690 16487 40512 22 3244
internal_value=-0.000994607 0.000617182 -0.0268248 0.00151365 0.0238139 -0.0663368 -0.0337563 0.000858634 0.0011403 0.00924459 0.00588806 0.00384001 0.00208841 -0.0138891 -0.00144984 0.000122489 0.00552484 0.013439 -0.0012444 -0.00502522 0.00136481 -0.0247382 -0.020578 -0.000944746 -0.00982923 0.00260195 0.0253935 -0.0181279 0.00122085 0.00593743 -0.00705507 0.00139284 0.00484303 0.0242448 -0.0583612 -0.000760919 0.0145962 -0.0260927 -0.0394419 -0.000805202 -0.00286832 -0.00920266 0.00171758 -0.0243874 0.00176414 -0.00755999 -0.0391732 0.0556791 0.0238258 0.050471 0.00993194 -0.0332087 -0.0121768 -0.00342037 0.014298 -0.00627584 0.00869485 0.0442875 -0.010227 0.000454762 -0.10477 0.00328571
internal_weight=31521.4 30762.6 973.159 29789.4 850.027 758.817 226.436 28939.4 28702.1 3202.49 2985.66 2865.91 2783.54 734.793 494.997 25499.6 5149.05 2288.21 20350.6 8309.66 12040.9 1999.41 1834.81 10985.1 3134.11 7850.95 1055.85 2067.66 6310.25 4019.48 2290.77 1427.18 1349.27 460.171 77.9068 650.116 381.046 1417.54 651.875 2860.84 2689.67 1138.4 662.187 476.218 7728.95 1685.19 696.406 121.999 1047.18 202.535 2054.63 237.31 1003.77 697.017 375.355 215.791 92.4696 233.583 1666.82 533.829 13.9858 519.844
internal_count=9716772 4083953 1679108 2404845 105248 5632819 661984 2299597 1918192 82247 59151 51145 44532 271133 193542 1835945 113083 64525 1722862 664469 1058393 580883 278169 1022765 34583 988182 35628 22598 83586 56483 27103 19157 18076 4716 1081 7005 4552 15593 8265 48558 42989 31871 14497 17374 986639 222976 246298 1543 33128 13095 51877 381405 26206 21149 17370 3203 109087 12648 31803 44896 1140 43756
is_linear=0
shrinkage=0.08


Tree=75
num_leaves=63
num_cat=0
split_feature=17 10 10 16 2 9 17 0 16 15 14 15 14 15 8 11 3 11 9 14 11 14 3 0 10 3 3 9 11 9 11 11 11 14 15 11 8 9 14 9 11 11 9 15 9 3 14 11 11 9 14 9 14 9 11 9 15 9 11 3 3 11
split_gain=457.929 123.287 84.2869 55.4196 51.7733 91.8375 45.8554 41.6963 41.5626 38.3662 127.564 97.3618 85.0532 130.254 242.243 125.418 86.2285 92.6772 97.6485 89.7113 77.0901 81.1326 160.032 75.4363 89.6938 89.349 64.9828 116.312 160.087 71.2724 133.384 60.7928 59.9517 56.4755 80.0472 99.8047 54.4643 68.9205 123.499 90.155 55.9314 53.9606 58.8422 54.292 144.936 153.273 151.539 71.0924 69.6904 69.6776 56.6473 53.0522 52.3545 135.919 107.134 72.1639 63.7015 68.8601 98.4815 74.2189 60.8433 62.5684
threshold=0.76828601956367504 0.82018429040908825 0.47895757853984838 4.5000000000000009 1.5000000000000002 0.98484501242637645 0.58529233932495128 0.13690631091594699 8.5000000000000018 3.5000000000000004 3.5000000000000004 4.5000000000000009 3.5000000000000004 2.5000000000000004 1.0000000180025095e-35 0.87895435094833385 1.0000000180025095e-35 0.77836257219314586 0.54641148447990429 4.5000000000000009 0.75513625144958507 2.5000000000000004 1.0000000180025095e-35 0.86439567804336559 0.88782376050949108 1.0000000180025095e-35 1.0000000180025095e-35 0.99350652098655712 0.90443575382232677 0.91715687513351452 0.82413583993911754 0.23132664710283282 0.78910300135612499 2.5000000000000004 2.5000000000000004 0.81284341216087352 1.0000000180025095e-35 0.98484501242637645 2.5000000000000004 0.93643951416015636 0.77015757560729992 0.45199692249298101 0.7065996825695039 4.5000000000000009 0.99350652098655712 1.0000000180025095e-35 4.5000000000000009 0.81872946023941051 0.93419912457466137 0.47140522301197058 4.5000000000000009 0.60922586917877208 4.5000000000000009 0.75134408473968517 0.81872946023941051 0.88273489475250255 5.5000000000000009 0.98484501242637645 0.82972848415374767 1.0000000180025095e-35 1.0000000180025095e-35 0.90443575382232677
decision_type=2 2 2 2 2 2 2 2 2 2 2 2 2 2 2 2 2 2 2 2 2 2 2 2 2 2 2 2 2 2 2 2 2 2 2 2 2 2 2 2 2 2 2 2 2 2 2 2 2 2 2 2 2 2 2 2 2 2 2 2 2 2
left_child=1 -1 3 -2 7 -6 -3 -4 -8 12 11 20 23 -14 31 16 17 18 -16 -18 -11 22 -22 24 -9 33 27 -23 -29 -28 -31 -15 -13 34 -25 -36 40 39 -39 51 -26 42 -12 44 46 50 49 -48 52 -43 -46 -38 53 -45 55 -54 57 58 -55 -60 -59 -62
right_child=2 6 4 -5 5 -7 8 9 -10 10 41 32 13 14 15 -17 19 -19 -20 -21 21 26 -24 25 36 -27 29 28 -30 30 -32 -33 -34 -35 35 -37 37 38 -40 -41 -42 43 -44 48 45 -47 47 -49 -50 -51 -52 -53 54 56 -56 -57 -58 60 59 -61 61 -63
leaf_value=-0.078864969951722 0.031715390927803455 -0.05354708823894766 -0.021869902216577732 -0.047419014000136754 -0.0062493526013245471 0.058750298644281634 0.052083894393408735 0.023761421585288024 -0.029573409726621362 -0.040760283873740734 -0.06532032418823408 -0.0024506627640509164 0.0078519895331881483 0.30470885823188404 0.11778260676032282 0.063996663879031884 -0.076782124623962902 0.034485230037919735 -0.038946446203899816 0.066242746879605463 0.1260832865079046 0.019945776003366011 -0.16982345614535871 0.052354627036946932 0.0040855179040561514 0.075754825357369701 -0.092370676796599285 -0.065264187787424752 0.038214687868793694 0.14597954376911976 0.0018872122710843508 -0.076245227336709617 0.053255424442711058 0.03625857198020558 -0.069815231323191895 0.039307504351673433 0.048883812713512879 -0.0058025555884371827 0.073844036563631532 -0.070080645518136434 0.036712428811254229 0.052072333162802832 0.10064541025218406 -0.066081593162530844 0.081902766870077109 0.0033290343663501913 -0.079368066251871594 0.030725103546388938 0.025410757408976688 0.0038038185019003113 0.010406303962511462 -0.015460859377794262 0.003134858352798915 -0.017770060962231781 -0.017365418622420893 0.040813308580397875 0.016498659187767481 -0.038097435700537863 0.042758736299191254 -0.082840030537634238 0.062407304337898303 -0.033955958303667669
leaf_weight=588.25538653091644 67.505516831968635 108.87499588054925 502.44221225726142 351.84293257674472 283.86814416016568 272.81650653114775 84.960303570362157 1513.0891779405974 75.204339631964103 961.5127072983305 125.18625405572675 493.39300140790874 2081.0216547767777 2.6979123141936716 27.610820421607059 155.2651840471226 195.65719467696908 289.62721398283611 323.8515402070916 32.768180001367 60.922400239724084 228.41901371095446 14.476598961264243 102.4882653534878 2157.6812494354672 217.99562884634361 42.109367822595232 527.47231062977517 116.88534821762005 45.733850315649761 407.11363716622873 426.07354212545761 164.99220894447353 459.86725311214104 155.75144330749754 81.820924284635112 88.719469508621842 569.99809208023362 159.45242729154415 189.37913171341643 398.3474932841491 196.18360944987216 15.348239752951484 281.52095324593392 381.44197755018831 452.47487725836254 200.13568888968621 46.205668592650909 491.10915377092897 7851.9131625784794 87.122636877313198 1084.1439154071268 885.87972483188059 719.38967548462824 994.75542008700722 514.12475624874605 554.48998909894726 832.33267600841646 356.88527175408672 32.885502790508326 86.034432219254086 86.459811878070468
leaf_count=5564122 93900 399453 372828 1469122 13271 45852 42571 204825 78175 165937 124839 100682 135779 2355 4790 5992 6190 17383 40693 951 1167 6862 435 2507 39725 15433 1647 8289 2006 713 6063 117780 3706 9627 1331 1262 2641 7704 6803 2823 6413 17581 1070 70533 9765 28257 41107 2426 16995 250490 5192 13236 36921 25876 16066 7952 15133 15221 5905 429 1136 902
internal_value=-0.000685685 -0.0583483 0.000937935 -0.0346802 0.00143536 0.0256053 -0.0134884 0.000978805 0.0137422 0.00137511 -0.000855256 -0.0157486 0.00517553 -0.00498296 -0.0233585 -0.00223345 -0.0140599 0.00097813 -0.0266338 -0.0562649 -0.0232118 -0.0115198 0.0692692 0.0101772 0.00684377 0.0303524 -0.0159735 -0.0291052 -0.0464933 0.00718213 0.0164393 -0.0738482 0.0115094 0.0179794 -0.00673972 -0.0322329 0.00133615 -0.00823711 0.0116076 -0.0188635 0.0091703 0.00214759 -0.0471947 0.0026083 0.00643183 0.0365392 0.00308861 -0.0587181 -0.00342947 0.00498043 0.0686091 -0.0105936 -0.00607948 -0.0132133 0.00270837 0.0169715 -0.00763578 -0.0139661 -0.000223476 0.0321618 -0.0291358 0.0141069
internal_weight=31304 857.295 30446.7 419.348 30027.3 556.685 269.04 29470.7 160.165 28968.2 18254.9 3063.03 10713.3 3534.57 1453.55 1024.78 869.515 641.09 351.462 228.425 2404.65 1443.13 75.399 7178.73 6160.81 1017.92 1367.73 872.777 644.358 494.957 452.847 428.771 658.385 799.928 340.061 237.572 4647.72 2091.69 729.451 1362.24 2556.03 15191.9 140.534 15051.3 9215.48 921.039 8294.44 246.341 5835.87 8048.1 468.565 1172.86 5344.76 2950 2394.76 1400 2668.48 2113.99 1109.16 389.771 1004.83 172.494
internal_count=9716840 6084321 3632519 1563022 2069497 59123 520199 2010374 120746 1637546 991303 297507 646243 331913 196134 75999 70007 62866 45483 7141 193119 27182 1602 314330 284170 30160 25580 17157 10295 8423 6776 120135 104388 14727 5100 2593 79345 33207 14507 18700 46138 693796 125909 567887 354818 43214 311604 43533 213069 268071 14957 15877 196074 135135 60939 44873 64602 49469 32210 6334 17259 2038
is_linear=0
shrinkage=0.08


Tree=76
num_leaves=63
num_cat=0
split_feature=17 10 10 11 10 10 16 18 1 17 0 2 11 0 10 16 0 15 0 16 15 1 4 1 0 0 1 16 11 15 11 8 10 16 11 0 0 16 11 10 16 1 1 11 0 0 16 15 13 15 10 1 1 6 17 0 0 10 0 15 0 0
split_gain=408.182 100.408 83.1325 45.7479 90.4498 53.3771 99.8618 58.8676 49.819 43.8872 43.0663 39.5792 38.3606 44.4422 34.0253 50.607 36.4893 32.4647 57.4188 27.6181 27.4391 67.8726 26.0347 28.1666 49.0406 113.921 29.0167 34.0221 25.4755 39.6251 88.1538 54.924 44.3583 45.7565 29.8081 44.5608 54.6034 29.4835 84.9694 66.1115 68.6821 44.6611 42.2145 47.1325 36.6801 47.8631 50.0234 43.4431 42.5041 36.9262 32.235 31.4007 30.5317 30.3259 32.757 27.0332 51.2916 25.9144 39.5614 54.6719 25.3659 36.5133
threshold=0.74014180898666393 0.77539554238319408 0.45910002291202551 0.8713812828063966 0.99802371859550487 0.60887455940246593 8.5000000000000018 1.5000000000000002 0.95155650377273571 0.56261882185935985 0.25192745029926306 1.5000000000000002 0.53694936633110057 0.51370900869369518 0.52954608201980602 8.5000000000000018 0.4280212670564652 3.5000000000000004 0.74717828631401073 8.5000000000000018 3.5000000000000004 0.45636108517646795 1.0000000180025095e-35 0.70411264896392833 0.092192601412534728 0.075748760253191008 0.73157235980033886 3.5000000000000004 0.12632978707551959 1.5000000000000002 0.37884435057640081 1.0000000180025095e-35 0.94352906942367565 10.500000000000002 0.27475491166114813 0.39419178664684301 0.36625076830387121 10.500000000000002 0.71503761410713207 0.88782376050949108 15.500000000000002 0.90892329812049877 0.18046266585588458 0.75905716419219982 0.55393069982528698 0.38367255032062536 5.5000000000000009 3.5000000000000004 1.0000000180025095e-35 2.5000000000000004 0.74164745211601268 0.025850439444184307 0.96483230590820324 1.0000000180025095e-35 0.75652486085891735 0.86439567804336559 0.67949557304382335 0.9573054611682893 0.67949557304382335 2.5000000000000004 0.19478936493396762 0.30163922905921942
decision_type=2 2 2 2 2 2 2 2 2 2 2 2 2 2 2 2 2 2 2 2 2 2 2 2 2 2 2 2 2 2 2 2 2 2 2 2 2 2 2 2 2 2 2 2 2 2 2 2 2 2 2 2 2 2 2 2 2 2 2 2 2 2
left_child=1 -1 10 5 11 6 7 12 -6 -3 -2 14 -4 22 15 16 20 18 -16 -11 21 -5 23 -14 25 26 -25 -28 -7 31 32 -30 -31 -34 35 36 -35 38 44 40 51 42 43 -40 45 46 -32 48 -48 55 -43 -39 -51 54 -47 56 -46 -41 59 -59 -22 -62
right_child=2 9 3 4 8 28 -8 -9 -10 19 -12 -13 13 -15 17 -17 -18 -19 -20 -21 60 -23 -24 24 -26 -27 27 -29 29 30 37 -33 33 34 -36 -37 -38 39 41 57 -42 50 -44 -45 49 53 47 -49 -50 52 -52 -53 -54 -55 -56 -57 -58 58 -60 -61 61 -63
leaf_value=-0.080538549060890322 -0.068885726355248963 -0.056508590595559002 -0.053900515043585291 1.5280486057474694 0.023546279593767018 -0.025165652993132694 -0.064547695142114878 -0.05548785463658331 0.077281098634525605 0.043762476127370588 -0.011838608126351851 0.054886052777965419 0.018314597744844729 -0.017559903781742794 0.0041021989942965319 -0.054149369200918417 0.036120784645343587 -0.0010916536651365992 0.041570078565892205 -0.027252483331214529 -0.00066220475817287963 0.037978387547429097 0.19850064468001147 0.91103466664225841 0.067295244321296674 2.458889505497881 1.2798900951649814 0.14133712574976925 0.0083723846915350741 -0.05337058596836404 -0.016945692909556522 0.063531750255856029 -0.035190682603962777 0.1446801104528545 -0.012209842935909519 0.033134764592606405 0.90347593324215003 -0.040021464227519163 -0.010786022946685576 0.005149514373409012 -0.064845917102465678 -0.021309371726567911 -0.0082480363574133873 0.031728659793391331 0.0020446495497176828 0.54447463630918003 0.083255636652575946 0.002127876643343735 0.019358350945682997 0.0097825224217201554 0.026295326234408237 -0.0016509486755407333 -0.15480462312906904 0.032909316869499702 -0.031014243223007831 0.054282772868735486 -0.062316628447265328 0.056223298031088102 -0.0067999924807198662 0.0032346870738940155 0.48882112646380538 0.18833400471526859
leaf_weight=486.92738274495241 158.62718607901843 107.89026572403236 41.360910854597932 0.19869262180236802 401.10564249753952 247.27639415589147 234.82718184602618 90.713588783648447 152.3717084445525 76.577260452755581 181.71302317754089 97.785758287645876 101.11802699738473 88.369146803888725 1117.6616354079233 22.927988997197644 45.552308191836346 3936.7376478643382 341.82717119390145 64.629398673789183 2.9230500592238995 12.740325553386354 7.4171206869505104 0.4028246469097202 66.660126570874127 0.15752148670435406 0.17642320715822313 3.5060722007328877 1563.0726606316457 259.07731825507653 371.14851959666703 124.75325755981612 293.69981543847825 2.4299193348851982 155.70816934504546 109.7900536552188 0.80902309395605687 182.7848023908482 295.50275353109464 3546.252996574869 195.28214543231297 111.32631263439544 4279.5931547717773 383.43319425922527 183.91623240811168 0.63972039391228364 106.87067740578641 383.30426255487691 176.92915606102179 1918.7607184939116 499.45369936607312 539.01121164130745 7.2405958115123203 1151.7141752646712 60.347764328136691 29.525041901739314 139.24324389721733 141.0861757096136 4723.1812636129325 1067.5950198269857 3.362136842646577 11.241522031541534
leaf_count=5179756 1144880 526810 82667 126 26787 8053 622533 285139 43177 56820 291676 12757 84892 1983 23783 43593 1456 83139 12364 104911 3603 10050 874 360 16299 145 54 2146 28890 257888 45909 8707 24319 338 13500 5040 163 84670 3466 65607 77185 2382 83346 5096 2152 842 6090 68161 23274 32305 11617 39237 90 45189 12361 2114 2132 2629 63713 18412 3924 2919
internal_value=-0.000537688 -0.0594046 0.000888861 0.00133442 0.00748958 -0.000249487 -0.0231388 0.00117828 0.0383394 -0.0180927 -0.0384274 0.00443669 0.0178048 0.0288792 0.00353895 0.0500275 0.0814486 0.00268653 0.0128776 0.0112594 0.149223 0.06086 0.0517493 0.0454218 0.0840806 0.347799 0.2664 0.195884 0.000375354 0.000649907 -0.000284406 0.0124494 -0.0259806 -0.0133638 0.0104905 0.0417624 0.334212 0.000745633 0.00382416 -0.00224516 -0.0227554 -0.00279365 -0.00530797 0.0132244 0.0119609 0.0192042 0.00659656 0.0196945 0.0434202 0.00480585 0.0176185 -0.0113677 0.00916377 0.0299981 -0.0249777 -0.0189927 -0.0256874 -0.000260648 -0.00349501 0.00941991 0.214456 0.257514
internal_weight=31108.3 736.024 30372.2 30031.9 6146.44 23885.5 634.709 399.882 553.477 249.097 340.34 5592.96 309.168 267.807 5495.17 98.946 76.018 5396.23 1459.49 141.207 30.4657 12.939 179.438 172.021 70.903 4.24284 4.08532 3.6825 23250.8 23003.5 21315.7 1687.83 821.514 562.437 268.737 113.029 3.23894 20494.1 10098.9 10395.2 917.078 5569.31 4958.53 678.936 4529.64 2250.95 1038.25 667.104 283.8 2278.69 610.78 721.796 1926 1212.7 60.9875 352.685 323.159 9478.12 5931.86 1208.68 17.5267 14.6037
internal_count=9714500 5868297 3846203 2409647 267678 2141969 1097092 474559 69964 688541 1436556 197714 189420 106753 184957 65671 22078 119286 36147 161731 20622 10176 104770 103896 19004 2705 2560 2200 1044877 1036824 999227 37597 301248 43360 19041 5541 501 697979 346526 351453 201092 105907 91908 8562 240619 201826 143434 97525 29364 38793 13999 123907 32395 58392 13203 6398 4284 150361 84754 21041 10446 6843
is_linear=0
shrinkage=0.08


Tree=77
num_leaves=63
num_cat=0
split_feature=18 0 10 0 11 16 1 10 16 1 9 10 9 10 11 15 16 15 12 1 18 16 10 15 0 16 10 9 12 15 16 10 10 9 10 13 16 10 16 10 9 15 11 9 11 9 9 1 0 14 1 16 0 0 1 11 14 1 10 16 10 11
split_gain=373.463 82.2463 75.0136 53.1273 123.24 65.2641 61.697 53.6642 52.024 45.2042 42.1809 43.3749 41.6354 71.4516 138.36 73.8815 56.4565 37.4896 37.0833 35.0312 57.0151 34.9833 214.839 49.285 42.016 54.4401 56.2841 79.8864 60.581 49.7683 45.2908 42.8236 38.1342 124.356 57.4958 71.8883 49.795 39.2958 37.8976 35.3311 34.9398 40.1897 33.099 113.602 61.502 132.282 69.1508 50.5672 41.1049 36.4488 31.8058 31.5552 88.2988 66.9428 37.2766 31.4269 36.6508 32.0802 30.8522 30.0194 56.6023 29.93
threshold=3.5000000000000004 0.17373045533895495 0.64654055237770092 0.91171297430992138 0.92718276381492626 7.5000000000000009 0.48163639008998876 0.97845596075057995 11.500000000000002 0.71470496058464061 0.74464204907417308 0.66801074147224437 0.94570025801658641 0.72874784469604503 0.82972848415374767 2.5000000000000004 5.5000000000000009 2.5000000000000004 1.0000000180025095e-35 0.17550389468669894 14.500000000000002 12.500000000000002 0.8337790071964265 6.5000000000000009 0.46262025833129888 5.5000000000000009 0.62871870398521434 0.73375529050827037 1.0000000180025095e-35 5.5000000000000009 4.5000000000000009 0.46683587133884435 0.96987840533256542 0.99350652098655712 0.92545253038406383 1.0000000180025095e-35 6.5000000000000009 0.69705626368522655 6.5000000000000009 0.98369517922401439 0.80229884386062633 2.5000000000000004 0.78086891770362865 0.83910790085792553 0.83910790085792553 0.88493067026138317 0.95101961493492138 0.25691661238670355 0.71112373471260082 2.5000000000000004 0.99999997019767772 3.5000000000000004 0.27557098865509039 0.26267863810062414 0.72628778219223034 0.91024166345596325 3.5000000000000004 0.73727309703826915 0.56916823983192455 6.5000000000000009 0.95263025164604198 0.7454303801059724
decision_type=2 2 2 2 2 2 2 2 2 2 2 2 2 2 2 2 2 2 2 2 2 2 2 2 2 2 2 2 2 2 2 2 2 2 2 2 2 2 2 2 2 2 2 2 2 2 2 2 2 2 2 2 2 2 2 2 2 2 2 2 2 2
left_child=1 8 -2 21 5 -5 -7 -8 9 58 11 17 18 14 -14 -16 -17 -11 -4 -20 61 24 -23 42 25 26 27 -3 51 31 -26 -27 34 -34 37 36 -36 -32 -35 -33 -9 -42 -24 -44 45 47 48 -45 -46 -48 -51 52 53 -29 -55 -53 57 -57 -1 60 -37 -21
right_child=2 3 12 4 -6 6 7 40 -10 10 -12 -13 13 -15 15 16 -18 -19 19 20 -22 22 23 -25 30 29 -28 28 -30 -31 32 39 33 38 35 59 -38 -39 -40 -41 41 -43 43 44 46 -47 49 -49 -50 50 -52 55 -54 54 -56 56 -58 -59 -60 -61 -62 -63
leaf_value=-0.068106315322124425 -0.080698441803367979 -0.047663206646244842 -0.054181460345706325 0.053316223643474575 0.07017127318914064 0.030607883968388292 0.0075859304315856252 -0.090394425808419693 -0.076001531623170873 0.16279107878477481 -0.023482254716893435 0.014203910982453794 -0.02303891124381427 0.025991871502044565 2.2388399447606302 2.1565928549379905 0.36581665516893308 -0.036823900436317836 -0.021042639640419931 0.15160728030888648 0.68369606249837955 -0.068205685413829542 -0.0060091000258681252 0.053060173772783652 0.025236272378939217 -0.041392865689060553 -0.010203525476317355 0.40931101376744311 0.14837791384722621 -0.03379541044696812 -0.015877902629396579 0.014686811229501377 -0.00070757198778014657 0.055370564671766778 0.042502020459601199 -0.041231671665353346 -0.0016446813112628599 0.0045502787227535268 0.013935665791702858 0.043719492634541939 0.078547594637750587 -0.017283816805350214 0.034439253745202007 -0.1896982608264603 -0.0081916570934855368 -0.0027752836254916736 0.050515281927141345 -0.070970465069082445 0.030688775584127779 -0.029447814009931034 0.069802670027954664 -0.0042623788692695711 0.040328111403418319 0.49898288247746136 2.133395878730306 0.73945530399576354 0.1799768602575528 0.0075488069611121542 -0.019467273251381308 -0.010108916942713708 -0.0082740753243542523 -0.04069389018622048
leaf_weight=109.71131270159185 386.07375549067456 58.901040507617836 249.56764052793824 182.51898703006736 210.79312307271175 466.61626132835227 1565.6473930217326 40.031949750613421 108.83957094779544 27.6324054805591 111.52780571510084 87.115028558881022 1.3917823567426268 19.917148559950874 0.30989799642702553 0.14306058040165226 0.5304011837906728 7.6992789838259332 86.050250473714186 11.385791407919902 0.99588231507368519 322.53157247495983 5029.0234116009087 104.3565554865927 431.61052867492981 81.467457734938762 1348.964825336845 1.9574253479622696 38.720953493299021 134.23076413928175 697.82685881273937 2942.2188812390705 3060.766152954573 363.62388827209361 197.84628645032353 742.4955624078284 942.46302654167812 4418.6866830903964 231.03220559097826 295.17815373785561 29.059843434253708 773.64494228910189 635.29139780250262 29.415116964752087 253.39362771055312 329.84125104517443 44.63764893845655 104.59562359942356 555.59286881284788 463.80556058022194 21.627923349617049 83.4170934704307 7.7628619782590249 0.13809292517544225 0.25280395020672586 0.38984679775967634 15.15660969426426 22.720175912378181 348.86284362031711 1552.0523613199475 605.45880928671977 9.5035057131535705
leaf_count=818421 4115580 239232 961328 19833 50298 7268 18284 619 597208 20602 88604 1414 3817 2220 98 165 479 12265 142801 2356 435 494999 194993 4833 11981 387052 115205 1840 1362 72316 36660 704273 63740 17959 5815 10261 14824 101516 8553 7768 4456 22080 7809 224 2556 3398 778 902 8278 6211 2488 144129 2322 187 101 325 7380 12078 96705 26537 7560 656
internal_value=-0.000695537 0.000701765 -0.0558658 0.00139015 0.011007 0.00692804 0.0039831 -0.00117536 -0.0245851 -0.0165045 0.0121092 0.0445268 -0.0306227 0.0754514 0.490202 1.21661 0.746224 0.119292 -0.037237 0.00194182 0.0923143 0.000189102 -0.00426135 -0.00153747 0.0021115 0.00833485 -0.00397351 0.0326588 0.0604043 0.0139609 -0.000252818 0.0158924 -0.00111148 0.0057963 -0.00386908 -0.0110028 0.00601487 0.00176414 0.0392725 0.0173339 -0.0174522 -0.0138145 -0.00230049 0.00534887 -0.00490171 -0.0300066 0.00379465 -0.097031 0.0185105 -0.0186645 -0.0250258 0.034558 0.170355 0.600187 1.556 0.023274 0.0833003 0.0198955 -0.0311039 -0.0176943 -0.0264282 0.0641206
internal_weight=31005 30239.2 765.869 29437.8 3268.31 3057.52 2875 2408.38 801.388 692.549 233.975 122.447 379.795 22.2923 2.37514 0.98336 0.673462 35.3317 357.503 107.935 21.8852 26169.5 7894.11 7571.58 18275.3 5031.48 1578.38 229.417 170.516 3453.1 13243.9 3318.86 12812.3 3655.42 9156.83 4040.32 1140.31 5116.51 594.656 3237.4 842.737 802.705 7467.22 2438.2 1802.91 463.852 1339.06 134.011 808.986 530.071 485.433 131.795 10.1112 2.34832 0.390897 121.684 38.2666 23.11 458.574 2900.01 1347.95 20.8893
internal_count=9716437 4486502 5229935 2851283 122838 72540 52707 45439 1635219 1038011 122885 34281 1114355 6779 4559 742 644 32867 1107576 146248 3447 2728445 727469 232470 2000976 1695570 524161 408956 169724 1171409 305406 1099093 293425 90252 203173 64997 20639 138176 26512 712041 27155 26536 227637 32644 24835 4524 20311 1126 10834 9477 8699 168362 4450 2128 288 163912 19783 12403 915126 44358 17821 3012
is_linear=0
shrinkage=0.08


Tree=78
num_leaves=63
num_cat=0
split_feature=17 0 18 11 12 0 9 1 9 0 11 15 11 9 1 11 11 14 11 1 14 9 11 1 11 9 0 14 15 15 1 9 0 11 11 11 17 1 11 14 1 14 11 9 1 1 0 1 9 9 1 1 9 11 15 9 11 15 9 0 15 14
split_gain=354.016 75.4396 51.0654 47.0784 92.6767 38.5903 39.6429 35.319 33.0864 30.1763 29.1034 53.4648 87.1154 64.0474 123.497 89.7711 55.4116 51.8773 36.9236 35.2579 28.4847 27.4803 117.65 99.5299 141.181 223.928 66.2943 55.0113 106.293 73.3969 79.5442 82.1537 64.54 63.5396 57.5807 74.2315 51.2986 51.2477 48.5127 137.925 61.1925 47.2112 43.9621 130.602 54.6616 51.3176 45.2642 48.7962 105.491 54.2848 65.8666 64.2101 50.8376 45.0892 59.8252 42.5958 54.8629 41.6125 44.5317 41.287 41.2654 208.468
threshold=0.70884573459625255 0.14095406979322436 3.5000000000000004 0.99397590756416332 1.0000000180025095e-35 0.3278792947530747 0.81302967667579662 0.79422575235366832 0.83910790085792553 0.74717828631401073 0.12632978707551959 1.5000000000000002 0.37310734391212469 0.49089704453945165 0.21530538797378543 0.50944742560386669 0.51316699385643016 2.5000000000000004 0.38757824897766119 0.050634842365980155 3.5000000000000004 0.90070420503616344 0.86240702867507946 0.14980195462703708 0.78086891770362865 0.86295148730278026 0.86439567804336559 3.5000000000000004 3.5000000000000004 3.5000000000000004 1.0000000180025095e-35 0.78319627046585094 0.67949557304382335 0.44920891523361212 0.64549732208251964 0.65261757373809826 0.99999865889549266 0.64393138885498058 0.83424910902977001 2.5000000000000004 0.95155650377273571 4.5000000000000009 0.90070420503616344 0.93788582086563121 0.81725123524665844 0.48163639008998876 0.86439567804336559 0.80947279930114757 0.96178188920021068 0.97332859039306652 0.96483230590820324 0.96483230590820324 0.95419579744339 0.92718276381492626 4.5000000000000009 0.60922586917877208 0.55403152108192455 4.5000000000000009 0.86526826024055492 0.42334087193012243 3.5000000000000004 3.5000000000000004
decision_type=2 2 2 2 2 2 2 2 2 2 2 2 2 2 2 2 2 2 2 2 2 2 2 2 2 2 2 2 2 2 2 2 2 2 2 2 2 2 2 2 2 2 2 2 2 2 2 2 2 2 2 2 2 2 2 2 2 2 2 2 2 2
left_child=5 7 3 10 9 -1 -7 -2 -9 -5 -3 16 -13 14 15 17 -12 -14 -15 -17 -19 22 23 24 26 59 27 28 32 -29 34 55 -20 -30 -31 -36 -37 -24 39 40 -23 57 43 45 -45 -40 47 48 -44 50 -49 -51 -52 54 -48 56 -32 58 -39 -26 -41 -62
right_child=1 2 -4 4 -6 6 -8 8 -10 -11 11 12 13 18 -16 19 -18 20 21 -21 -22 38 37 -25 25 -27 -28 29 33 30 31 -33 -34 -35 35 36 -38 41 42 60 -42 -43 46 44 -46 -47 53 49 -50 51 52 -53 -54 -55 -56 -57 -58 -59 -60 -61 61 -63
leaf_value=-0.075064896732599223 -0.039616124636005105 -0.026878339679143153 -0.035138019828469522 -0.0015376464750657323 0.06965441135094759 -0.046846667073279988 0.056121778339256918 0.034252470785291915 -0.039543354863274961 0.051207126351937249 0.011098428880879347 -0.026391067455133504 0.037975881309775812 0.11948914376890249 0.080352142964341094 0.051302432863825527 0.07274409008182095 -0.062012111469410866 0.050599576025206407 -0.014480876516984041 -0.014070781432621176 -0.013244460298097248 0.036741299973162257 -0.0098018796534885544 0.099473259407306946 -0.14663634951261434 0.036339640113024617 -0.063759945499926293 0.18753690365307588 -0.029128548073240862 -0.038017421944108294 -0.050365497427341283 -0.00070620293701751605 -0.059225459384859416 0.10429050699234882 0.056677896918348798 -0.01050978761222719 0.067970316418545201 -0.12071494428107048 0.030481422051149835 -0.10923032184538219 -0.0545903230729319 0.02662303439849641 -0.021691783482255346 0.0057819770891005141 -0.040606937068804132 0.044784629322313758 -0.050393954072522194 -0.022414065069605433 0.012308143191792497 0.018157615644636142 -0.041916144311125336 -0.15177124300957567 0.061010680217936625 -0.030830274592573512 0.015175930133053368 0.085017746045683878 0.058267201137116816 -0.012285771279853227 0.043176015719687579 -0.02376861199704346 0.024489093108086443
leaf_weight=418.03881237582027 438.69342054937079 245.00915346371039 250.83081811415104 537.20624893696368 186.35144633066375 159.39510551481726 28.156835256235354 95.441131865700299 65.616223406752397 79.722479708958417 1541.0553962425511 779.97003498555932 94.478188085442525 16.526255196979037 181.31559273639868 274.49133645863185 99.33554088191886 112.63577675379202 376.90019039066283 64.372649035438371 268.14480026861565 955.62433070610132 654.24124135322018 8416.5394947080586 101.31523455223578 38.311121639171688 288.88103117572609 145.30910929069796 7.0242680026349253 891.34186683040025 28.361538421428122 104.40619404092286 268.85462559165899 135.59502831813006 40.409987935556273 77.955368254763016 1084.7686513696171 52.161220374364348 61.61005378349455 934.02588732153527 44.486131843674229 77.260614223421726 920.1059791700518 661.6393116640611 1547.4689206918993 302.29636924714578 137.5848657542374 348.78721134603256 404.06392941617378 754.58634837019781 182.77393810235662 171.53589792813727 12.007848137902327 166.27008885215037 130.46526688779704 546.61099897372333 127.3378458148145 101.13360327809642 291.66436802788667 470.74935734247265 792.58663284190879 2067.0277145254759
leaf_count=4772970 1012147 9198 546816 54545 47072 798326 61215 52530 87551 13170 40196 355791 10629 7914 27060 13164 10284 41104 11891 3241 118270 43603 14689 926175 1636 663 2925 27690 3718 112970 7565 3441 2451 22638 1876 10368 18456 2887 3124 71338 4298 1772 25837 22862 60297 14328 9191 11658 12003 20331 13059 4886 318 12424 2012 13514 3700 2853 12088 6913 25691 64154
internal_value=-0.000975126 0.000237186 0.00080532 0.00111195 0.0202128 -0.0615382 -0.0313882 -0.0278531 0.00418738 0.00527829 0.000575458 0.000812685 -4.81457e-05 0.000744121 0.0206433 0.00734533 0.0148314 -0.0150863 -5.01641e-05 0.0388058 -0.0282519 -0.000129433 -0.00241387 -0.00458217 0.00469764 0.0406069 -0.000617439 -0.00340141 0.015434 -0.00827564 -0.00549665 0.0158477 0.0292388 -0.0470719 -0.0137177 -0.00230063 -0.00600516 0.0218238 0.00295972 0.00891482 -0.017514 0.00313505 -0.00196121 -0.00976181 -0.00244656 -0.0541694 0.00425624 0.000521235 0.0116596 -0.00951427 -0.0295831 0.00226475 0.00768189 0.0282825 0.00798137 0.025691 0.0626062 0.0131582 -0.000110251 0.0531465 0.0158822 0.0111137
internal_weight=30858.9 30253.3 29653.5 29402.7 803.28 605.591 187.552 599.751 161.057 616.929 28599.4 28354.4 26714 25934 995.438 814.123 1640.39 475.259 24938.6 338.864 380.781 24922.1 14327.1 13150.7 4734.13 610.376 4123.76 3834.88 788.374 3046.5 2901.19 806.717 645.755 142.619 2094.48 1203.13 1162.72 1176.46 10594.9 4793.75 1000.11 522.22 5801.2 2573.01 2209.11 363.906 3228.18 2793.86 1324.17 1469.69 543.569 926.122 194.782 434.32 268.05 702.31 155.699 444.959 343.826 572.065 3793.64 2859.61
internal_count=9717486 4084975 2932747 2385931 114787 5632511 859541 1152228 140081 67715 2271144 2261946 2211466 1855675 213468 186408 50480 170003 1642207 16405 159374 1634293 1212879 1178590 252415 9212 243203 240278 40698 199580 171890 28220 14342 26356 143670 30700 28824 34289 421414 209084 47901 19600 212330 100611 83159 17452 111719 88092 37840 50252 25035 25217 13377 23627 11203 24779 11265 17828 14975 8549 161183 89845
is_linear=0
shrinkage=0.08


Tree=79
num_leaves=63
num_cat=0
split_feature=17 10 10 17 12 12 1 6 16 11 11 17 17 2 15 10 1 16 10 10 8 16 11 15 9 11 10 3 9 1 11 10 9 10 18 11 1 8 11 9 10 14 10 1 11 11 17 11 10 16 16 14 15 14 11 15 1 15 16 16 17 14
split_gain=300.553 94.5859 65.2162 42.7716 40.7217 33.5315 127.42 53.8392 67.9747 51.1332 46.6941 41.1567 38.0907 50.1561 37.4378 33.1625 36.3513 32.8706 31.7999 30.7314 30.5949 30.1083 100.388 29.351 39.1481 28.5544 28.4075 26.888 40.5586 50.918 26.0355 31.4397 32.9192 24.9312 24.6444 26.5648 24.633 23.9696 28.7347 23.8576 26.8153 79.8962 161.551 23.8366 25.4258 23.421 39.9335 22.9478 22.9417 22.683 22.2863 25.7948 44.6546 43.7431 29.259 59.1483 30.4244 21.8719 21.8151 20.4368 20.3765 54.3022
threshold=0.73198950290679943 0.70497700572013866 0.46080690622329717 0.55551037192344677 1.0000000180025095e-35 1.0000000180025095e-35 0.98542153835296642 1.0000000180025095e-35 11.500000000000002 0.80217391252517711 0.78910300135612499 0.78811821341514599 0.99999865889549266 1.0000000180025095e-35 3.5000000000000004 0.83886700868606578 0.28902332484722143 12.500000000000002 0.59381821751594555 0.95263025164604198 1.0000000180025095e-35 2.5000000000000004 0.71503761410713207 2.5000000000000004 0.64326763153076183 0.97999200224876415 0.86847347021102916 1.0000000180025095e-35 0.83438819646835338 0.097014971077442183 0.64549732208251964 0.88255575299263012 0.73746865987777721 0.88255575299263012 6.5000000000000009 0.37310734391212469 0.95155650377273571 1.0000000180025095e-35 0.76253134012222301 0.24283373355865481 0.82437592744827282 4.5000000000000009 0.77909308671951305 0.12810420244932177 0.77015757560729992 0.65419578552246105 0.92596012353897106 0.12632978707551959 0.65012311935424816 6.5000000000000009 7.5000000000000009 3.5000000000000004 3.5000000000000004 2.5000000000000004 0.78910300135612499 3.5000000000000004 0.86470213532447826 2.5000000000000004 22.500000000000004 2.5000000000000004 0.92236593365669262 3.5000000000000004
decision_type=2 2 2 2 2 2 2 2 2 2 2 2 2 2 2 2 2 2 2 2 2 2 2 2 2 2 2 2 2 2 2 2 2 2 2 2 2 2 2 2 2 2 2 2 2 2 2 2 2 2 2 2 2 2 2 2 2 2 2 2 2 2
left_child=1 21 4 -3 36 7 12 8 10 14 18 -12 13 37 26 16 -13 23 59 -10 -11 22 -1 34 -25 27 -8 47 29 -29 57 45 -33 -17 35 39 -2 38 -7 40 41 -5 -43 -26 -45 46 -32 -14 49 -22 -30 52 -52 -54 -53 56 -56 -15 -49 -4 61 -47
right_child=2 3 5 17 -6 6 9 -9 19 20 11 15 25 30 -16 33 -18 -19 -20 -21 48 -23 -24 24 43 -27 -28 28 50 -31 31 32 -34 -35 -36 -37 -38 -39 -40 -41 -42 42 -44 44 -46 60 -48 58 -50 -51 51 54 53 -55 55 -57 -58 -59 -60 -61 -62 -63
leaf_value=-0.080006091286663472 -0.058705750774748003 -0.055707044656926781 1.5989124503297596 0.3546729104300354 0.035703838568620999 0.052342049416575734 -0.14671280041468437 -8.0369972580448058e-06 -0.067712860445249351 -0.12827871391381129 -0.16085078230187327 0.17815621337481052 -0.029618944023188716 0.0017851094372997001 -0.33732241896171361 -0.059652749355811607 0.017426751786488625 -0.060982494307849432 -0.014745268353536218 0.028009357274752917 0.066129470599791546 -0.083104545157354645 10.353696363860047 -0.074611219737434814 0.10688116320921215 -0.090341756226122269 0.080812950993777152 0.12941416860152835 0.043858448119276493 -0.086075122679356256 0.059055963347517317 0.074261152950952813 -0.063091889264598355 0.0040212899455885145 -0.039564185395798909 0.20924174547769853 0.00052268750361617326 0.11008129780849668 -0.016872371565501667 -0.049883097467515604 0.12095920962330238 -0.080008794010471493 11.007093201456922 0.056811094374673639 -0.10898535863835988 0.96674105838010504 1.3232637468215864 0.0018117858690067806 0.074856433627657704 -0.061008771544042703 0.060953902553816573 0.055439378269036825 -0.19316796760511301 0.0031420868247168331 -0.23495581725807249 0.0063234410495382684 -0.071343161277902592 -0.059961120023786257 -0.033294650794049113 -0.058768655430826738 0.053570531397681115 0.15193916568385002
leaf_weight=0.025628524751481474 222.50723531238145 114.84005492648066 0.047615991430574378 0.18404182382801693 44.452947441854121 190.63097089154871 6.5771592344099208 16874.051288381579 191.55170438296955 5.2689602334430665 9.1860509260986856 9.1860952113784133 155.21967648279679 98.260236192581942 2.9790405799867576 65.118905453942716 458.15852059610188 32.493382365251819 678.53249189850612 24.174276954174275 19.185616122442298 356.48593064631132 0.0076674600422848007 27.334884353222151 21.854425849625841 21.520246728963684 7.5358643566723913 8.4218431808694714 227.89231766760349 42.094299970325665 0.36522440888802421 23.049374697962776 21.663285800721496 99.46961989114061 7.6119060062701456 12.681032939894065 56.314370945314295 34.128533663366397 48.067283049560501 7.5273267283482701 8.9359963714014139 0.020162834371149074 0.014431176787184086 15.241672351767194 9.6790277933459929 0.6034832957884636 0.28446265860111453 9432.3296988445654 250.34567177615827 16.885303215734893 114.73806588555453 29.479393882822478 8.3390267367940378 56.375743703276385 10.437975591630673 72.766079765977338 23.995928338117665 58.618028491939185 114.65963405623916 128.40485043031367 9.3487755956884921 3.9482655381234508
leaf_count=344 1380874 793734 5 1552 18639 57218 148 624319 518802 434 10951 940 2010 13202 102 591 111825 89711 194170 3364 214 4782873 97 95131 8961 824 1251 167 19724 587 150 420 159 1006 8232 3693 78222 2436 842 9025 2773 195 95 9269 2923 68 93 272740 63062 390 5902 1801 74 1195 143 2555 799 62426 2711 448754 818 1477
internal_value=-0.000803993 -0.0561678 0.000331713 -0.0193152 -0.0354061 0.000721312 0.00419532 -0.00136184 -0.0150916 0.0548674 -0.00885055 0.00726646 0.00274755 0.0245651 -0.0796191 0.00971028 0.020586 0.00979248 -0.0216549 -0.0569862 0.062748 -0.0828799 2.32269 0.0304948 0.00144867 0.00171365 -0.025222 0.00190605 0.0184205 -0.0501496 -0.00422126 0.0409533 0.0077136 -0.0211711 0.088713 0.121967 -0.0467432 0.0473704 0.0384042 0.0556236 0.142376 1.0177 4.54507 0.0458973 -0.0075831 0.143099 0.612584 0.000894061 0.0662621 0.00661428 0.0247876 0.0110399 0.0309833 -0.0221541 -0.0151446 -0.0345548 -0.120939 -0.0212866 0.00139016 -0.0581542 0.121156 0.259968
internal_weight=30592.1 614.938 29977.2 258.418 323.275 29653.9 11116 18537.9 1663.83 308.778 1448.1 641.119 10807.2 488.968 17.0921 631.933 467.345 143.578 806.985 215.726 291.686 356.519 0.033296 111.085 74.11 10318.3 14.113 10296.7 594.541 50.5161 216.141 59.2629 44.7127 164.589 36.9749 29.363 278.822 272.827 238.698 16.682 9.15463 0.218636 0.034594 46.7751 24.9207 14.5502 0.649687 9702.21 286.417 36.0709 544.025 316.132 179.453 64.7148 136.679 107.2 34.4339 156.878 9546.99 128.452 13.9005 4.55175
internal_count=9717212 5808608 3908604 1025294 1477735 2430869 516142 1914727 1290408 65601 768242 125313 450541 139309 1501 114362 112765 231560 642929 522166 64100 4783314 441 141849 116284 311232 1399 310408 32947 754 78813 3185 579 1597 25565 17333 1459096 60496 58060 13640 4615 1842 290 21153 12192 2606 243 277461 63666 604 32193 12469 7171 1269 5298 3497 942 75628 275451 448759 2363 1545
is_linear=0
shrinkage=0.08


Tree=80
num_leaves=63
num_cat=0
split_feature=18 16 10 10 11 12 0 11 16 13 10 1 16 10 11 3 1 9 9 0 0 9 10 16 2 10 0 11 8 16 10 12 10 16 10 0 16 10 16 13 1 11 1 14 11 9 11 1 8 11 0 9 13 10 18 16 1 10 11 9 12 1
split_gain=356.42 85.7606 66.435 57.9793 59.2992 42.9826 42.7935 136.991 63.0065 65.2454 62.8904 60.0033 48.2105 199.071 37.2897 35.5067 58.7708 41.2085 70.144 33.4639 32.2037 51.9398 109.939 50.4643 69.8728 49.5079 39.7207 37.2065 31.2222 30.0427 51.3642 75.2043 42.7526 55.4682 56.665 40.8614 35.3765 47.9902 30.7325 49.9861 30.7287 29.6655 38.1616 46.4027 46.4699 33.2776 29.2403 29.0259 30.7668 27.989 57.7288 44.2735 46.6307 40.9431 48.6628 39.538 37.2673 35.8511 39.756 35.6007 32.5815 43.784
threshold=3.5000000000000004 2.5000000000000004 0.45910002291202551 0.64654055237770092 0.52223318815231334 1.0000000180025095e-35 0.82525211572647106 0.93419912457466137 6.5000000000000009 1.0000000180025095e-35 0.9573054611682893 0.4926955401897431 13.500000000000002 0.88255575299263012 0.96051946282386791 1.0000000180025095e-35 0.98542153835296642 0.99350652098655712 0.91331183910369884 0.64604702591896068 0.55393069982528698 0.99350652098655712 0.97845596075057995 7.5000000000000009 1.0000000180025095e-35 0.72021508216857921 0.53794318437576305 0.23132664710283282 1.0000000180025095e-35 5.5000000000000009 0.65393730998039257 1.0000000180025095e-35 0.98369517922401439 10.500000000000002 0.64306598901748668 0.16699605435132983 3.5000000000000004 0.85341826081275951 4.5000000000000009 1.0000000180025095e-35 0.7092566490173341 0.88589513301849376 0.96483230590820324 3.5000000000000004 0.79784947633743297 0.82807880640029918 0.22611077129840854 0.671605944633484 1.0000000180025095e-35 0.73746865987777721 0.43835045397281652 0.80229884386062633 1.0000000180025095e-35 0.62529620528221141 1.5000000000000002 8.5000000000000018 0.38102270662784582 0.96568545699119579 0.25176055729389196 0.57735043764114391 1.0000000180025095e-35 0.17550389468669894
decision_type=2 2 2 2 2 2 2 2 2 2 2 2 2 2 2 2 2 2 2 2 2 2 2 2 2 2 2 2 2 2 2 2 2 2 2 2 2 2 2 2 2 2 2 2 2 2 2 2 2 2 2 2 2 2 2 2 2 2 2 2 2 2
left_child=2 -2 5 -3 -5 -1 12 8 9 -8 -10 -12 20 19 -15 16 17 18 -13 -14 26 23 25 24 -22 -23 29 -28 -27 30 31 38 33 49 -35 -33 37 -32 39 -4 -36 42 43 45 -45 -17 -26 48 -16 51 53 52 56 54 55 -51 57 58 -31 -58 61 -55
right_child=1 3 6 4 -6 -7 7 -9 10 -11 11 15 13 14 47 41 -18 -19 -20 -21 21 22 -24 -25 46 28 27 -29 -30 32 36 35 -34 34 40 -37 -38 -39 -40 -41 -42 -43 -44 44 -46 -47 -48 -49 -50 50 -52 -53 -54 60 -56 -57 59 -59 -60 -61 -62 -63
leaf_value=-0.049403764975376213 -0.25094841972275472 -0.079682956036036132 -0.059167867697679663 -0.06762028981467437 -0.0014894315245670068 0.036263138595094682 0.056874948584976014 0.056870216282428922 0.011764508201915958 -0.011216488073847073 0.009388217908755955 -0.015505530481943053 -0.068621830956955954 -0.0020843764498080851 -0.014436936751575803 -0.11620257221477909 0.07564946426659 -0.02995539541721021 0.039587390308274836 -0.015753703901729525 -0.0044030226853678505 -0.032805610395437113 0.057047133818317775 -0.0012902380965040638 0.0092995499466041309 -0.027097208789160505 0.10267884492531471 0.018972277403034955 0.0074081161919526805 0.068757654225995155 0.015216677953893913 0.32341256952191366 0.025362162529386008 -0.076956456929763634 -0.015123757429839433 0.082941010696528483 -0.0070906442087507876 -0.084606719465974367 -0.016039082490250559 0.083600083782895254 0.031941593807447474 0.04897015470437565 -0.076269782320691135 0.062227585724770329 -0.059619107989241769 0.043615021230543213 -0.035901374356560031 -0.011163782606580009 -0.1657584214971968 0.087900087671905089 -0.013830566963469111 0.035262225664623364 -0.0061748887748571358 0.065792936107171351 -0.058183009215197895 -0.007082320126983792 0.14442821287620974 -0.065142104916805096 0.010861407758461455 0.034600375395157389 -0.018928538533785868 0.0075248998639891561
leaf_weight=263.32906572230331 14.56316285950197 313.0298306468967 21.527186335017177 162.28224736007178 186.52307280241348 43.705345545638011 266.78865426058474 319.28706917213276 2295.0828647451708 135.96026505544432 1272.8640180269431 1071.5244339518249 378.10026342771016 4002.6614230083578 13.676692154258488 8.8028745558112842 44.198549882275984 961.69011562224478 171.58809731435031 96.100044272730884 1452.05971728437 247.21272877975571 247.41418602131307 4031.9269890612486 101.42515184236981 181.58075768311392 36.298466467123944 533.08773692683462 2216.3746264984366 90.518847943430956 47.5559184883532 4.8814367570703316 620.45728977002727 86.731671113352604 645.24072715978673 61.479605646447453 1858.5283854818281 87.596872615533357 158.47896198792478 57.934992272802447 102.94613623615442 95.315070628654212 38.784745608223602 26.090537825366482 86.266147647751495 158.0328279202804 944.9498298233957 40.006306190276518 23.163260658271611 113.61911936942488 987.96433237605015 471.13521987894273 787.16268132452205 91.025055435243303 24.003185813879099 37.242142564697133 28.822731597116217 33.372509014756361 470.23295350428452 54.808371210790938 259.61381893899124 884.81363460440843
leaf_count=1533352 595 4115030 12024 878061 236306 26039 26499 60963 24015 1748 18333 11345 670068 113813 193 104 7377 17211 2814 3843 22157 2803 12367 72914 1013 1957 786 14522 35001 19335 3196 1325 16532 299162 169488 39584 118003 2905 188901 21804 3074 6280 1944 1484 1142 4983 22178 1011 292 29252 13352 61264 512384 1399 65460 19531 2278 1429 137656 4455 3426 18242
internal_value=-0.00148733 -0.0589137 -0.000187932 -0.0546881 -0.0322569 -0.0372094 0.000196265 0.00568599 0.00322217 0.0338886 0.00123976 -0.00489853 -0.00148998 -0.00884696 -0.00314416 -0.0117291 -0.0156896 -0.0175207 -0.007901 -0.0579077 0.000362977 -0.00287323 0.00605104 -0.00682617 -0.01576 0.00128115 0.00388548 0.0243086 0.00479526 0.00244766 -0.00529164 0.0253225 0.00551945 0.00313776 -0.0157438 0.10063 -0.00996438 -0.0494821 0.00431954 0.0449227 -0.00864784 0.00982264 -0.00191201 0.0084176 -0.0313249 0.0351824 -0.03152 -0.0583448 -0.109581 0.00677489 0.000998846 0.01393 0.00706924 0.0113872 0.0476186 0.0644524 0.0224513 0.0154131 0.0202073 0.0724516 0.00625911 0.0129601
internal_weight=30569.4 676.398 29893 661.835 348.805 307.034 29586 6952.28 6632.99 402.749 6230.24 3935.16 22633.7 4553.71 4079.51 2662.29 2249 2204.8 1243.11 474.2 18080 9422.94 2892.58 6530.36 2498.43 2645.17 8657.08 569.386 2397.96 8087.69 2297.98 304.302 5789.71 5169.25 834.919 66.361 1993.68 135.153 237.941 79.4622 748.187 413.292 317.977 279.192 112.357 166.836 1046.37 76.8463 36.84 4334.33 2398.28 1936.05 1464.92 1410.32 174.864 150.861 677.755 594.124 560.752 83.6311 1235.45 975.839
internal_count=9716004 5229992 4486012 5229397 1114367 1559391 2926621 186242 125279 28247 97032 73017 2740379 789220 115309 54684 38747 31370 14159 673911 1951159 170390 52128 118262 45348 39761 1780769 15308 36958 1765461 387742 263638 1377719 1361187 471724 40909 124104 6101 222729 33828 172562 15937 9657 7713 2626 5087 23191 1496 485 889463 150662 738801 677537 137310 114243 48783 165153 158420 156991 6733 23067 19641
is_linear=0
shrinkage=0.08


Tree=81
num_leaves=63
num_cat=0
split_feature=17 16 14 9 17 6 17 18 6 16 0 1 7 12 12 1 9 9 17 15 17 1 0 17 9 0 2 1 0 0 9 8 17 12 0 14 15 9 16 17 0 17 18 9 17 0 0 17 18 0 17 0 18 0 16 0 9 15 14 12 0 15
split_gain=438.868 90.345 73.8935 264.375 101.814 49.6648 47.9821 65.9642 39.0737 111.082 62.4191 49.7737 42.8682 42.0272 40.483 39.4606 35.2331 34.9351 37.3096 35.0604 33.8255 32.5104 70.3288 28.6082 26.3176 26.2169 23.407 34.9366 30.9307 22.6574 29.5804 22.5172 18.8163 18.6791 22.1256 19.2879 18.5196 24.1003 33.3776 65.1917 99.4604 106.511 209.373 118.499 181.615 358.689 49.7889 28.5114 57.1255 60.9698 56.2077 23.3828 64.5175 19.2879 18.2581 18.2464 18.2131 21.1532 23.4076 17.9654 18.5793 22.4016
threshold=0.73198950290679943 2.5000000000000004 4.5000000000000009 0.24283373355865481 0.55551037192344677 1.0000000180025095e-35 0.53665897250175487 2.5000000000000004 1.0000000180025095e-35 10.500000000000002 0.35123373568058019 0.65922945737838756 1.0000000180025095e-35 1.0000000180025095e-35 1.0000000180025095e-35 0.37175714969635015 0.57307058572769176 0.84660631418228161 0.97487038373947155 1.5000000000000002 0.99588334560394298 0.99999997019767772 0.82525211572647106 0.55551037192344677 0.58643680810928356 0.46262025833129888 1.0000000180025095e-35 1.0000000180025095e-35 0.26267863810062414 0.061489565297961242 0.60736891627311718 1.0000000180025095e-35 0.97070357203483593 1.0000000180025095e-35 0.55393069982528698 4.5000000000000009 1.5000000000000002 0.24283373355865481 8.5000000000000018 0.44912059605121618 0.25903788208961492 0.46592740714550024 7.5000000000000009 0.2237871587276459 0.60012477636337291 0.23930648714303973 0.23797533661127093 0.6776186227798463 7.5000000000000009 0.19737095385789874 0.70492964982986461 0.18571086227893832 9.5000000000000018 0.45584397017955786 25.500000000000004 0.44403189420700079 0.37075220048427587 3.5000000000000004 3.5000000000000004 1.0000000180025095e-35 0.24822188913822177 1.5000000000000002
decision_type=2 2 2 2 2 2 2 2 2 2 2 2 2 2 2 2 2 2 2 2 2 2 2 2 2 2 2 2 2 2 2 2 2 2 2 2 2 2 2 2 2 2 2 2 2 2 2 2 2 2 2 2 2 2 2 2 2 2 2 2 2 2
left_child=1 -1 5 4 6 36 -4 -8 9 10 11 13 25 17 29 26 -17 19 -19 -2 -12 54 31 -7 -16 56 32 28 -28 -13 -31 -23 -15 34 35 -33 37 38 39 -3 41 42 -41 47 45 -45 -46 51 49 -49 -51 52 -43 -42 -14 -22 -10 58 -58 -6 -61 -62
right_child=8 2 3 -5 59 23 7 -9 12 -11 20 14 21 15 24 16 -18 18 -20 -21 55 22 -24 -25 -26 -27 27 -29 -30 30 -32 33 -34 -35 -36 -37 -38 -39 -40 40 53 43 -44 44 46 -47 -48 48 -50 50 -52 -53 -54 -55 -56 -57 57 -59 -60 60 61 -63
leaf_value=-0.23729105613120965 0.031321531663407544 -0.080007455441644976 -0.051399386824852317 -0.066008093342994928 -0.59350734692054741 -0.059828541160142058 4.5935698848000115 -0.080015748188022193 -0.050987930494939597 -0.048383263586851993 0.00064491581074271832 -0.017955859128449596 0.0014723929711914199 0.027003811969533723 0.15847445239540595 0.18265755511471177 0.038072016136364427 -0.062337306481376427 0.0259372410214041 -0.038728120083949248 -0.036805326693059311 -0.14285078036026774 0.060595537094447122 0.01981401644539162 0.048986925037134192 -0.05591856939163322 -0.020226191234902179 0.046551923067269643 0.048891750199333187 0.077547093527287253 0.013734718593998739 0.0086138818856123737 -0.056182456316554968 0.041513355498900978 -0.016879390081533403 0.075405429150164141 -0.071821510983954562 -0.065866392341983465 -0.063571623954650089 14.767026371559034 0.069179665837184032 -0.080115581242931444 -0.080007970339397633 -0.080009515908728485 3.7471468076074457 19.042674601589674 -0.080597143744445432 -0.081687618070625009 -0.080893093039708056 4.7859966466057093 1.3415247061678981 0.11595021508985286 7.4819682080925229 0.79733012215596666 -0.034191324461506023 -0.086857270332978201 0.041345108970383342 -0.015366034245901661 -0.020643496686902411 -0.70447711098781174 -0.11606387956222401 -0.65874123982551469
leaf_weight=19.890190014237305 51.113277994945747 2.1800830490728931 2.6246744909039985 66.945576708089902 9.0269741652700741 44.901798941320521 0.034224513077788177 0.044405967913917266 67.739952838876889 389.08324722105863 109.16467898724659 123.15621909215406 25467.508722273422 23.156199300615299 17.414825556770666 12.499491419599506 78.709063457179582 38.063849326225863 157.17518327566358 434.04454548765716 131.5390389029053 6.5504745299695051 187.36358580633532 80.824373224118972 72.734015443653334 95.340465391418547 211.54107916757494 112.67180358792393 51.530978500188212 51.866451066249283 448.63864416394063 256.18957997838152 70.037349329366407 83.195840785308974 245.52342872082954 31.021452602843056 333.300774845864 12.939666181688152 4.1066279666592891 0.010776551382150834 1.5769031571398953 0.022744278045138344 0.013944961148808943 0.012560368453705451 0.041801827035669703 0.012550445415399736 0.045334906535572372 0.051639519060699968 0.11423668911811546 0.065753359362133779 0.056264897022629157 0.40474884587456472 0.010579191919532605 0.2731498937064315 92.204210738644178 72.199496297806036 101.33620779504417 524.78489122581323 63.364043159977882 0.81922683796437867 1.7809409496221635 0.66996540472246113
leaf_count=543 22347 31915 30221 803859 3177 338880 75 495 30543 1001713 64124 39773 814704 24538 607 453 2054 117712 60859 1118103 15822 108 54240 132910 1615 9665 54715 3131 9922 9966 294417 7306 19836 7698 8214 512 4270907 168824 19164 120 3392 204 204 174 137 67 67 68 148 153 173 2004 93 102 2394 3392 8858 79352 19236 612 186 306
internal_value=-0.000971921 -0.0697264 -0.0638056 -0.134027 -0.437587 -0.0518416 0.00693701 1.9542 0.000369189 -0.00889212 -0.00211506 0.00319625 0.00127291 -0.00648817 0.020027 0.00974038 0.0578864 -0.0198485 0.00872721 -0.0313481 -0.0352888 0.00184374 0.0176245 -0.0086295 0.0701376 -0.0163828 0.000375943 0.00927722 -0.00668726 0.0127836 0.0203475 0.0046904 -0.0355128 0.00625952 0.00075401 0.015828 -0.0671351 0.00406012 0.1046 0.245741 0.507504 1.21675 6.39208 1.06411 3.48313 9.47755 1.75567 0.690085 1.30852 2.22252 3.19769 0.283656 2.32062 0.176687 0.00134374 -0.0545424 -0.0114049 -0.00751599 0.0174966 -0.535308 -0.374652 -0.264407
internal_weight=30461.3 582.802 562.912 81.946 15.0004 480.966 2.7033 0.0786305 29878.5 2656.34 2267.26 1954.35 27222.1 1240.54 713.81 560.146 91.2086 680.397 195.239 485.158 312.903 26369.6 809.844 125.726 90.1488 852.566 468.937 375.744 263.072 623.661 500.505 622.481 93.1935 615.93 532.734 287.211 355.24 21.9394 8.9997 4.89307 2.71299 0.862936 0.0247215 0.838214 0.112248 0.0251108 0.0871367 0.725967 0.287894 0.173658 0.122018 0.438072 0.0333235 1.85005 25559.7 203.739 757.225 689.485 164.7 12.2971 3.27013 2.45091
internal_count=9717109 5809180 5808637 838931 35072 4969706 30791 570 3907929 2865099 1863386 1780048 1042830 1433670 346378 114649 2507 1319021 178571 1140450 83338 895176 78078 471790 2222 147654 112142 67768 64637 344156 304383 23838 44374 23730 16032 7818 4497916 227009 58185 39021 7106 3612 324 3288 445 241 204 2843 542 394 326 2301 297 3494 817098 19214 137989 107446 28094 4281 1104 492
is_linear=0
shrinkage=0.08


Tree=82
num_leaves=63
num_cat=0
split_feature=17 9 0 0 9 17 17 11 18 14 17 17 17 17 17 18 18 0 9 17 16 17 18 17 9 17 14 16 14 16 14 7 16 0 18 11 4 1 18 0 11 9 0 14 0 6 16 16 16 11 16 1 9 17 14 14 9 11 11 11 9 11
split_gain=819.823 758.124 765.817 1718.17 3275.09 9165.83 19237.3 13786.8 4286.82 2435.56 6603.11 955.247 13202.3 390.764 2898.11 388.773 523.6 207.902 3672.35 6232.91 3936.37 3621.62 1628.2 1992.38 125.581 120.509 97.5336 96.8694 77.9454 55.7798 42.0924 42.0854 79.3939 36.2318 35.1438 34.9867 42.1789 35.0418 34.6088 30.7316 34.4763 29.8293 42.258 28.2762 28.1379 84.9607 47.0119 50.3224 33.4796 25.4907 25.3059 25.1422 24.5188 23.6515 22.1644 21.8443 21.3249 34.0289 78.6824 148.639 20.6603 22.9134
threshold=0.70884573459625255 0.24283373355865481 0.25903788208961492 0.24958691000938418 0.2237871587276459 0.45947262644767767 0.56659001111984264 0.24845679104328158 5.5000000000000009 2.5000000000000004 0.64655750989913952 0.46592740714550024 0.44912059605121618 0.46592740714550024 0.44912059605121618 6.5000000000000009 7.5000000000000009 0.23930648714303973 0.21778655797243121 0.60012477636337291 6.5000000000000009 0.52255004644393932 3.5000000000000004 0.53311479091644298 0.19433517754077914 0.45271660387516027 4.5000000000000009 6.5000000000000009 3.5000000000000004 2.5000000000000004 4.5000000000000009 1.0000000180025095e-35 13.500000000000002 0.3224290013313294 4.5000000000000009 0.63211598992347728 1.0000000180025095e-35 0.030159704387187961 4.5000000000000009 0.99999997019767772 0.92403846979141246 0.61257407069206249 0.073464643210172667 3.5000000000000004 0.46983370184898382 1.0000000180025095e-35 17.500000000000004 5.5000000000000009 4.5000000000000009 0.78910300135612499 12.500000000000002 0.64037027955055248 0.81530213356018078 0.55551037192344677 2.5000000000000004 3.5000000000000004 0.81872946023941051 0.71503761410713207 0.64051279425621044 0.66996699571609508 0.84660631418228161 0.71834933757781994
decision_type=2 2 2 2 2 2 2 2 2 2 2 2 2 2 2 2 2 2 2 2 2 2 2 2 2 2 2 2 2 2 2 2 2 2 2 2 2 2 2 2 2 2 2 2 2 2 2 2 2 2 2 2 2 2 2 2 2 2 2 2 2 2
left_child=1 2 3 11 13 25 7 8 -7 -8 -11 12 -1 14 -5 24 -17 30 -19 20 22 -22 -20 -24 28 -6 -4 -26 -14 -3 -13 32 35 -31 -29 -2 41 43 -16 44 60 42 -37 -38 46 -46 47 55 -47 -43 -49 -44 54 -28 -35 -33 57 58 -54 -60 61 -41
right_child=31 29 26 4 5 6 9 -9 -10 10 -12 17 15 -15 38 16 -18 18 19 -21 21 -23 23 -25 27 -27 53 34 -30 33 -32 39 -34 52 -36 36 37 -39 -40 40 -42 49 51 -45 45 48 -48 50 -50 -51 -52 -53 56 -55 -56 -57 -58 -59 59 -61 -62 -63
leaf_value=-0.080004884632283627 -0.02149640071940976 -0.19557190159864846 -0.017670905246650333 -0.080005354816906696 -0.080005200427534146 -95.221047452321656 -0.084046098575149261 -19.106309745502099 -175.75801092554207 -62.04891894173057 -0.080475826376625564 -0.067239246239381156 -12.280834648100479 -0.092503129018338834 -13.74250786795435 -11.118129429919181 -0.080005525529540392 -0.00075838103695417488 -0.080235136716250863 -0.08086660504562046 -114.27213632465312 -33.449414247277403 -15.900214736566072 -72.287297265263518 -11.769665865035931 -10.139971016280651 -0.063293661196380024 -6.0164084548259691 -14.876446510827481 -0.075713746459123335 -0.38109666065937092 -0.015900177574894914 -0.057390967032515498 0.027594899388520992 -9.9516093237319385 -0.01634862598105918 0.14918128263823685 0.060967000432739268 -11.331070535434119 0.008263192086367133 0.069252688192800838 -0.022991651703959604 0.020241428966040309 -0.0083342219505932527 -0.060665947629178957 0.022403385852788095 -0.059787859249435985 0.016309157489563648 -0.00042350812233380477 0.00072414649396786244 -0.0078381300728430931 0.12121996421458522 0.15240300800642514 -0.35679993887494799 -0.05963167776147045 0.0049485945555244213 0.024433575978089782 -0.088280142440963744 5.6355869625954673 0.6113501692127753 0.016968460593725834 -0.092112876311567046
leaf_weight=6.0161796512691756 624.60360127634704 20.111113399801695 23.036252390425943 0.58536951370115164 0.24216464846176666 0.010086332736534587 0.062438889643090079 0.012611929712875281 0.0072848503605200668 0.018070693181243769 0.028145079588284716 13.70976233027614 0.17486188163093164 0.7952374896431138 0.069499331624683691 0.078655798413819866 0.042291740042855963 1.4206244921970199 0.01246190473466402 0.069017482619528892 0.0070044760504970327 0.0071910132937773596 0.010111740921274759 0.0066465347263147114 0.25674473006802145 0.007868523636716418 2.1591723702040317 0.026605517326970585 0.1284250260105182 298.10433386721644 3.4162031556988941 635.97205187179225 205.8646042850778 22.826267306849331 0.031985578232706757 58.671853996296704 7.7688061131848363 124.89943378936096 0.084283110489195678 35.771978332952131 75.449024078669026 478.06086017887719 27.808024766607559 119.29546076463521 148.71244159902562 419.01285721410386 66.948272918248222 2556.4907203894718 22088.535074071842 737.57593680494665 311.61371162606429 36.485702998234046 0.34178137506387685 9.4367479902703035 101.75638685308513 650.72014935309744 29.109425886374993 0.47038263408467174 0.055976888997975038 0.11532812603400089 503.82540465530474 24.539504191139713
leaf_count=104709 894837 496 132282 9689 4008 133 128 201 114 151 101 12022 189 2049 82 99 717 1524 88 254 107 94 165 92 287 44 10273 238 108 4496597 2169 177782 544440 83444 99 29109 138 1918 201 538 32641 534742 14577 4740 41666 11460 60392 578882 455772 340009 160207 2366 664 2222 701258 170215 62901 793 201 307 28224 306
internal_value=-0.00151054 -0.0996818 -0.362787 -0.679321 -2.98494 -9.5446 -26.043 -82.7722 -128.995 -10.3887 -24.3106 -0.504861 -1.31996 -1.32333 -2.64756 -11.4067 -7.25843 -0.209742 -1.10227 -15.0202 -38.7692 -73.3297 -21.9793 -38.264 -12.2177 -0.396592 -0.112923 -11.0998 -13.3799 -0.0652032 -0.129846 0.000243314 -0.00986886 -0.0594126 -8.16468 -0.00545244 0.000847899 0.0308754 -12.4209 0.001133 0.0184641 -0.00480414 0.0327447 0.0012964 0.000720588 -0.000396762 0.00671692 0.00778855 1.44986e-06 -0.00860232 0.0136856 0.0775452 -0.0279956 -0.302149 -0.0436499 -0.00535631 0.036812 0.403197 0.853769 2.25311 0.0116715 -0.0325778
internal_weight=30473.5 534.861 61.97 27.3378 1.92306 0.388671 0.138638 0.0299831 0.0173712 0.108655 0.0462158 25.4148 6.75575 1.53439 0.739152 0.73957 0.120948 18.659 1.53306 0.112433 0.0434157 0.0141955 0.0292202 0.0167583 0.618623 0.250033 34.6322 0.315336 0.303287 472.891 17.126 29938.6 2421.03 452.78 0.0585911 2215.17 1590.57 251.964 0.153782 27517.6 639.586 1338.6 122.966 127.064 26878 22656.3 4221.74 4154.8 22507.5 1215.64 2868.1 64.2937 154.676 11.5959 124.583 1286.69 30.0929 0.983469 0.513086 0.171305 564.137 60.3115
internal_count=9716261 5631300 284639 139862 16901 4880 828 448 247 380 252 122961 106446 12021 9972 1737 816 16515 2324 800 546 201 345 257 921 4052 144777 624 297 5346661 14191 4084961 2366876 5346165 337 1822436 927599 6796 283 1718085 61709 920803 46052 4878 1656376 508898 1147478 1087086 467232 874751 739089 16943 849568 12495 784702 347997 64866 1965 1172 508 29068 844
is_linear=0
shrinkage=0.08


Tree=83
num_leaves=63
num_cat=0
split_feature=17 10 10 9 10 16 0 17 14 17 0 0 11 16 10 13 1 15 9 9 9 11 11 9 9 11 15 0 11 16 10 10 9 1 11 9 1 11 1 15 14 1 0 9 10 10 14 15 8 1 9 11 9 1 11 9 0 15 11 15 0 9
split_gain=395.472 120.108 55.0364 54.2475 90.1108 39.4424 30.4365 28.6952 27.8579 30.0824 39.9739 27.4918 116.483 63.5494 50.7046 47.482 44.3636 47.3232 36.9991 47.0853 68.4644 44.9423 33.045 31.6564 40.6104 40.75 31.5483 30.1784 30.1417 27.6626 192.05 36.6799 32.6481 39.6405 38.979 62.5187 42.5959 28.9411 31.7523 28.3953 53.01 92.7949 45.7345 69.236 65.3543 47.2676 85.3592 42.86 39.5617 37.8339 53.4568 41.8192 50.3004 37.1516 46.0866 71.0218 44.3884 48.888 34.9709 33.4957 55.2079 55.1323
threshold=0.73198950290679943 0.82437592744827282 0.45910002291202551 0.24283373355865481 0.77909308671951305 2.5000000000000004 0.26267863810062414 0.5780121684074403 4.5000000000000009 0.70111268758773815 0.23186556994915011 0.82525211572647106 0.92718276381492626 6.5000000000000009 0.9573054611682893 1.0000000180025095e-35 0.4926955401897431 2.5000000000000004 0.80229884386062633 0.99350652098655712 0.91331183910369884 0.8713812828063966 0.56562757492065441 0.99350652098655712 0.89512962102890026 0.61938297748565685 2.5000000000000004 0.86439567804336559 0.87895435094833385 13.500000000000002 0.84866103529930126 0.90489491820335399 0.45867484807968145 0.32008902728557592 0.7065996825695039 0.65545505285263073 0.671605944633484 0.96051946282386791 0.671605944633484 4.5000000000000009 4.5000000000000009 0.16532605141401294 0.55393069982528698 0.99350652098655712 0.97375312447547924 0.72021508216857921 3.5000000000000004 5.5000000000000009 1.0000000180025095e-35 0.76701444387435924 0.68801230192184459 0.86706823110580455 0.96178188920021068 0.12810420244932177 0.73746865987777721 0.8521554470062257 0.67949557304382335 2.5000000000000004 0.7933771312236787 5.5000000000000009 0.43292918801307684 0.96178188920021068
decision_type=2 2 2 2 2 2 2 2 2 2 2 2 2 2 2 2 2 2 2 2 2 2 2 2 2 2 2 2 2 2 2 2 2 2 2 2 2 2 2 2 2 2 2 2 2 2 2 2 2 2 2 2 2 2 2 2 2 2 2 2 2 2
left_child=1 3 6 4 -1 -5 -2 -3 9 -6 -11 29 13 15 23 -13 -16 -18 -19 20 21 -20 -21 24 25 -15 -25 -14 -27 39 -31 -32 33 -33 36 -36 -34 -37 -39 42 41 -41 -4 49 45 -45 -47 -43 -48 51 -51 53 -53 54 -44 -56 -55 -58 -52 60 -42 -62
right_child=2 7 11 5 8 -7 -8 -9 -10 10 -12 12 27 14 16 -17 17 18 19 22 -22 -23 -24 26 -26 28 -28 -29 -30 30 31 32 34 -35 35 37 -38 38 -40 40 59 47 43 44 -46 46 48 -49 -50 50 58 52 -54 56 55 -57 57 -59 -60 -61 61 -63
leaf_value=-0.072059506221333697 -0.063605955424797356 -0.051876550498404068 0.0071417165867763335 -0.18669311923165843 -0.081298823023759542 -0.075562238303078108 -0.011235587079007131 0.011794998899814316 -0.33936225824663119 2.8380491682334879 -0.08001584572912368 0.055592126095873315 0.015331555065935358 0.045599168551065883 0.007715027992722479 -0.0044020607670265761 0.049930866675299418 -0.051784935483714066 -0.01315304141121801 -0.10334620137699201 0.045982942997417064 0.041230747234785328 -0.018809128235590424 0.079847635174087536 0.046240953607428782 0.0010581144981087769 -0.0029500304524231681 0.06472207984616056 0.08408757587144676 -0.071239461481435451 -0.024824046322697187 0.0120743818378523 -0.017395083989797569 0.11028258519619184 0.062557097653273191 0.0029968275808309594 0.04220485796128845 -0.103776035707332 0.0013241187825910139 -0.060771850710807769 0.045332070208534761 -0.014039034285482898 -0.0034218047016177635 -0.029255517941786567 0.056572488259275792 0.00038578518782508809 -0.037622118839540204 0.01665569328443027 0.051433652003857827 0.073886610397053659 -0.0013711765865328986 0.028193518071797354 -0.049150427665062758 -0.0018266132872133329 0.046002083956806682 -0.098841682017731081 -0.067590003880226734 -0.018442583729364567 -0.03870042841943673 -0.011286974346128504 -0.0058034677906070795 0.048626554885248086
leaf_weight=22.127114529854957 126.15788396903827 77.944780121014048 7190.8280391624758 21.885374424825159 1.2496611269262583 309.41932919357828 162.51589664506082 108.16131213385961 17.07268149778934 0.054801334677904268 0.066506640374427661 245.36151878547389 115.4046919606626 183.01819898287067 1268.8253744344693 128.72204261575826 80.352975389920175 144.18253017659299 856.56176776695065 30.335443616844714 186.34172499878332 109.70746162300929 1209.4165829962585 30.397871173219755 270.95218804408796 808.84965113751241 946.82077613170259 252.20379148388747 28.985076607670635 271.21179298217248 400.94310069623316 713.15468466751918 1209.6616699031729 27.311469780514017 111.69997892016545 1620.7165047860472 81.94504011166282 34.802739512175322 39.027313018683344 239.05628939460075 262.42426482323754 1403.35702949195 1749.9618393814089 211.18192964693299 182.27789644966833 1190.6176417826209 35.067330164572923 367.35363202936787 356.26841867109761 35.00330139847938 231.74680759840703 424.31097162293736 61.630943893454969 974.71587737669324 235.819068365352 23.857545744453091 151.4211770085094 896.10751277854433 523.28893012722256 523.26309541759838 707.51600448681711 143.20566145186604
leaf_count=224559 1205658 381190 1173711 514 13855 5087447 257859 99803 1663 33 444 25328 6775 1635 18018 1677 7630 1357 8710 369 4392 2446 27449 1739 2679 5683 11065 58712 287 502757 47975 35100 24832 919 1512 17445 1302 433 958 116217 38008 104467 36939 2264 8021 17680 417 31461 8322 2340 2426 9678 1243 11755 3237 279 1943 9135 8405 24636 10899 3274
internal_value=-0.000610033 -0.0673386 0.000638742 -0.0935957 -0.180911 -0.0829033 -0.0341228 -0.0148719 -0.311501 0.0354576 1.23823 0.00097859 0.00540058 0.00293349 0.000987649 0.0349481 -0.00456106 -0.0105132 -0.012428 -0.010056 0.00158377 -0.00697846 -0.0208777 0.0104899 0.0187085 0.0114009 -0.000374483 0.0492167 0.00393054 -0.000368956 -0.00597503 -0.00179966 0.000605425 0.0156967 -0.00300178 0.00458665 -0.0136138 0.000765393 -0.048219 0.0010265 -0.00528318 -0.0139873 0.00261597 -0.00185232 0.0109333 0.00629398 0.0110396 -0.00767107 0.0434534 -0.00661073 -0.0227622 -0.00378631 0.0183842 -0.0064584 0.00124501 0.0326947 -0.0141138 -0.0255469 -0.0272428 0.0054068 0.0132541 0.00335897
internal_weight=30373.9 557.982 29815.9 371.875 40.5708 331.305 288.674 186.106 18.4437 1.37097 0.121308 29527.2 6896.44 6528.83 6154.75 374.084 3885.72 2616.9 2536.55 2392.36 1152.61 966.269 1239.75 2269.02 1291.81 1020.85 977.219 367.608 837.835 22630.8 4510.47 4239.26 3838.32 740.466 3097.85 1806.25 1291.61 1694.55 73.8301 18120.3 3646.18 2009.77 14474.1 7283.28 1975.41 1793.14 1581.95 1770.71 391.336 5307.86 790.039 4517.82 485.942 4031.88 2009.64 259.677 2022.24 1047.53 755.036 1636.41 1113.15 850.722
internal_count=9718966 5809508 3909458 5328515 240554 5087961 1463517 480993 15995 14332 477 2445941 185951 120464 93459 27005 70371 52353 44723 43366 15548 11156 27818 23088 10284 7605 12804 65487 5970 2259990 633233 130476 82501 36019 46482 20348 26134 18836 1391 1626757 328962 252145 1297795 124084 36704 28683 26419 135928 8739 87380 13171 74209 10921 63288 40455 3516 22833 11078 10831 76817 52181 14173
is_linear=0
shrinkage=0.08


Tree=84
num_leaves=63
num_cat=0
split_feature=17 10 10 9 14 11 16 16 15 14 1 14 15 1 11 9 15 1 3 14 1 11 14 9 15 11 9 9 1 1 9 17 1 10 8 11 1 3 6 11 17 15 14 9 11 8 16 3 11 9 13 1 14 10 9 9 16 11 14 10 10 6
split_gain=314.729 134.887 41.4789 37.9222 54.9873 31.4045 29.412 29.3896 29.3408 99.7869 87.7639 68.724 117.496 193.893 99.981 79.0877 62.4568 72.4143 65.0035 61.9353 99.2309 58.6348 52.4866 222.657 108.976 145.412 248.089 115.657 89.6578 85.3347 134.786 70.604 49.9119 49.5938 47.8206 73.0897 48.3395 47.4973 46.9374 46.6125 45.7185 45.3124 156.909 161.525 172.776 97.2501 65.8209 79.5776 59.2556 70.5368 50.2019 48.8546 51.7047 43.5543 42.3768 91.0893 40.7767 40.4619 59.496 40.0206 39.6941 38.9588
threshold=0.73198950290679943 0.8337790071964265 0.44389708340168005 0.24283373355865481 4.5000000000000009 0.72850126028060924 4.5000000000000009 2.5000000000000004 3.5000000000000004 3.5000000000000004 0.075876362621784224 3.5000000000000004 2.5000000000000004 0.54257029294967662 0.89386734366416942 0.58643680810928356 4.5000000000000009 0.98542153835296642 1.0000000180025095e-35 4.5000000000000009 0.98542153835296642 0.79784947633743297 2.5000000000000004 0.98484501242637645 2.5000000000000004 0.6569296419620515 0.65166836977005016 0.60922586917877208 0.075876362621784224 0.78700488805770885 0.55217784643173229 0.95867770910263073 0.8991893231868745 0.88255575299263012 1.0000000180025095e-35 0.81284341216087352 0.13373941183090213 1.0000000180025095e-35 1.0000000180025095e-35 0.26158231496810919 0.74802270531654369 4.5000000000000009 4.5000000000000009 0.99350652098655712 0.91024166345596325 1.0000000180025095e-35 9.5000000000000018 1.0000000180025095e-35 0.8263767957687379 0.87298336625099193 1.0000000180025095e-35 1.0000000180025095e-35 4.5000000000000009 0.82865032553672802 0.99350652098655712 0.95803993940353405 6.5000000000000009 0.8263767957687379 2.5000000000000004 0.88782376050949108 0.79128783941268932 1.0000000180025095e-35
decision_type=2 2 2 2 2 2 2 2 2 2 2 2 2 2 2 2 2 2 2 2 2 2 2 2 2 2 2 2 2 2 2 2 2 2 2 2 2 2 2 2 2 2 2 2 2 2 2 2 2 2 2 2 2 2 2 2 2 2 2 2 2 2
left_child=1 3 6 4 -1 -3 -2 -5 11 10 -10 22 -13 39 15 -15 17 57 21 20 56 53 -4 24 29 26 28 -27 -26 30 -24 40 -20 -33 35 36 -29 -22 -25 -14 61 42 43 -11 -45 -44 -47 48 -48 50 -50 52 -43 -18 55 -53 59 -12 -59 -17 -46 -28
right_child=2 5 8 7 -6 -7 -8 -9 9 41 16 12 13 14 -16 19 18 -19 32 -21 37 -23 23 38 25 27 31 34 -30 -31 -32 33 -34 -35 -36 -37 -38 -39 -40 -41 -42 51 45 44 60 46 47 -49 49 -51 -52 54 -54 -55 -56 -57 -58 58 -60 -61 -62 -63
leaf_value=-0.07280689052189146 0.019835478365303246 -0.018334783682141236 7.3391356731754395e-05 -0.16711376739857714 -0.25726922250808015 0.075700200309936905 -0.048031295833616192 -0.073380900808240834 -0.063194600434090559 0.0037080413469805173 -0.024806325666979708 0.0065314251845953533 0.13905065999271082 0.10395285431705789 0.064100365773133619 -0.041593920331602495 -0.051866173805305914 -0.14972207700141138 0.043754146622784575 0.039319867495763432 0.031527427240404256 0.064254717523255553 -0.0049760666372692169 -0.014858380558810572 0.017271162698367523 0.096177234151484034 0.38777886967382025 0.027060655995248956 -0.071278955134285976 0.063386620775718744 -0.075226159459299086 0.12936228181555906 -0.14968794951414513 0.06096362125860668 -0.01025926044045399 0.051733750412493285 -0.026321028439421273 -0.38909932684019072 0.066967138528903819 -0.070948499752985325 0.22387450932578543 -0.062870183379899913 -0.094701546707191261 0.078383644890068743 -0.017777312100672547 0.016333511539279668 -0.077472753928780516 -0.17434648933449365 0.20472557366655814 0.026727107301081236 0.88985062868458453 0.00068427624605218941 -0.003637472110402691 0.015510731695113923 -0.011149314063370426 0.07001105786144271 -0.051625764051583339 0.14145213496845985 -0.0056267409603539672 0.054143895073170224 0.037318273746667047 2.187681529391015
leaf_weight=21.505037526295002 52.508532283411114 148.11309302743507 2978.9137418689979 23.078708713212222 19.925343281925205 26.850146328237315 184.36190591116429 295.84704524025881 220.25606980194425 8213.0319872321124 1259.6203728120636 2217.0054533397233 6.8738689928868544 35.582483409692941 122.3367751827609 61.542938808375766 73.642738238460879 26.022000382330589 12.541874853792249 106.8415184482219 172.45046607254699 136.65032018655256 705.31863459899614 49.012339791395789 229.77655652625253 81.913444130263088 0.1696847558268918 191.81928550313023 107.37725096917711 80.617659161456686 232.38607985193448 80.854357266289298 26.730517588388466 421.62805373547599 1237.8618851174142 239.37807761371641 250.14642061096674 1.73541480192216 530.40280235542741 425.88774914773239 15.633431433627264 181.20588116874114 149.92709067580108 400.74140178609559 231.28868980519837 168.5131977312667 43.967640688377287 30.080396328965435 2.063864842410112 25.061823089716199 1.0241329240816441 3242.9756927113222 196.6944357229022 369.44142672374437 2125.0787916718 126.0087182008574 476.60934826805897 17.950456508093339 907.3363861864018 51.186528491554782 131.14250080182683 0.1408486007785541
leaf_count=213770 92158 438707 205131 518 30111 5593 1159816 5118385 187199 508694 161033 256628 8320 6816 7993 9448 69139 2930 1481 12364 18351 4358 54099 23235 47504 2118 568 2285 37114 6208 46418 6894 491 4312 70236 6322 7953 132 37715 210372 8260 92498 61218 12618 21435 19193 17726 633 29 5612 705 198463 24485 7914 58241 2990 53387 368 20904 1277 25657 18
internal_value=-0.000740632 -0.0615357 0.00035636 -0.0895175 -0.161521 -0.00390402 -0.0329868 -0.0801638 0.000624723 -0.00134254 -0.0145529 0.00386808 -0.00507616 -0.0226896 -0.00378329 -0.0129501 -0.0107671 -0.0170557 0.011694 -0.0177294 -0.0257124 0.0184415 0.00829372 0.0137911 0.00687485 0.0148848 0.0424883 0.00308289 -0.0109304 -0.0155954 -0.0223858 0.0772286 -0.0879111 0.0719696 -0.000890461 0.0161307 -0.00315263 0.0273367 0.0600456 -0.0676129 0.242967 0.00129645 0.00474151 0.00697936 0.0421843 -0.0430131 -0.0143866 -0.0650407 -0.019449 0.0711792 0.431947 -0.00421665 -0.03204 0.00431236 -0.00230286 0.00327728 -0.0413916 -0.0154756 -0.00277343 0.00187729 0.00215854 1.20416
internal_weight=30202.6 535.319 29667.3 360.356 41.4304 174.963 236.87 318.926 29430.4 18319 3050.19 11111.4 3678.05 1461.05 1028.29 905.949 2829.94 2210.93 619.007 870.366 763.525 579.734 7433.35 4454.44 3875.02 2856.7 855.58 2001.12 337.154 1018.32 937.705 518.426 39.2724 502.482 1919.21 681.344 441.966 174.186 579.415 432.762 15.944 15268.8 9396.84 8976.2 763.173 420.638 270.711 102.198 72.1175 28.1498 3.088 5871.96 377.9 443.084 5494.06 3368.98 589.339 2184.91 925.287 112.729 362.431 0.310533
internal_count=9716550 5807084 3909466 5362784 243881 444300 1251974 5118903 2657492 1506014 455817 1151478 585088 328460 109768 101775 268618 185235 83383 94959 82595 81411 566390 361259 300309 193584 104670 88914 84618 106725 100517 20052 1972 11206 86796 16560 10238 18483 60950 218692 8846 1050197 673520 568404 59710 105116 43898 24705 24072 6346 734 376677 116983 77053 259694 201453 64112 182305 21272 10725 47092 586
is_linear=0
shrinkage=0.08


Tree=85
num_leaves=63
num_cat=0
split_feature=17 10 18 10 0 11 16 1 15 10 9 14 11 0 0 17 16 10 1 18 11 16 10 9 16 17 15 2 9 9 15 0 1 9 11 8 16 1 9 15 14 3 3 9 1 11 11 1 14 1 0 17 16 15 9 11 11 9 10 1 9 11
split_gain=306.634 111.557 35.8017 32.7254 31.2896 83.7272 50.7701 46.2966 45.2946 40.027 27.7278 32.9924 29.3644 26.3452 25.498 42.8231 30.5683 104.232 106.83 154.209 84.7216 23.6781 26.004 53.7593 90.7486 41.3814 38.1954 37.6641 39.2971 32.7999 34.4873 31.8867 46.2615 49.7881 30.4571 61.4433 28.4328 25.4148 22.9919 33.6403 60.2138 57.8092 41.8488 31.8652 25.8982 24.9122 24.3145 27.3763 25.533 22.639 22.5383 22.1414 22.8612 21.8616 21.8391 63.6596 61.3524 54.6637 69.3554 40.639 27.3193 28.3611
threshold=0.73198950290679943 0.82437592744827282 3.5000000000000004 0.62529620528221141 0.91171297430992138 0.92718276381492626 6.5000000000000009 0.44636115431785589 2.5000000000000004 0.97845596075057995 0.24283373355865481 4.5000000000000009 0.76506900787353527 0.061489565297961242 0.53794318437576305 0.7284371852874757 8.5000000000000018 0.73247623443603527 0.16019116342067721 2.5000000000000004 0.54261499643325817 24.500000000000004 0.97375312447547924 0.98484501242637645 7.5000000000000009 0.99999865889549266 6.5000000000000009 1.0000000180025095e-35 0.78319627046585094 0.96922346949577343 4.5000000000000009 0.67949557304382335 0.54511049389839183 0.76506900787353527 0.82413583993911754 1.0000000180025095e-35 3.5000000000000004 0.43617010116577154 0.99350652098655712 4.5000000000000009 3.5000000000000004 1.0000000180025095e-35 1.0000000180025095e-35 0.91331183910369884 0.76701444387435924 0.61311829090118419 0.80982515215873729 0.87375369668006908 2.5000000000000004 0.17550389468669894 0.86439567804336559 0.37700712680816656 12.500000000000002 5.5000000000000009 0.82446309924125682 0.77303031086921703 0.76506900787353527 0.88493067026138317 0.99802371859550487 0.68053466081619274 0.65166836977005016 0.5912291705608369
decision_type=2 2 2 2 2 2 2 2 2 2 2 2 2 2 2 2 2 2 2 2 2 2 2 2 2 2 2 2 2 2 2 2 2 2 2 2 2 2 2 2 2 2 2 2 2 2 2 2 2 2 2 2 2 2 2 2 2 2 2 2 2 2
left_child=1 10 4 -4 13 6 -6 -8 -9 -10 11 -1 14 -2 -12 16 17 -16 19 -19 -21 22 -15 25 -25 27 50 28 -24 31 37 32 36 -34 54 -36 -27 -31 43 40 41 46 45 44 -11 -42 47 -40 -48 -5 -26 -3 -53 -38 56 -56 60 58 -57 -60 -33 -62
right_child=2 51 3 49 5 -7 7 8 9 38 12 -13 -14 21 15 -17 -18 18 -20 20 -22 -23 23 24 26 29 -28 -29 -30 30 -32 34 33 -35 35 -37 53 -39 39 -41 42 -43 -44 -45 -46 -47 48 -49 -50 -51 -52 52 -54 -55 55 57 -58 -59 59 -61 61 -63
leaf_value=-0.075673039743725426 -0.026332007080544177 -0.076640725664117143 -0.076890820012702102 -0.038614974681020812 0.060270205762618233 0.066112400702588558 0.02834344549526583 0.064407155269854299 0.0046394262993590361 0.010187641490045597 -0.070084593037631565 -0.21753824925345655 -0.13011551425031848 -0.0016940250772859212 -0.081387179886472247 3.9101842840427281 -0.080353775374121514 8.8474848769097783 -0.080327308470527686 -0.080231373342758344 4.3507562735784324 -0.038145719588645419 0.078420343258696304 0.057155647873181614 0.0083945724063414304 -0.085064810221028755 0.069246080232684554 -0.003118706829821339 -0.033707235720910458 -0.24714900610780849 0.060565138166354344 -0.0025531181831226382 0.082766199201065163 0.012617833483781267 0.046809143362498765 -0.0076612852424816904 0.0056878605280700325 -0.067402205515213393 -0.07669830980799236 -0.059766150832989105 -0.15165140768020571 0.031794116086525145 -0.053022259845707687 0.048583026642864818 -0.033726171745521429 0.079567261526367769 0.04241674252762704 -0.20752310316026829 -0.073886715139886816 0.018881448798083126 -0.033278397641896003 0.016667221899835868 -0.059714639594999668 -0.051851340581812275 -0.0051756298914295215 -0.079417289033147501 0.030760564885281689 -0.019415022287034598 -0.37522519588343078 -0.091331204258526866 0.010161742165278587 -0.030485547058080306
leaf_weight=19.979011814622616 251.8024161778194 28.053720258923164 69.374219277386146 94.788964797065091 102.49191063665785 150.47178009850904 396.54408521723235 65.752220742986538 1569.891936582746 162.46437541162595 230.58092512430812 22.093774959636427 61.016845648249728 19040.284842324541 0.4729534332145694 0.020048856582434271 1.0563375574784002 0.026882213467615657 0.094575109811557923 0.056348123769566882 0.054162218970304821 105.53914321926277 121.26841862275614 312.16891336021945 185.96412477479316 22.834992641001008 43.751650509890169 104.1450115951593 23.955522156320512 5.7050201734527937 12.482678175438194 1177.7699438511627 101.86970043252222 177.73144372040406 208.67418582644314 363.24400483630598 2311.4065740330261 42.825783449690789 65.86416763975285 154.88999383582268 3.119763412512838 50.719391472404823 23.918327068444341 63.595784371020272 182.49986436218023 67.665860422537662 20.707362592220306 12.12096181605011 28.999012110754848 81.522597052703532 150.10268992988858 120.11419557019205 31.696036422197764 43.047464581846725 316.54816601891071 49.296597204171121 270.63994357874617 62.942706974688917 9.5190951209515315 4.8822229653596869 136.60066686943173 561.20149813243188
leaf_count=210871 380968 220450 623154 78964 16053 50222 6666 7650 17072 2569 4634463 29705 438074 2517963 2394 114 10142 120 190 463 166 9304 7662 22223 5030 508 2295 7444 200 106 591 13180 5718 3736 6652 11519 32291 1282 1079 2751 71 2551 1185 2616 3536 7150 617 132 554 30070 3504 174629 85883 1938 4180 345 5272 806 177 118 1359 6564
internal_value=-0.000998574 -0.0621792 6.70576e-05 -0.0303447 0.000321718 0.00789293 0.00494454 0.00296792 -0.00110233 -0.00289226 -0.089435 -0.150171 -0.080725 -0.000579761 -0.0677553 0.233755 0.191906 0.599892 1.98894 3.41333 2.09144 -0.000330036 -0.000175709 0.00406281 0.0251995 0.00167624 -0.00106487 0.0335954 0.0599243 0.000322381 -0.0580286 0.000934287 0.00739451 0.0381756 -0.00449512 0.0122132 0.00377423 -0.0885323 -0.0170262 -0.029984 -0.0130938 -0.0404615 0.0384637 -0.00345168 -0.0130445 0.0693767 -0.0691616 -0.097032 -0.0254354 -0.0120299 -0.0102185 -0.0113464 0.000719665 0.00463585 -0.00818547 -0.0243532 -0.00484686 -0.0722891 -0.124536 -0.278982 -0.00998491 -0.0225285
internal_weight=30100.9 515.316 29585.6 245.686 29339.9 3121.72 2971.25 2868.75 2472.21 2406.46 335.452 42.0728 293.379 26218.2 232.362 1.78131 1.76126 0.704921 0.231968 0.137393 0.11051 25966.4 25860.9 6820.58 691.987 6128.59 379.818 249.369 145.224 5879.22 61.0135 5818.21 2656.89 279.601 3161.32 571.918 2377.29 48.5308 836.565 428.005 273.115 178.411 94.704 408.56 344.964 70.7856 127.692 77.9851 49.7064 176.312 336.067 179.864 151.81 2354.45 2589.4 443.189 2146.21 126.641 63.6979 14.4013 1875.57 697.802
internal_count=9715261 5807664 3907597 732188 3175409 122474 72252 56199 49533 41883 5326702 240576 5086126 3052935 4648052 13589 13475 3333 939 749 629 2671967 2662663 144700 33052 111648 10829 15306 7862 96342 1979 94363 44191 9454 50172 18171 34737 1388 24811 16090 13339 4933 8406 8721 6105 7221 2382 1211 1171 109034 8534 480962 260512 34229 32001 5626 26375 1446 640 295 21103 7923
is_linear=0
shrinkage=0.08


Tree=86
num_leaves=63
num_cat=0
split_feature=17 10 0 17 1 9 12 18 9 10 14 16 10 10 16 0 6 17 0 0 7 0 10 1 10 1 16 13 14 9 16 14 1 17 9 1 0 13 2 0 1 10 3 8 14 9 10 8 16 1 8 14 0 10 0 9 9 16 10 10 0 10
split_gain=336.862 133.062 40.4438 31.8547 31.685 42.1343 31.3413 21.0608 20.7 18.8149 17.7201 16.7114 16.6503 16.4756 32.9282 22.1547 88.6811 34.4472 33.4419 30.402 28.7897 26.5737 38.2466 53.3395 37.6612 57.2 48.3058 41.0348 35.2484 41.4659 33.4652 32.7475 30.6288 28.9247 26.8011 48.1819 26.4575 26.4177 30.4318 44.6983 26.3657 25.4329 24.9504 33.7294 24.6328 25.2211 24.1104 23.5503 22.7083 22.4283 21.9458 21.7047 137.846 42.6607 39.6792 21.5556 25.4495 21.1497 22.2218 29.4625 20.4212 19.2677
threshold=0.73198950290679943 0.82437592744827282 0.12915954738855365 0.5889779031276704 0.62211257219314586 0.74464204907417308 1.0000000180025095e-35 5.5000000000000009 1.0000000180025095e-35 0.77127113938331615 4.5000000000000009 2.5000000000000004 0.59953919053077709 0.44389708340168005 4.5000000000000009 0.30022829771041876 1.0000000180025095e-35 0.99588334560394298 0.26638256013393408 0.45584397017955786 1.0000000180025095e-35 0.46983370184898382 0.59381821751594555 0.98542153835296642 0.73247623443603527 0.99999997019767772 4.5000000000000009 1.0000000180025095e-35 2.5000000000000004 0.89512962102890026 17.500000000000004 3.5000000000000004 0.26711896061897283 0.88969922065734874 0.80229884386062633 0.8991893231868745 0.39057146012783056 1.0000000180025095e-35 1.0000000180025095e-35 0.38367255032062536 0.73157235980033886 0.96987840533256542 1.0000000180025095e-35 1.0000000180025095e-35 5.5000000000000009 0.99350652098655712 0.85773810744285595 1.0000000180025095e-35 13.500000000000002 0.93885505199432384 1.0000000180025095e-35 3.5000000000000004 0.37164923548698431 0.51521766185760509 0.4187071174383164 0.2237871587276459 0.70320320129394542 5.5000000000000009 0.98369517922401439 0.96568545699119579 0.53794318437576305 0.54502776265144359
decision_type=2 2 2 2 2 2 2 2 2 2 2 2 2 2 2 2 2 2 2 2 2 2 2 2 2 2 2 2 2 2 2 2 2 2 2 2 2 2 2 2 2 2 2 2 2 2 2 2 2 2 2 2 2 2 2 2 2 2 2 2 2 2
left_child=1 9 4 -3 12 6 -6 8 -4 11 -11 -1 -2 14 -10 18 17 40 48 -19 36 22 23 34 31 26 47 -27 29 46 33 32 60 55 35 -22 -18 -25 39 -39 41 -17 43 -33 50 -46 -24 -26 -15 -44 -29 54 53 -53 -40 -30 -57 -35 59 -59 -23 -41
right_child=2 3 7 -5 5 -7 -8 -9 13 10 -12 -13 -14 15 -16 16 20 19 -20 -21 21 24 28 37 25 27 -28 44 30 -31 -32 42 -34 57 -36 -37 -38 38 51 61 -42 -43 49 -45 45 -47 -48 -49 -50 -51 -52 52 -54 -55 -56 56 -58 58 -60 -61 -62 -63
leaf_value=-0.15020767641465999 -0.075836644214077528 -0.046496660032659898 -0.085768080340012473 0.02201320075817453 0.012430013968210809 -0.040930253263303636 0.12803627630620112 -0.041313575131032211 0.034980406557861381 -0.095030698453594353 -0.18343069110256693 -0.078812599368052391 -0.029524089351895016 0.0053519349138664105 -0.043111656060226808 -0.034423841172253791 -0.0032390727153622507 -0.029673331934549432 0.030409545315293933 -0.079327227267978431 -0.036791365993268516 0.20478865770608387 0.048202803476624825 0.013184806874748796 -0.00058224307242703299 0.064010392698494761 0.00049596495836860626 -0.18882370853648917 0.19924044802741969 -0.050120400800290128 -0.057898511805524404 -0.04620090506398359 0.0011696546009466345 -0.0022963545341706461 0.046625422574745987 1.9369269329635233 -0.034016890622745988 0.87285565717081892 0.0074593701175706545 -0.013284203520102898 0.059748189117677264 0.038917174419892828 -0.088184987552119717 0.0034853401072940655 -0.35438967866283244 -0.0087598489784667978 -0.0097083826766666999 0.04790420060001966 -0.059941907606000634 -0.031346630809331366 0.01789402197002727 0.43149179502823987 0.074857088766094315 1.1353232891842315 0.37570889953190517 -0.010639450026212372 0.094898325455584701 0.014186248991523209 0.039519895026705172 -0.025935377293556411 0.037930951225734956 0.44001223001503675
leaf_weight=22.767713596290264 71.641707663806301 76.545148928574235 17.614192085766263 100.41845128801651 117.31752513426181 102.14812586406697 17.210045540428837 75.728653376572765 46.488431773339926 32.912034109511417 25.959042214763365 267.59270870792864 162.08914208512942 906.47413069206732 134.64237153278873 115.3577285170104 531.00347528908605 337.97948744571477 404.02590135309129 102.95841817140172 39.165842012422218 7.8976878987814443 59.604930672336195 8.8293563427723694 92.974885876625194 153.96289604133926 21139.151401056239 3.3353801311459383 6.7159827381547066 142.70613167343254 45.773700301378994 128.74398982115963 233.24072931602132 683.44371460330149 88.501821359681344 0.079318119809612564 269.46312386172212 0.921923467569289 10.723277415119812 1.178492271807045 37.200895521531493 41.021849462005775 58.252102219106746 272.56185778760118 2.3546973378397515 3.1706255759345368 201.74007715293556 206.51502115407493 35.421604459351784 187.27698755569872 225.76901289058151 1.0877860068576404 8.1219095453561732 1.1172084629070012 2.2688866409880566 26.31393187645881 32.914548756947624 1549.452574896306 197.57498024805682 126.71617401440744 11.573237405449616 1.2228495955350807
leaf_count=465 630062 388521 1062 92103 103193 180489 695 251205 58950 187965 30047 5108201 52845 508985 646097 138020 97856 58084 154516 6372 61352 2311 18156 186 1636 52265 407975 100 1406 1599 23494 12255 5736 22271 20552 65 31644 129 1051 202 12499 5159 1154 6019 44 194 9912 5750 139830 2220 16240 157 776 79 173 28250 3344 115692 3913 2287 1031 62
internal_value=-0.000689189 -0.0641349 0.000442931 -0.00762056 -0.0228266 -0.00219363 0.0272195 0.000820146 0.000930389 -0.092772 -0.13401 -0.0844108 -0.0437195 0.000983185 -0.0230688 0.00113475 0.000642483 -0.0289169 0.0111555 -0.0412675 0.00134329 0.001804 0.00858653 0.0463232 0.000838207 0.00149933 0.000947965 0.031918 0.00658216 -0.0154385 0.00991591 -0.0152037 0.00921664 0.0110993 0.0222244 -0.0328023 -0.0135999 0.133112 0.172856 0.399342 -0.000784767 -0.0151849 -0.0247445 -0.0124546 0.0108591 -0.156055 0.00349942 0.0328519 0.00289645 -0.0448316 0.0148846 0.140579 0.227149 0.788103 0.0717686 0.0634119 0.0480102 0.00975024 0.0141442 0.0111531 0.105611 0.217551
internal_weight=30014.9 526.195 29488.7 176.964 470.407 236.676 134.528 29018.3 28942.6 349.231 58.8711 290.36 233.731 28925 181.131 28743.9 27397.9 634.518 1345.92 440.938 26763.4 25963 3236.18 163.219 22726.8 21827.2 21438.6 388.593 3072.96 404.051 2668.91 899.547 252.712 2623.13 127.747 39.2452 800.467 35.4717 26.6423 3.32327 193.58 156.38 646.835 401.306 234.63 5.52532 261.345 299.49 941.896 245.529 229.104 23.3191 10.3269 2.20499 12.9922 65.9445 59.2285 2557.19 1873.74 1676.17 19.4709 2.40134
internal_count=9714903 5807302 3907601 480624 967284 284377 103888 2940317 2689112 5326678 218012 5108666 682907 2688050 705047 1983003 1179672 220134 803331 64456 959538 830038 315108 84784 514930 484204 415361 68843 230324 29667 200657 30726 9078 177163 81969 61417 129500 2815 2629 393 155678 143179 21648 18274 16578 238 28068 7386 648815 3374 16340 2236 1012 236 1224 33000 31594 144163 121892 117979 3342 264
is_linear=0
shrinkage=0.08


Tree=87
num_leaves=63
num_cat=0
split_feature=17 10 18 10 0 16 17 0 10 10 16 16 9 9 1 10 16 9 16 9 9 17 10 0 2 12 0 17 9 9 17 17 0 9 10 10 10 10 1 12 12 10 9 10 16 10 0 10 17 9 1 14 10 9 10 0 17 17 0 10 9 17
split_gain=295.762 107.635 24.8386 58.6258 22.5949 22.019 18.3562 18.2851 34.6129 18.1277 17.9889 17.4026 16.7919 15.4142 26.0065 27.0383 21.4951 22.6803 30.6569 17.4207 84.4654 15.0528 45.2704 17.5906 20.3437 24.1796 17.0809 33.7373 16.787 20.3134 16.2747 18.0468 80.5967 14.3005 14.0837 13.7422 20.3647 15.9923 54.3426 17.6289 13.278 25.2273 15.479 21.7604 13.2494 18.9211 26.2586 13.2106 16.7374 13.0867 23.1848 19.6621 27.2681 26.6143 58.7203 21.3416 28.2829 107.609 187.791 31.7108 26.109 22.0101
threshold=0.73198950290679943 0.82437592744827282 2.5000000000000004 0.61916849017143261 0.061489565297961242 10.500000000000002 0.46592740714550024 0.99999997019767772 0.99802371859550487 0.872827708721161 12.500000000000002 19.500000000000004 1.0000000180025095e-35 0.86706823110580455 0.5768190622329713 0.66801074147224437 10.500000000000002 0.8589511811733247 6.5000000000000009 0.32049383223056799 0.30860805511474615 0.86479124426841747 0.63839775323867809 0.27039325237274175 1.0000000180025095e-35 1.0000000180025095e-35 0.26898297667503362 0.78048819303512584 0.19433517754077914 0.15047170221805575 0.79194894433021557 0.80013051629066478 0.14654106646776202 0.84660631418228161 0.44818164408206945 0.51954418420791637 0.5177067518234254 0.45049996674060827 0.69941651821136486 1.0000000180025095e-35 1.0000000180025095e-35 0.95263025164604198 0.94392031431198131 0.82437592744827282 23.500000000000004 0.97845596075057995 0.67949557304382335 0.96568545699119579 0.92596012353897106 0.3931498676538468 0.10325749218463899 3.5000000000000004 0.90489491820335399 0.66287875175476085 0.86847347021102916 0.36094672977924352 0.50382357835769664 0.49307660758495336 0.33173218369483953 0.99802371859550487 0.68457102775573742 0.6426762342453004
decision_type=2 2 2 2 2 2 2 2 2 2 2 2 2 2 2 2 2 2 2 2 2 2 2 2 2 2 2 2 2 2 2 2 2 2 2 2 2 2 2 2 2 2 2 2 2 2 2 2 2 2 2 2 2 2 2 2 2 2 2 2 2 2
left_child=1 -1 4 -4 13 40 -3 12 9 -9 49 -10 -6 14 -2 16 17 19 -19 20 -16 22 -14 26 25 -25 28 -28 29 -24 -30 32 -32 -11 -21 36 37 38 -36 -39 42 -42 47 -44 -23 46 -46 -5 -49 -8 51 52 53 -51 -55 56 57 -53 59 -59 -58 -62
right_child=2 6 3 5 7 -7 10 8 11 33 -12 -13 21 -15 15 -17 -18 18 -20 34 -22 44 23 24 -26 -27 27 -29 30 -31 31 -33 -34 -35 35 -37 -38 39 -40 -41 41 -43 43 -45 45 -47 -48 48 -50 50 -52 55 -54 54 -56 -57 60 58 -60 -61 61 -63
leaf_value=-0.088410300288245966 -0.051317521217532622 -0.060643105563830527 -0.069079665154465716 -0.027549932537915184 -0.081316990290890165 -0.03626454841165079 -0.019671501783446926 -0.13493175696119833 0.053373494211037188 -0.035358314151794919 -0.055562752414561219 -0.082232029629522418 -0.07337670889108433 -0.066266892781532652 -0.080437965188527055 -0.014695484114375046 -0.066635219015177438 1.3011719107205861 -0.080497904811849597 -0.080762501307910489 4.3071912704571895 0.00062869399125740097 -0.082094058561040503 0.015380668678815523 -0.05191185926920535 0.09135392325514316 2.3401707932557652 -0.080205957330427555 -0.088082158827043636 1.001443795989545 2.9849938691629245 0.13103015282577277 0.14690930577795291 0.01043068937514467 6.1452063900516238 0.087411129776478483 2.206568276786375 0.17861273706015751 -0.080044827089523277 1.1312231316232766 0.058669477787848437 -0.016877546402535075 0.12082756956358175 -0.010539952875137634 -0.085492115637368651 -0.042103029817129184 0.018417162766841841 0.0035512861096891292 0.17068996011262463 0.19437610444022357 -0.0095417458073634304 -0.08036001507609207 0.09523388879723102 0.13605210443418225 1.302677034494933 -0.011618773318178996 -0.05479987146441577 -0.080027208330781793 8.7092093878205841 3.5110723013995733 0.47214728429980396 0.089465817509512796
leaf_weight=328.96222899812415 73.435275049375377 37.437631848552513 109.39987086121255 122.93354075974821 16.020899693598039 95.678954439665176 40.262235827463627 5.9707158254459491 145.24703445017803 49.047703848220408 27.421476358150301 6.3203125627478576 25.315089740068288 44.871793140303453 0.12208910243499005 82.807623780121503 5.9118002554459954 0.23152039438355032 0.18482808462431422 2.8339873500153798 0.036467553665715968 27754.437865009957 0.17718273666832551 65.287292692140909 15.272279344484557 45.492306752712466 0.066075160520996046 0.08335178855486447 2.1547074369827888 0.29525577475942555 0.078291823112520365 7.6824964724874008 0.35178066657681484 396.83722697943449 0.012850964481916693 20.860124330931285 0.034985990663699229 2.1587136392263351 0.029750824367511086 0.13192766302381631 71.256762017052097 46.913657412631437 13.679856949049279 19.678793643950485 18.24319806729909 112.71502549492288 106.01542608518503 18.616881342109995 4.8292285812203763 2.0179856682370878 34.577038338869897 0.23442627447366504 9.5566260778432461 0.58980148602131499 0.51919336200808175 16.463767678840668 3.120936811552383 0.05365511731361039 0.027305755735142156 0.022269051180046517 1.6980111705270249 2.2188028866075911
leaf_count=5328938 237117 295999 952077 80988 754 99897 70420 171 42789 370 64063 1201 150776 25714 348 1685 35936 148 288 17914 125 2122281 121 47998 2664 6259 81 152 3936 177 112 5165 501 17145 150 5431 118 7311 190 23 17638 5128 3729 257 10449 1656 1370 1925 216 4336 8290 1648 4959 180 129 19973 8942 441 162 25 753 388
internal_value=-0.000688609 -0.0613833 0.000350435 -0.0172751 0.000656068 -0.00287573 -0.0109304 0.000857277 0.0146365 0.00353963 0.00247984 0.0477188 0.000562111 -0.0241206 -0.0141033 0.00958696 0.0713636 0.101991 0.687812 0.0926887 0.928704 0.000608705 0.0249052 0.0430737 0.0346465 0.0465795 0.140627 0.990061 0.128808 0.595075 0.107353 0.159261 0.663564 0.00539386 0.0876026 0.108144 0.290767 0.26204 1.79782 0.233478 0.00784772 0.0286773 -0.00584687 0.0433318 0.000467867 -0.0183682 0.00316158 -0.0170543 0.0379771 0.0167721 0.0374093 0.081859 0.162331 0.367394 0.682226 0.0390437 0.152135 0.867354 3.01953 0.973266 0.117821 0.255365
internal_weight=30014.9 505.183 29509.8 502.988 29006.8 393.588 176.221 28773.1 603.423 451.856 138.784 151.567 28169.7 233.664 188.792 115.357 32.549 26.6372 0.416348 26.2209 0.158557 28153.7 162.256 136.941 126.052 110.78 10.8891 0.149427 10.7397 0.472439 10.2673 8.11257 0.430072 445.885 26.0623 23.2284 2.36823 2.33324 0.0426018 2.29064 297.909 118.17 179.738 33.3587 27991.4 236.974 124.259 146.38 23.4461 111.362 71.0998 36.5228 12.6836 3.12698 1.10899 23.8392 7.37541 0.337656 0.10323 0.0759242 7.03775 3.91681
internal_count=9720127 5809646 3910481 1161855 2748626 209778 480708 2416128 61676 17686 184709 43990 2354452 332498 306784 69667 67982 32046 436 31610 473 2353698 217942 67166 56921 54257 10245 233 10012 298 9714 5778 613 17515 31137 13223 7792 7674 340 7334 109881 22766 87115 3986 2135756 13475 11819 83129 2141 120646 50226 41936 9604 4645 309 32332 12359 2276 628 466 10083 1141
is_linear=0
shrinkage=0.08


Tree=88
num_leaves=63
num_cat=0
split_feature=17 10 17 0 15 14 0 1 15 14 15 1 11 3 14 0 10 3 9 11 11 14 3 9 1 1 11 1 9 1 9 10 3 0 1 9 11 9 10 1 11 14 9 11 9 9 11 11 8 15 11 14 16 11 1 11 11 15 8 9 10 9
split_gain=353.626 55.8038 61.8676 35.1475 23.706 69.4036 78.0437 83.8233 78.5235 65.8588 108.846 158.491 77.0048 85.8244 85.7533 74.0547 76.8591 69.4341 59.0732 87.5528 58.183 57.8097 98.9566 147.154 93.6036 82.877 80.7346 54.2018 53.2567 57.6345 50.3157 56.8971 46.959 45.16 43.7427 46.5503 41.705 41.3963 68.6272 44.6254 40.7444 39.6032 44.4065 38.0506 48.0828 43.1779 37.212 45.8641 39.7971 36.6185 38.7553 36.4025 34.0433 67.7729 56.6727 34.0033 32.7238 34.6932 32.5597 93.9372 53.1429 32.382
threshold=0.73198950290679943 0.8337790071964265 0.53311479091644298 0.088458150625228896 3.5000000000000004 3.5000000000000004 0.51370900869369518 0.96483230590820324 4.5000000000000009 3.5000000000000004 2.5000000000000004 0.44420753419399267 0.87895435094833385 1.0000000180025095e-35 4.5000000000000009 0.91171297430992138 0.90489491820335399 1.0000000180025095e-35 0.54641148447990429 0.73375529050827037 0.82413583993911754 2.5000000000000004 1.0000000180025095e-35 0.92805382609367382 0.84029078483581554 0.8482024371623994 0.73746865987777721 0.87375369668006908 0.99350652098655712 0.74872356653213512 0.93643951416015636 0.82018429040908825 1.0000000180025095e-35 0.99999997019767772 0.41477654874324804 0.42179392278194433 0.75905716419219982 0.99350652098655712 0.99802371859550487 0.083117157220840468 0.7933771312236787 2.5000000000000004 0.598850578069687 0.45199692249298101 0.7065996825695039 0.48050631582736975 0.92031747102737438 0.97999200224876415 1.0000000180025095e-35 2.5000000000000004 0.79784947633743297 2.5000000000000004 8.5000000000000018 0.80982515215873729 0.097014971077442183 0.60107529163360607 0.53399339318275463 1.5000000000000002 1.0000000180025095e-35 0.62418830394744884 0.88782376050949108 0.84292763471603405
decision_type=2 2 2 2 2 2 2 2 2 2 2 2 2 2 2 2 2 2 2 2 2 2 2 2 2 2 2 2 2 2 2 2 2 2 2 2 2 2 2 2 2 2 2 2 2 2 2 2 2 2 2 2 2 2 2 2 2 2 2 2 2 2
left_child=1 -1 -3 -2 9 6 -6 8 20 15 58 -12 13 18 40 16 34 27 -13 33 21 25 37 -24 -25 26 -8 41 32 -30 61 -32 -22 -20 35 56 -9 39 -39 -23 -15 49 -43 44 -7 -45 52 48 -48 -17 -51 -31 -18 54 55 -54 57 -5 -11 -60 -61 -21
right_child=3 2 -4 4 5 43 7 36 -10 10 11 12 -14 14 -16 17 46 -19 19 30 28 22 23 24 -26 -27 -28 -29 29 51 31 -33 -34 -35 -36 -37 -38 38 -40 -41 -42 42 -44 45 -46 -47 47 -49 -50 50 -52 -53 53 -55 -56 -57 -58 -59 59 60 -62 -63
leaf_value=-0.08701337735789666 -0.026461670654173354 -0.087353238089438665 0.0034047599530805626 0.026397805243976877 -0.037892499244812854 -0.059564099334900707 0.0095065805641184227 -0.18495959451868843 0.025877887129338136 0.0010796268822921822 -0.068644101532677443 0.10887955783606146 0.045778469316989596 0.013553177397933245 0.056721186758523771 0.058190945788224736 -0.0052890292719666677 0.076325858077819081 -0.032573859485069225 0.021605350546233006 0.096987709570098182 -0.074686462128708164 -0.09469810959252481 -0.041402581293389487 0.17580231261488885 -0.076755513440346049 0.13625731797519369 -0.053789397388578297 -0.065083702549703595 0.13766190266636033 0.0030459570712220861 0.083343991007220342 -0.078609603380723328 -0.2075625143259397 0.010611859839766091 0.048118649165466092 -0.051943782314754473 -0.058192976927640083 -0.27545096421538207 -0.012212156504645888 -0.087969797157256446 -0.19493599228372882 0.054339466011281368 0.03355745714137881 0.089795266116588904 0.0010201092556481601 0.040433269508054086 0.036469461581886013 -0.051363067215494482 -0.063673328550999428 0.033611386251197424 0.005132192800362893 0.0067781113157286011 0.039061897661284525 -0.010759253083424522 0.040873188835928713 0.17919793504901996 -0.051214453633879033 0.070924259278635979 -0.031992773714635422 0.03877721966142815 -0.059420789892410023
leaf_weight=318.02483641911294 306.49859650777944 80.381449023048958 119.58384754805854 79.019601707086622 598.97793736902167 115.35664550511501 165.74105058153509 17.965992237441242 494.23672675401758 1659.3456337084172 354.67465101566449 30.115323135210929 152.02608515472093 29.219250802474562 37.434735793125583 45.049734219908714 2122.0366671342636 179.75761570490431 277.87049007134556 62.268952132762934 64.437242049374618 94.439577012497466 32.325080910697579 17.61231871182099 45.507346831785981 54.624233954469673 39.905216236133128 59.272946727462113 77.674274121774943 13.564764639595522 111.88295761318295 114.03992775746156 11.483873823890461 9.7706303412560356 1358.3453911663019 486.27398413055198 94.092998972933856 293.69219691198668 9.6096503983717394 324.97072407830274 188.61530671741275 4.6675817468203595 227.38467283174396 265.72236998274093 15.668083875705632 14755.567172922223 34.605414564721286 61.986987219424918 238.84156268276274 69.964701218064874 41.903389198705554 598.8227162231633 614.28799351744237 392.01757140690461 981.72056784643792 269.26346341817407 6.1043713773178743 69.089112596502673 176.56895681099923 168.50745950473356 113.7507779605221 64.023525904398412
leaf_count=5363640 600363 322041 122145 12792 532099 162779 8083 117 16944 114896 223981 7960 12438 7316 2416 1567 40790 29244 97533 17109 659 11006 397 168 742 529 477 1810 821 154 17916 8362 129 96 398353 158530 2026 3345 331 4274 10162 49 6143 46464 1812 1037308 958 9376 4358 626 697 8444 14035 6389 8989 2571 155 74993 28853 125213 7687 13150
internal_value=-0.000666826 -0.0661921 -0.0330779 0.000487636 0.000771544 -0.000994932 -0.0120061 -0.0056792 -0.00244052 0.00372364 -0.00522223 -0.0222592 -0.00698769 -0.0156577 -0.0551304 0.00804952 0.00559214 0.03432 -0.000617997 -0.00577158 -0.0100289 -0.0220038 -0.0324507 0.0441091 0.115195 0.010836 0.0341023 0.0174746 0.00683067 -0.000166223 0.0209711 0.0435783 0.0704268 -0.0385179 0.0187384 0.0359731 -0.0732697 -0.0425616 -0.0650765 -0.0262796 -0.074352 0.0283341 0.0493255 0.00122127 -0.0417035 0.00159569 1.87564e-05 -0.0256617 -0.039746 -0.00270822 -0.0272326 0.00806781 0.00198574 0.00882463 0.00246977 0.0171686 -0.00232488 -0.00980643 0.00629524 0.0251575 -0.00347229 -0.0194706
internal_weight=29918.2 517.99 199.965 29400.2 29093.7 18202 3049.68 2450.71 2338.65 10891.7 3550.11 1431.94 1077.27 925.241 255.269 7341.59 6713.59 628.001 669.972 639.856 1844.41 1078.43 818.157 95.4447 63.1197 260.271 205.646 448.243 765.983 690.062 352.215 225.923 75.9211 287.641 1998.83 640.487 112.059 722.712 303.302 419.41 217.835 388.97 232.052 15152.3 131.025 15021.3 4714.76 335.434 273.447 156.918 111.868 612.387 4379.33 2257.29 1865.27 883.551 154.213 148.109 2118.17 458.827 282.258 126.292
internal_count=9714810 5807826 444186 3906984 3306621 1839108 590745 58646 56503 1467513 695088 418439 194458 182020 19894 772425 732289 40136 162126 154166 39559 29352 20263 1307 910 9089 8560 10892 10207 9419 56537 26278 788 97629 644823 246470 2143 18956 3676 15280 17478 9082 6192 1248363 164591 1083772 87466 14692 5316 2890 1323 8598 72774 31984 25595 16606 87940 87785 276649 161753 132900 30259
is_linear=0
shrinkage=0.08


Tree=89
num_leaves=63
num_cat=0
split_feature=17 10 10 11 16 15 11 14 0 14 9 8 8 11 0 3 3 11 14 15 10 15 11 14 3 9 3 3 11 15 11 15 9 0 4 11 16 11 9 10 9 11 0 11 11 9 0 14 9 8 10 10 15 14 9 11 8 16 10 3 11 14
split_gain=323.272 66.7476 35.5717 27.8486 21.1793 19.7519 65.5873 54.3787 58.1951 53.2922 109.901 139.096 106.161 95.1315 65.7261 69.0699 50.0214 75.4576 58.9042 48.079 46.5277 46.1232 56.2461 60.6549 165.596 47.8372 65.9916 59.1292 128.67 75.6793 65.6111 50.0434 43.7726 41.8333 48.0076 47.1884 68.1667 38.5377 38.2975 68.5865 50.1404 37.7085 37.4044 35.6856 46.4616 34.9988 34.7044 33.5466 87.4968 33.4978 33.4632 33.0163 32.2445 120.366 147.081 154.705 114.371 56.241 55.2332 52.6291 54.2993 45.7619
threshold=0.73198950290679943 0.90489491820335399 0.45910002291202551 0.75513625144958507 8.5000000000000018 3.5000000000000004 0.40778532624244695 3.5000000000000004 0.51370900869369518 3.5000000000000004 0.60736891627311718 1.0000000180025095e-35 1.0000000180025095e-35 0.87895435094833385 0.91171297430992138 1.0000000180025095e-35 1.0000000180025095e-35 0.73375529050827037 4.5000000000000009 2.5000000000000004 0.90952175855636608 5.5000000000000009 0.75513625144958507 2.5000000000000004 1.0000000180025095e-35 0.99350652098655712 1.0000000180025095e-35 1.0000000180025095e-35 0.89386734366416942 4.5000000000000009 0.84650033712387096 4.5000000000000009 0.94804316759109508 0.37164923548698431 1.0000000180025095e-35 0.70064932107925426 9.5000000000000018 0.5108746886253358 0.92907443642616283 0.82018429040908825 0.84292763471603405 0.78629973530769359 0.064958207309246077 0.92403846979141246 0.97999200224876415 0.53272169828414928 0.91171297430992138 2.5000000000000004 0.81302967667579662 1.0000000180025095e-35 0.72874784469604503 0.89672946929931652 4.5000000000000009 4.5000000000000009 0.99350652098655712 0.91024166345596325 1.0000000180025095e-35 9.5000000000000018 0.85773810744285595 1.0000000180025095e-35 0.78629973530769359 4.5000000000000009
decision_type=2 2 2 2 2 2 2 2 2 2 2 2 2 2 2 2 2 2 2 2 2 2 2 2 2 2 2 2 2 2 2 2 2 2 2 2 2 2 2 2 2 2 2 2 2 2 2 2 2 2 2 2 2 2 2 2 2 2 2 2 2 2
left_child=1 -1 3 -2 -5 9 45 8 -8 14 12 -12 19 16 20 -16 17 -13 41 37 33 22 47 24 -24 26 32 28 29 46 31 -29 -25 34 -4 36 -35 -11 40 -40 -19 51 -14 -22 49 -7 -27 48 -10 -45 -15 -18 53 54 -9 -56 -55 58 -58 60 -59 -54
right_child=2 -3 5 4 -6 6 7 52 21 10 11 13 42 50 15 -17 18 38 -20 -21 43 -23 23 25 -26 27 -28 30 -30 -31 -32 -33 -34 35 -36 -37 -38 -39 39 -41 -42 -43 -44 44 -46 -47 -48 -49 -50 -51 -52 -53 61 56 55 -57 57 59 -60 -61 -62 -63
leaf_value=-0.081276211084913147 -0.055803689554778137 -0.01311847917438278 -0.0077761803153418131 0.0098593179266548009 -0.080820702162731281 -0.071555200451924747 -0.034864216495356343 0.0030392482980100199 0.11653277189939085 0.0020531716167883729 -0.066744933715579477 -0.028781039248474083 -0.00086560101854940704 -0.026134200313037984 0.015809750405346601 0.076822008051362217 -0.043400837081323668 0.028823949233987751 0.055395859116713443 -0.041944405327607528 0.0021384181720516997 0.042505602744469122 0.13265049149158512 0.041480868824529164 -0.16633905851652292 -0.044671677614329629 -0.077133022785341024 0.093082485987903821 0.041479993791277064 0.019485828743152227 -0.0025732030391576017 -0.082198178157473309 0.23829151096698936 0.063827765899308567 0.07535032120105091 0.011641316016394083 0.0034092797174176217 0.066503937349433842 -0.0027406337131311255 0.086746022007155796 -0.066690935773553436 -0.07471722401799355 0.070113460717138448 0.039548627569463778 0.038156727038151005 0.037203304290566279 -0.097747249053042468 -0.033323421720120962 -0.018068951745537808 -0.052090171087589905 0.068169895222995852 0.054122532066317862 -0.010120688781950415 -0.09818547102852293 0.076412029016767302 0.0022748983707942391 -0.033055720733419565 -0.081792148087930144 0.059614213147114736 -0.14918303768150126 0.059058779103362768 0.0041251059373759603
leaf_weight=377.88731132705072 128.12619096446087 121.53110274337303 633.51218063201668 112.49800918657593 19.314379998511413 122.51404334865583 522.97446695910912 8132.1684020773937 36.014316793924081 1511.6630070387691 329.52145786625988 413.59242998500849 61.332295603660896 29.772957782894082 434.46241633640602 163.41628867457621 79.603665155354975 84.893635863063537 35.476844637028989 156.24342982778035 4296.9752838724526 121.99214514715277 59.053521541180089 185.59799517714418 14.833336342126129 295.56948890292551 30.692541851982241 85.570483343530213 147.66298064240254 98.209019384317799 346.6222916135157 11.870729298563672 7.5257104956544927 324.92282871855059 47.820661559508153 973.53732836610288 189.04726112388744 61.803378023039841 109.03622466767411 110.23158419551328 60.058604404126527 194.5000653793104 210.93397265877502 28.919148032087833 58.125724320299923 22.398985945143068 107.52953062695451 642.96653831583535 217.99157242965885 217.7849004897289 125.9795416558045 30.818739091628231 3080.0116958071408 136.35394908836133 374.2410514014955 347.32631993755422 71.882186928840383 39.577386400578689 96.318063999933656 27.86842424038332 31.425723100051982 2715.5015265531788
leaf_count=5590436 1091858 216981 317427 219971 151682 247033 222640 423089 994 92152 41483 122546 37696 2835 10871 28890 13506 14208 1468 126480 70716 3676 680 2601 94 4246 354 1129 2200 1333 4668 127 256 13991 12009 16093 24946 1871 11545 8964 8326 7182 35783 824 9098 14359 995 13322 3220 3907 6714 2426 203735 44309 11996 44585 13618 13603 3027 593 7561 109770
internal_value=-0.000867003 -0.0646904 0.000218488 -0.0292445 -0.00342796 0.00048163 -0.00113979 -0.000707885 -0.0106739 0.0031604 -0.00480943 -0.020416 0.00769068 -0.00843264 0.00706009 0.032486 -0.0165915 -0.00539808 -0.0421685 0.00038176 0.00481487 -0.00542385 -0.00797969 0.00209433 0.0726261 -0.00186312 0.0318327 -0.00876288 -0.0241545 -0.0434875 0.013731 0.071729 0.0491503 0.014475 -0.00194179 0.0219944 0.0416048 0.0045847 0.0211546 0.0422466 -0.0107511 -0.0535198 0.0541243 0.000262044 -0.0261879 -0.0547446 -0.05883 -0.0235992 0.0010156 -0.0413481 0.0501431 -0.0161822 0.00123376 0.00416343 0.00611068 0.0407261 -0.0385717 -0.0081358 0.0200107 -0.0560187 -0.019452 -0.00344579
internal_weight=29863.6 499.418 29364.2 259.939 131.812 29104.3 18130.3 17985.4 2932.68 10974 3605.46 1603.49 2001.98 1273.96 7368.52 597.879 1118.21 777.812 340.399 1729.71 6770.65 2409.7 2287.71 1390.74 73.8869 1316.85 223.816 1093.03 648.971 501.308 444.064 97.4412 193.124 2168.84 681.333 1487.51 513.97 1573.47 364.22 219.268 144.952 304.922 272.266 4601.81 304.83 144.913 403.099 896.972 254.006 246.704 155.752 110.422 15052.7 9257.16 8853.74 721.567 403.426 267.072 168.2 98.8715 71.0031 5795.51
internal_count=9714698 5807417 3907281 1463511 371653 2443770 1399813 1138421 262535 1043957 535185 241203 293982 199720 508772 39761 190171 165589 24582 220503 469011 39895 36219 18683 774 17909 3211 14698 8774 6574 5924 1256 2857 384466 329436 55030 38937 94023 43043 20509 22534 23114 73479 84545 13829 261392 5241 17536 4214 4731 9549 15932 875886 562381 479670 56581 82711 38402 16645 21757 21164 313505
is_linear=0
shrinkage=0.08


Tree=90
num_leaves=63
num_cat=0
split_feature=17 10 17 0 11 1 9 15 9 9 1 11 11 11 9 9 9 11 14 11 0 11 9 14 10 9 9 15 0 1 9 12 4 10 15 11 15 1 10 11 12 11 10 11 15 14 1 4 11 1 1 9 11 17 2 9 11 14 11 1 0 11
split_gain=267.587 63.9415 58.0904 22.6098 89.4791 37.3193 60.5327 79.4336 60.6122 68.1854 42.116 38.9365 40.0936 32.7414 63.767 47.8359 82.8727 75.0091 59.3636 32.6854 32.5288 28.7492 27.8781 26.8496 26.494 87.0904 44.0421 48.065 37.4706 45.0767 50.7675 47.1437 30.115 52.146 37.4104 35.588 51.0618 30.6611 35.4952 26.1957 31.3422 30.4225 28.3955 25.9787 24.8431 33.6706 23.7313 26.6809 23.4339 25.1559 23.195 23.0768 80.7954 22.8723 28.2728 22.5173 53.4799 22.2133 22.1643 22.0152 20.7076 20.4147
threshold=0.73198950290679943 0.84384033083915722 0.50382357835769664 0.82525211572647106 0.93788582086563121 0.49065750837326055 0.83438819646835338 2.5000000000000004 0.99350652098655712 0.91331183910369884 0.73157235980033886 0.89386734366416942 0.77836257219314586 0.86582550406456005 0.89386734366416942 0.88273489475250255 0.86526826024055492 0.84889996051788341 3.5000000000000004 0.5875958800315858 0.96347683668136608 0.84889996051788341 0.76833632588386547 3.5000000000000004 0.96987840533256542 0.99350652098655712 0.96590471267700206 4.5000000000000009 0.67949557304382335 0.54257029294967662 0.80901721119880687 1.0000000180025095e-35 1.0000000180025095e-35 0.81585493683815014 2.5000000000000004 0.40936473011970526 1.5000000000000002 0.021542506292462352 0.68010151386260997 0.25176055729389196 1.0000000180025095e-35 0.7454303801059724 0.98369517922401439 0.61311829090118419 3.5000000000000004 3.5000000000000004 0.671605944633484 1.0000000180025095e-35 0.81872946023941051 0.7092566490173341 0.8482024371623994 0.88493067026138317 0.88273489475250255 0.99999865889549266 1.0000000180025095e-35 0.84889996051788341 0.83424910902977001 1.5000000000000002 0.65261757373809826 0.87375369668006908 0.46262025833129888 0.75147059559822094
decision_type=2 2 2 2 2 2 2 2 2 2 2 2 2 2 2 2 2 2 2 2 2 2 2 2 2 2 2 2 2 2 2 2 2 2 2 2 2 2 2 2 2 2 2 2 2 2 2 2 2 2 2 2 2 2 2 2 2 2 2 2 2 2
left_child=1 -1 -3 24 5 39 10 -8 9 11 22 12 43 15 51 16 17 18 -14 -10 55 -18 -7 -12 32 26 28 46 29 53 -31 -32 35 34 -34 36 -2 61 -39 -5 41 42 44 -9 45 58 47 -28 -17 -50 -33 -15 -53 54 -26 56 -20 -37 -41 -48 -38 -36
right_child=3 2 -4 4 -6 6 7 8 19 -11 23 -13 13 14 -16 48 21 -19 20 -21 -22 -23 -24 -25 25 -27 27 -29 -30 30 31 50 33 -35 37 57 60 38 -40 40 -42 -43 -44 -45 -46 -47 59 -49 49 -51 -52 52 -54 -55 -56 -57 -58 -59 -60 -61 -62 -63
leaf_value=-0.083479210549448804 -0.0037697080688159196 -0.084804612005613442 0.0093300949290110752 -0.039763414270319805 0.053260246843622017 -0.041769381330307345 0.075100417342146231 0.076485654378300419 -0.061604141567279135 0.042322407681472142 -0.013515577463810376 0.063635792600743452 0.081626911710234853 0.064834794869756115 -0.11011144130169834 0.027490313575396535 -0.065119689641502942 0.072414741499097865 -0.081492218635279293 -0.0064379875113464548 -0.16887280280650729 -0.15209659050842642 0.0085767658150205268 -0.074156527437719166 0.052574745950691594 0.036587721038242302 -0.091654578598115766 0.068277663645374589 -0.0055985076995323461 0.074366304023932392 0.034098195645671278 -0.075587777997489197 0.11692613846909844 0.001885468729949815 -0.023735964972546278 -0.047327170812088315 -0.063475279855726138 0.1364747863115906 0.031184183012002591 0.035061405041865001 0.024161626620909878 -0.020962825174868568 -0.018038197780471089 0.0095584755880623144 0.03993696319386375 -0.088891973135625232 -0.014226495849239129 -0.25445113135263608 -0.14497177609993891 -0.0083933284270776183 0.066052506606255182 -0.14435427183271604 0.071045144019310766 0.0021628649338029417 -0.0063878070638026373 -0.084510766857605599 0.1017856476092643 -0.0024681405037032117 -0.034123585183318025 -0.20892921290820382 -0.020753121435579832 0.092698375407233136
leaf_weight=291.02687794861021 464.32520192547236 64.25720385245603 120.8817486460722 59.347927442140644 232.03383765020408 105.35352985281497 93.446716301143169 39.227922677993774 70.961291808634996 366.65265324397478 69.645839817589149 65.760790921398439 20.081988446414471 80.748735029017553 21.525145596126094 117.79369449149817 52.504458633484319 47.429781971499324 24.657370777800679 2192.5133546608267 17.229254852049053 45.311959722777829 212.10214397590607 142.01226553088054 131.20851457765093 473.73289857571945 26.534939176402986 16.1880455436185 2470.2232050682942 130.41031697031576 145.32797719538212 46.154712690971792 37.00316599555299 1246.8268898323659 71.116499562056561 71.001782684028512 178.3321788975918 26.893043763535388 86.08231064602478 99.49050041323062 940.81343399613979 243.58089952263981 140.31836994958576 690.32122077979147 243.22953594377032 23.526771452627145 30.555416502058506 8.5091460002586228 10.901910380925981 41.432012567063794 8.812229835893957 17.205223060213029 31.640571857104078 2561.852683951176 86.266766659042332 51.964130600914359 17.365643048658967 14137.612035501206 42.207880291156471 4.2314039249904445 122.48186371233169 11.148188080514954
leaf_count=5396650 59948 278588 132155 640 59006 1237 14330 428 935 10392 927 2183 289 1061 222 1183 575 562 203 54417 146 350 2287 1327 9402 16370 357 624 39746 6549 1747 1332 14448 40177 83579 13063 436890 3281 1902 642 18117 2269 1428 6547 1928 346 801 274 88 570 509 148 451 38332 8564 435 148 2867308 275 134 76861 229
internal_value=-0.000607814 -0.0600971 -0.0233418 0.000360186 0.00445269 0.00269368 -0.00108963 0.0021842 0.000490587 0.011627 -0.0265611 0.0035482 0.000571267 -0.0147886 0.0173996 -0.0256787 -0.0462129 -0.0138145 -0.0449637 -0.00816748 -0.0678218 -0.10541 -0.00813153 -0.0542027 -0.00084809 0.00363641 0.000881493 -0.0559259 0.00175717 0.00759961 0.0355207 0.0102287 -0.00252165 0.00836845 0.0431731 -0.00359735 -0.020404 0.029195 0.0562479 0.0124992 0.0142888 0.00256611 0.0130098 0.0131572 0.0236758 -0.000262361 -0.0847185 -0.131184 0.00769989 -0.0368446 -0.0528802 0.0385787 -0.00482618 0.00427734 0.0291858 -0.0492976 -0.00575424 -0.00269231 0.0144532 -0.0379098 -0.0460802 -0.00795724
internal_weight=29739.3 476.166 185.139 29263.2 6670.34 6438.3 4645.79 4116.68 4023.23 1759.75 529.114 1393.1 1327.34 597.792 151.12 446.672 276.545 178.728 131.298 2263.47 111.216 97.8164 317.456 211.658 22592.8 6140.01 5666.28 86.019 5580.26 3110.03 330.705 200.295 16452.8 1479.07 232.243 14973.8 765.139 195.24 112.975 1792.52 1733.17 792.354 548.773 729.549 408.455 165.225 69.8309 35.0441 170.128 52.3339 54.9669 129.595 48.8458 2779.33 217.475 93.9871 42.023 14208.6 141.698 34.7868 300.814 82.2647
internal_count=9715912 5807393 410743 3908519 186092 127086 101441 95663 81333 25981 5778 15589 13406 6431 1882 4549 2708 1783 1221 55352 932 925 3524 2254 3722427 124741 108371 2190 106181 66435 10137 3588 3597686 143616 103439 3454070 573699 88991 5183 25645 25005 6888 4619 6975 3191 1263 1566 631 1841 658 1841 1660 599 56298 17966 786 351 2880371 917 935 513751 83808
is_linear=0
shrinkage=0.08


Tree=91
num_leaves=63
num_cat=0
split_feature=17 10 10 0 11 9 15 11 9 11 1 1 0 10 17 10 9 11 11 9 16 1 16 4 11 14 1 9 9 0 0 9 9 0 0 10 2 9 14 1 10 9 9 14 1 0 10 0 9 9 11 11 9 11 11 1 11 9 1 14 16 0
split_gain=246.45 62.0768 28.0665 31.6592 17.7577 21.2554 20.9642 57.1949 47.0082 104.791 50.9558 42.39 55.7674 36.8526 35.6813 35.7826 35.2097 33.4803 33.2992 28.7001 37.0342 32.8732 29.6349 27.3529 27.3415 63.8853 72.5185 27.6633 26.2368 33.5145 24.4974 31.6266 24.2843 31.9722 28.5268 27.54 23.7419 49.2446 24.1341 23.6078 23.0219 22.4092 21.6239 22.4126 20.468 19.9406 19.8678 26.6072 19.4182 19.2673 126.855 18.9194 18.9152 129.678 96.3062 75.9748 58.0206 105.726 55.0505 36.097 38.948 45.408
threshold=0.73198950290679943 0.90489491820335399 0.45910002291202551 0.23550669103860858 0.12632978707551959 0.11882352828979494 1.5000000000000002 0.37884435057640081 0.50287353992462169 0.57735043764114391 0.22036809474229815 0.034521980211138732 0.61775881052017223 0.87762442231178295 0.99999865889549266 0.99802371859550487 0.50944742560386669 0.51316699385643016 0.48313757777214056 0.55625879764556896 7.5000000000000009 0.039196547120809562 6.5000000000000009 1.0000000180025095e-35 0.46841755509376531 3.5000000000000004 0.069412618875503554 0.70064932107925426 0.37884435057640081 0.2048413157463074 0.47750945389270788 0.40192309021949774 0.99350652098655712 0.080401308834552779 0.49369765818119055 0.76718232035636913 1.5000000000000002 0.83438819646835338 1.5000000000000002 0.84029078483581554 0.77909308671951305 0.51316699385643016 0.58380150794982921 2.5000000000000004 0.11572565138339998 0.064958207309246077 0.92545253038406383 0.71112373471260082 0.3034138977527619 0.3931498676538468 0.48999600112438207 0.99397590756416332 0.77015757560729992 0.78629973530769359 0.71503761410713207 0.83321288228034984 0.69282051920890819 0.60495716333389293 0.14980195462703708 2.5000000000000004 10.500000000000002 0.82525211572647106
decision_type=2 2 2 2 2 2 2 2 2 2 2 2 2 2 2 2 2 2 2 2 2 2 2 2 2 2 2 2 2 2 2 2 2 2 2 2 2 2 2 2 2 2 2 2 2 2 2 2 2 2 2 2 2 2 2 2 2 2 2 2 2 2
left_child=1 -1 3 -2 5 -4 17 13 9 10 11 12 18 -8 15 28 -10 -6 -9 20 44 22 -21 -22 25 26 42 40 29 -11 31 49 33 -19 -34 -35 38 -38 -26 -30 -28 -40 43 -18 -15 -16 -12 -48 -14 -20 -51 -39 53 56 55 59 -43 -58 -59 -54 -61 -62
right_child=2 -3 4 -5 6 -7 7 8 16 14 46 -13 48 19 45 -17 24 32 30 21 23 -23 -24 -25 36 -27 27 -29 39 -31 -32 -33 34 35 -36 -37 37 51 41 -41 -42 52 -44 -45 -46 -47 47 -49 -50 50 -52 -53 54 -55 -56 -57 57 58 -60 60 61 -63
leaf_value=-0.076496485510678169 -0.063834904672191245 -0.0092358835650732697 -0.036640754402325712 -0.004903051790794687 0.0060277001212160064 0.012993927230959336 -0.061096696201664358 -0.042466645263655282 -0.087280247807754577 -0.080263051542089653 0.016397458904073469 -0.040595999671512797 0.11130794319709227 -0.047640105715181111 -0.010121844802399176 0.45127576554434795 0.40365117065156852 -0.015735873315573717 0.11968166077666816 0.364542459106872 -0.020425198848485322 -0.0075110089757221971 0.083072360379600987 0.022380399242305334 -0.048250425147316971 -0.019439869103632896 -0.062914797902223485 -0.009675217649576873 0.049508067544529924 1.8436324070251981 -0.020390288776444946 0.01690265264332267 -0.076384543982576644 0.24157000001794163 0.054407664836010963 0.082696508312043046 -0.048375933349299481 0.024977663258588551 0.053446832311476324 0.69984037478049754 0.095299797449256221 -0.013037894332677564 0.18223224740495453 -0.046583486645831042 0.095960891730911088 0.061148508169411642 0.10922292056065575 -0.015568963832035208 0.024946624915078701 1.7826098917766422 0.070522274555048933 0.081680311302557915 -0.0076960847400930656 0.050080159374917249 -0.0021014826817789536 -0.018879200662057029 0.068672318472493443 0.010101783056600875 -0.01656063542075242 0.028776984834183172 -0.006916431741779209 0.022785571685822369
leaf_weight=338.63751843898109 92.029970635132486 118.56686476829299 172.09372144705048 159.37940438419173 1566.9898490908245 81.305052088253433 125.89987526526966 168.77935534491917 29.599268584199308 0.10838606979450371 55.724641796812648 166.23766029168473 17.761392246335163 215.0541334618174 28.058193221175316 2.7866905673872679 0.82152023710659605 18.781280472998333 12.092295059872409 3.5369334519491549 228.01763281703461 15.317772871640043 7.4082508097490063 164.43931256550422 67.665265940504469 111.27464024233996 6.8778614207913042 58.264405711921427 6.5285751955198066 0.12453145199833671 68.073612696101918 43.106323080060974 17.871244943929014 8.0421745097592048 26.495414650882594 53.020014817535412 55.914819762896514 249.78467867011204 49.350975593461044 0.37792398428064178 40.820109925873112 3651.4251907806965 31.99002274270606 5.1032393248133303 6.5457916713494333 240.31367113359011 49.741448531509377 14.015819062478839 269.42391220966965 0.34347305560368191 1.4305392971473336 44.346051585511304 342.67138221762434 267.5684664655937 14687.767709287607 433.92119479215762 148.3075401456008 1158.5760391101321 866.1183571105903 1474.7289779653875 580.36365228489376 761.82179934874875
leaf_count=5592406 1101056 217128 7492 361972 64621 3268 319276 147861 9758 454 53622 24036 507 38228 4883 53 288 7551 3659 99 56898 343 381 9492 3003 48736 17417 7458 6390 18 5836 23020 11655 277 1913 2516 1287 26928 7065 279 1092 567632 1509 3464 161 6997 632 204 11074 208 559 27231 20354 12654 588597 26255 5767 17794 83520 88569 57117 8574
internal_value=-0.000772478 -0.0590538 0.000139062 -0.0264754 0.000369943 -0.0207151 0.000555929 1.54188e-05 0.000643825 0.0164961 0.00278232 -0.00497414 0.00521792 -0.0215297 0.0592063 0.208154 -7.86127e-05 0.00919678 -0.0192854 -0.01375 -0.0172527 0.0681466 0.174029 -0.00248967 2.42387e-05 0.0260787 0.0612829 0.0273088 0.113258 0.948365 0.0120032 0.0507086 0.0491767 0.075545 0.00172352 0.103621 -0.000243385 0.0204439 -0.000539073 0.0850943 0.0724859 -0.000406884 0.156232 0.0158455 -0.0433983 0.0536972 0.0512918 0.0817898 0.0302878 0.155801 0.402006 0.0335267 -0.000515927 -0.00437659 0.000770589 0.0125096 -0.00687828 0.00347208 -0.0013038 0.0168204 0.0198028 0.00994237
internal_weight=29689.5 457.204 29232.3 251.409 28980.9 253.399 28727.5 27036.3 26270.1 1145.03 866.73 747.249 581.011 766.22 278.298 9.92611 25125.1 1691.2 293.826 640.32 614.057 26.263 10.9452 392.457 25095.5 255.152 143.877 105.962 7.13942 0.232918 125.046 56.9726 124.21 79.8435 44.3667 61.0622 24840.3 350.046 24490.3 6.9065 47.698 24422.6 37.9148 5.92476 221.6 268.372 119.482 63.7573 287.185 13.8663 1.77401 294.131 24373.3 6092 18281.3 3593.51 5824.43 2173 2024.69 3159.59 2816.91 1342.19
internal_count=9719094 5809534 3909560 1463028 2446532 10760 2435772 2347239 1922361 290292 271218 216760 192724 424878 19074 7194 1632069 88533 181143 105602 104779 823 480 66390 1622311 79964 31228 25967 7141 472 33282 27446 23912 10344 13568 2793 1542347 55446 1486901 6669 18509 1483898 5261 3752 38389 11880 54458 836 11581 4426 767 54159 1476833 687367 789466 200869 674713 107081 101314 174614 154260 65691
is_linear=0
shrinkage=0.08


Tree=92
num_leaves=63
num_cat=0
split_feature=17 10 12 0 0 11 15 11 9 1 11 17 10 9 11 9 11 9 16 10 0 0 9 11 1 14 0 9 9 17 0 9 1 0 11 9 11 0 1 16 10 12 3 9 14 9 14 9 11 11 11 15 1 9 1 10 16 15 9 11 15 14
split_gain=202.575 37.858 30.7944 25.7431 21.3271 19.733 29.7947 68.8745 52.5332 73.6023 59.4648 51.4018 51.1447 38.1084 33.396 31.9557 30.5273 25.4104 28.613 29.4611 24.2752 23.7517 20.326 20.0117 25.0699 23.5456 20.0826 59.6316 19.7639 19.138 29.2488 18.9228 18.863 24.6712 19.3872 18.4588 18.4094 72.3097 37.8833 73.4854 54.8062 47.1179 47.1716 44.7952 40.3226 38.7731 36.8619 36.2054 35.3301 32.6297 30.0964 29.579 29.0652 36.6428 27.7616 27.6562 27.3315 26.3322 26.2209 23.2347 23.2006 32.0144
threshold=0.59648612141609203 0.44389708340168005 1.0000000180025095e-35 0.061489565297961242 0.78524649143219005 0.12632978707551959 1.5000000000000002 0.37884435057640081 0.49089704453945165 0.25163441896438604 0.57735043764114391 0.99999865889549266 0.87762442231178295 0.3034138977527619 0.55625879764556896 0.99350652098655712 0.42644809186458593 0.53889366984367382 8.5000000000000018 0.9573054611682893 0.40584112703800207 0.46983370184898382 0.11882352828979494 0.4246212244033814 0.11572565138339998 3.5000000000000004 0.097047649323940291 0.77015757560729992 0.11882352828979494 0.94250217080116283 0.55393069982528698 0.27812939882278448 0.034521980211138732 0.64604702591896068 0.53144779801368724 0.45867484807968145 0.91024166345596325 0.86439567804336559 0.82482829689979564 9.5000000000000018 0.63839775323867809 1.0000000180025095e-35 1.0000000180025095e-35 0.95803993940353405 3.5000000000000004 0.9807620942592622 4.5000000000000009 0.96922346949577343 0.97999200224876415 0.93788582086563121 0.93788582086563121 5.5000000000000009 0.99999997019767772 0.92031747102737438 0.91870170831680309 0.872827708721161 3.5000000000000004 4.5000000000000009 0.93643951416015636 0.96824595332145702 4.5000000000000009 4.5000000000000009
decision_type=2 2 2 2 2 2 2 2 2 2 2 2 2 2 2 2 2 2 2 2 2 2 2 2 2 2 2 2 2 2 2 2 2 2 2 2 2 2 2 2 2 2 2 2 2 2 2 2 2 2 2 2 2 2 2 2 2 2 2 2 2 2
left_child=-1 2 4 -3 -2 22 14 12 9 10 13 35 -8 -9 28 -16 -15 18 -14 -20 -21 -17 -5 24 25 -10 27 -26 29 30 -7 -22 33 34 -18 -12 -25 38 39 40 45 42 46 57 55 56 59 -46 49 54 51 -39 -48 -54 58 -42 -38 -41 -44 -40 61 -56
right_child=1 3 -4 5 -6 6 7 8 23 -11 11 -13 17 16 15 21 32 -19 19 20 31 -23 -24 36 26 -27 -28 -29 -30 -31 -32 -33 -34 -35 -36 -37 37 50 41 43 44 -43 48 -45 47 -47 52 -49 -50 -51 -52 -53 53 -55 60 -57 -58 -59 -60 -61 -62 -63
leaf_value=-0.072867814982985557 -0.04690677944713359 -0.026814503510758793 0.037125550755792644 -0.037548246480842463 0.84543005758606371 0.075700054937136829 -0.069139578370376417 0.072957577012330729 0.14012183685898227 0.068361227847346218 0.37622560777819192 0.046358383049003693 -0.03882497193122661 -0.040621553494402204 0.098765539474263378 -0.076664893587929731 -0.019625062943006845 0.063194169487800642 -0.047531394089041328 0.11673462987186707 0.026372507047512529 0.055205641966136317 0.010952858403414535 -0.0015099696172283991 0.43884918958400049 0.0024545965291536509 -0.0011890423779991593 6.0874758233371544 0.006083393982312754 0.041256320388249723 0.53999965154574536 -0.015438108784559375 -0.02510969969266048 0.032580541920717583 0.038555066371932838 0.11223095755714703 0.69953782976950152 0.032356183350243699 0.038332556914477026 -0.0014611134494347433 0.052533324241621902 0.033498111700453352 -0.097113088311442761 -0.038721126325099879 0.053428003461085574 -0.011777186519039879 -0.0077955536807924755 -0.0022828021712939742 -0.0027907593890264897 -0.057839666481356487 0.066367623405043985 -0.049369549336286955 -0.46878822903504819 -0.08363236702803295 -0.0036801837548399684 -0.014508231923921066 0.15865398468864261 0.063675369255552713 -0.02145758950407806 -0.033923505572348141 -0.041765489265297766 0.11543047139821772
leaf_weight=249.93826802917465 187.75808930887479 232.27973994320928 33.537854170229821 174.76973690998011 0.17157355444214673 2.7499028062202333 132.9500580275344 42.300473643626901 22.160140463802236 158.00151274979544 4.1679245095256183 122.85194107066491 249.87802421105152 126.77877526207885 51.718907709522682 14.912539791065681 169.69707021255545 25.760373682976933 77.978905827370909 12.530064065154873 123.55919722472026 21.123343061502965 80.898353219098226 21751.777093971708 0.15359075770720565 12.400421490661754 48.954531830084306 0.012971250347618479 1549.6559219810515 53.129243807692546 1.2690869130892677 157.69277943069756 117.18454793197725 187.58765732495158 46.755599175605312 2.8570542858378758 0.61122755098358794 178.79984158347361 235.54586013430344 236.26115399363925 48.78200781407395 169.10981556915249 50.19495492142596 218.03753998055799 294.76577720140449 10.187925351267038 75.495249010524276 99.980599695862111 533.94764619005218 195.65676037601588 148.24249154009158 33.682192741311155 1.7656510355227517 15.105426471182 271.52807996865704 204.34107026457787 27.441930634380697 47.748524020173136 70.495030552781827 32.399630240304759 102.02113873840972 15.253183857801558
leaf_count=4770320 1606675 331106 15835 9692 7 651 409960 11354 3637 26390 409 1797 57019 110607 2721 14672 95441 1121 54394 2105 5276 1726 4204 1808809 1100 10358 27707 185 88487 733 61 12063 19670 4763 6386 1038 75 12615 10064 12435 555 13924 2098 7698 5898 1771 1514 1491 43617 3247 52719 720 78 1819 11043 3564 5260 1881 1722 3195 1472 233
internal_value=-0.00115064 -0.000539187 -0.0334901 -0.000288359 -0.0460921 -7.48756e-05 0.000122884 -0.000524992 0.000174395 0.0183635 0.00873188 0.0583933 -0.0239449 -0.000611647 0.0104118 0.0584687 -0.00541411 -0.0146637 -0.0178901 -0.00381876 0.00778393 0.000634352 -0.0222016 -0.000532973 0.0385235 0.0907265 0.00179467 0.878744 0.00778723 0.0539893 0.222313 0.00293007 0.00314948 0.0113455 -0.00705767 0.268859 -0.000663345 0.00488787 0.000762381 0.0118103 0.0288291 -0.00666001 -0.010906 -0.011448 0.0233358 0.121894 0.0145719 0.0393177 -0.0183147 -0.0300695 0.0387024 0.0194012 -0.02901 -0.123941 -0.0194052 -0.00158795 0.170439 0.00948982 -0.0529227 0.0295954 -0.00900085 0.00265502
internal_weight=29565.3 29315.4 221.468 29093.9 187.93 28861.6 28606 26911.4 26131 978.183 820.181 129.877 780.349 690.304 1694.56 87.7548 648.004 647.399 621.639 371.761 293.782 36.0359 255.668 25152.9 83.6817 34.5606 49.1211 0.166562 1606.8 57.1482 4.01899 281.252 521.225 404.04 216.453 7.02498 25069.2 3317.4 2956.68 1188.16 686.111 1768.52 1599.41 502.047 647.869 38.2411 360.312 394.746 1239.1 705.149 360.725 212.482 92.3663 16.8711 509.492 253.123 28.0532 284.01 120.69 267.945 388.802 286.781
internal_count=9719187 4948867 1622517 3326350 1606682 2995244 2981348 2872297 2330359 277855 251465 3244 541938 248221 109051 19119 236867 131978 130857 73838 19444 16398 13896 2052504 42987 13995 28992 1285 89932 1445 712 17339 126260 106590 101827 1447 2009517 200708 134654 40628 18614 94026 80102 22014 11508 7106 16670 7389 63432 19815 66054 13335 3411 1897 16568 4119 5335 14316 3820 13259 12748 11276
is_linear=0
shrinkage=0.08


end of trees

feature_importances:
name_ratio=920
name_tsr=800
addr_tsr=689
char_cos=592
name_ntok_g=587
word_cos=417
name_ntok_s1=390
addr_ntok_g=381
g_best_ratio=289
house_conflict=138
house_eq=135
f_exact=105
n_key_legs=81
f_char=79
g_rank=68
f_bidir=60
f_addr=23
f_word=11
f_pin=1

parameters:
[boosting: gbdt]
[objective: binary]
[metric: binary_logloss]
[tree_learner: serial]
[device_type: cpu]
[data_sample_strategy: bagging]
[data: ]
[valid: ]
[num_iterations: 600]
[learning_rate: 0.08]
[num_leaves: 63]
[num_threads: -1]
[seed: 42]
[deterministic: 0]
[force_col_wise: 0]
[force_row_wise: 0]
[histogram_pool_size: -1]
[max_depth: -1]
[min_data_in_leaf: 100]
[min_sum_hessian_in_leaf: 0.001]
[bagging_fraction: 0.8]
[pos_bagging_fraction: 1]
[neg_bagging_fraction: 1]
[bagging_freq: 1]
[bagging_seed: 400]
[bagging_by_query: 0]
[feature_fraction: 0.9]
[feature_fraction_bynode: 1]
[feature_fraction_seed: 30056]
[extra_trees: 0]
[extra_seed: 12879]
[early_stopping_round: 0]
[early_stopping_min_delta: 0]
[first_metric_only: 0]
[max_delta_step: 0]
[lambda_l1: 0]
[lambda_l2: 0]
[linear_lambda: 0]
[min_gain_to_split: 0]
[drop_rate: 0.1]
[max_drop: 50]
[skip_drop: 0.5]
[xgboost_dart_mode: 0]
[uniform_drop: 0]
[drop_seed: 17869]
[top_rate: 0.2]
[other_rate: 0.1]
[min_data_per_group: 100]
[max_cat_threshold: 32]
[cat_l2: 10]
[cat_smooth: 10]
[max_cat_to_onehot: 4]
[top_k: 20]
[monotone_constraints: ]
[monotone_constraints_method: basic]
[monotone_penalty: 0]
[feature_contri: ]
[forcedsplits_filename: ]
[refit_decay_rate: 0.9]
[cegb_tradeoff: 1]
[cegb_penalty_split: 0]
[cegb_penalty_feature_lazy: ]
[cegb_penalty_feature_coupled: ]
[path_smooth: 0]
[interaction_constraints: ]
[verbosity: -1]
[saved_feature_importance_type: 0]
[use_quantized_grad: 0]
[num_grad_quant_bins: 4]
[quant_train_renew_leaf: 0]
[stochastic_rounding: 1]
[linear_tree: 0]
[max_bin: 255]
[max_bin_by_feature: ]
[min_data_in_bin: 3]
[bin_construct_sample_cnt: 200000]
[data_random_seed: 175]
[is_enable_sparse: 1]
[enable_bundle: 1]
[use_missing: 1]
[zero_as_missing: 0]
[feature_pre_filter: 1]
[pre_partition: 0]
[two_round: 0]
[header: 0]
[label_column: ]
[weight_column: ]
[group_column: ]
[ignore_column: ]
[categorical_feature: ]
[forcedbins_filename: ]
[precise_float_parser: 0]
[parser_config_file: ]
[objective_seed: 16083]
[num_class: 1]
[is_unbalance: 0]
[scale_pos_weight: 1]
[sigmoid: 1]
[boost_from_average: 1]
[reg_sqrt: 0]
[alpha: 0.9]
[fair_c: 1]
[poisson_max_delta_step: 0.7]
[tweedie_variance_power: 1.5]
[lambdarank_truncation_level: 30]
[lambdarank_norm: 1]
[label_gain: ]
[lambdarank_position_bias_regularization: 0]
[eval_at: ]
[multi_error_top_k: 1]
[auc_mu_weights: ]
[num_machines: 1]
[local_listen_port: 12400]
[time_out: 120]
[machine_list_filename: ]
[machines: ]
[gpu_platform_id: -1]
[gpu_device_id: -1]
[gpu_device_id_list: ]
[gpu_use_dp: 0]
[num_gpu: 1]

end of parameters

pandas_categorical:null
